[2026-08-23 19:24:06] local.ERROR: The /home/rgusomuk/posbillingwala.com/adminpanel/bootstrap/cache directory must be present and writable. {"exception":"[object] (Exception(code: 0): The /home/rgusomuk/posbillingwala.com/adminpanel/bootstrap/cache directory must be present and writable. at /home/rgusomuk/posbillingwala.com/adminpanel/vendor/laravel/framework/src/Illuminate/Foundation/PackageManifest.php:178)
[stacktrace]
#0 /home/rgusomuk/posbillingwala.com/adminpanel/vendor/laravel/framework/src/Illuminate/Foundation/PackageManifest.php(131): Illuminate\\Foundation\\PackageManifest->write(Array)
#1 /home/rgusomuk/posbillingwala.com/adminpanel/vendor/laravel/framework/src/Illuminate/Foundation/PackageManifest.php(107): Illuminate\\Foundation\\PackageManifest->build()
#2 /home/rgusomuk/posbillingwala.com/adminpanel/vendor/laravel/framework/src/Illuminate/Foundation/PackageManifest.php(90): Illuminate\\Foundation\\PackageManifest->getManifest()
#3 /home/rgusomuk/posbillingwala.com/adminpanel/vendor/laravel/framework/src/Illuminate/Foundation/PackageManifest.php(79): Illuminate\\Foundation\\PackageManifest->config('aliases')
#4 /home/rgusomuk/posbillingwala.com/adminpanel/vendor/laravel/framework/src/Illuminate/Foundation/Bootstrap/RegisterFacades.php(26): Illuminate\\Foundation\\PackageManifest->aliases()
#5 /home/rgusomuk/posbillingwala.com/adminpanel/vendor/laravel/framework/src/Illuminate/Foundation/Application.php(242): Illuminate\\Foundation\\Bootstrap\\RegisterFacades->bootstrap(Object(Illuminate\\Foundation\\Application))
#6 /home/rgusomuk/posbillingwala.com/adminpanel/vendor/laravel/framework/src/Illuminate/Foundation/Http/Kernel.php(176): Illuminate\\Foundation\\Application->bootstrapWith(Array)
#7 /home/rgusomuk/posbillingwala.com/adminpanel/vendor/laravel/framework/src/Illuminate/Foundation/Http/Kernel.php(160): Illuminate\\Foundation\\Http\\Kernel->bootstrap()
#8 /home/rgusomuk/posbillingwala.com/adminpanel/vendor/laravel/framework/src/Illuminate/Foundation/Http/Kernel.php(134): Illuminate\\Foundation\\Http\\Kernel->sendRequestThroughRouter(Object(Illuminate\\Http\\Request))
#9 /home/rgusomuk/posbillingwala.com/adminpanel/public/index.php(51): Illuminate\\Foundation\\Http\\Kernel->handle(Object(Illuminate\\Http\\Request))
#10 /home/rgusomuk/posbillingwala.com/adminpanel/index.php(21): require_once('/home/rgusomuk/...')
#11 {main}
"} 
[2026-08-23 19:24:06] local.ERROR: Target class [view] does not exist. {"exception":"[object] (Illuminate\\Contracts\\Container\\BindingResolutionException(code: 0): Target class [view] does not exist. at /home/rgusomuk/posbillingwala.com/adminpanel/vendor/laravel/framework/src/Illuminate/Container/Container.php:891)
[stacktrace]
#0 /home/rgusomuk/posbillingwala.com/adminpanel/vendor/laravel/framework/src/Illuminate/Container/Container.php(770): Illuminate\\Container\\Container->build('view')
#1 /home/rgusomuk/posbillingwala.com/adminpanel/vendor/laravel/framework/src/Illuminate/Foundation/Application.php(856): Illuminate\\Container\\Container->resolve('view', Array, true)
#2 /home/rgusomuk/posbillingwala.com/adminpanel/vendor/laravel/framework/src/Illuminate/Container/Container.php(706): Illuminate\\Foundation\\Application->resolve('view', Array)
#3 /home/rgusomuk/posbillingwala.com/adminpanel/vendor/laravel/framework/src/Illuminate/Foundation/Application.php(841): Illuminate\\Container\\Container->make('view', Array)
#4 /home/rgusomuk/posbillingwala.com/adminpanel/vendor/laravel/framework/src/Illuminate/Container/Container.php(1431): Illuminate\\Foundation\\Application->make('view')
#5 /home/rgusomuk/posbillingwala.com/adminpanel/vendor/laravel/framework/src/Illuminate/Support/Facades/Facade.php(222): Illuminate\\Container\\Container->offsetGet('view')
#6 /home/rgusomuk/posbillingwala.com/adminpanel/vendor/laravel/framework/src/Illuminate/Support/Facades/Facade.php(193): Illuminate\\Support\\Facades\\Facade::resolveFacadeInstance('view')
#7 /home/rgusomuk/posbillingwala.com/adminpanel/vendor/laravel/framework/src/Illuminate/Support/Facades/Facade.php(332): Illuminate\\Support\\Facades\\Facade::getFacadeRoot()
#8 /home/rgusomuk/posbillingwala.com/adminpanel/vendor/laravel/framework/src/Illuminate/Foundation/Exceptions/RegisterErrorViewPaths.php(16): Illuminate\\Support\\Facades\\Facade::__callStatic('replaceNamespac...', Array)
#9 /home/rgusomuk/posbillingwala.com/adminpanel/vendor/laravel/framework/src/Illuminate/Foundation/Exceptions/Handler.php(642): Illuminate\\Foundation\\Exceptions\\RegisterErrorViewPaths->__invoke()
#10 /home/rgusomuk/posbillingwala.com/adminpanel/vendor/laravel/framework/src/Illuminate/Foundation/Exceptions/Handler.php(623): Illuminate\\Foundation\\Exceptions\\Handler->registerErrorViewPaths()
#11 /home/rgusomuk/posbillingwala.com/adminpanel/vendor/laravel/framework/src/Illuminate/Foundation/Exceptions/Handler.php(554): Illuminate\\Foundation\\Exceptions\\Handler->renderHttpException(Object(Symfony\\Component\\HttpKernel\\Exception\\HttpException))
#12 /home/rgusomuk/posbillingwala.com/adminpanel/vendor/laravel/framework/src/Illuminate/Foundation/Exceptions/Handler.php(460): Illuminate\\Foundation\\Exceptions\\Handler->prepareResponse(Object(Illuminate\\Http\\Request), Object(Symfony\\Component\\HttpKernel\\Exception\\HttpException))
#13 /home/rgusomuk/posbillingwala.com/adminpanel/vendor/laravel/framework/src/Illuminate/Foundation/Exceptions/Handler.php(377): Illuminate\\Foundation\\Exceptions\\Handler->renderExceptionResponse(Object(Illuminate\\Http\\Request), Object(Exception))
#14 /home/rgusomuk/posbillingwala.com/adminpanel/vendor/laravel/framework/src/Illuminate/Foundation/Http/Kernel.php(493): Illuminate\\Foundation\\Exceptions\\Handler->render(Object(Illuminate\\Http\\Request), Object(Exception))
#15 /home/rgusomuk/posbillingwala.com/adminpanel/vendor/laravel/framework/src/Illuminate/Foundation/Http/Kernel.php(138): Illuminate\\Foundation\\Http\\Kernel->renderException(Object(Illuminate\\Http\\Request), Object(Exception))
#16 /home/rgusomuk/posbillingwala.com/adminpanel/public/index.php(51): Illuminate\\Foundation\\Http\\Kernel->handle(Object(Illuminate\\Http\\Request))
#17 /home/rgusomuk/posbillingwala.com/adminpanel/index.php(21): require_once('/home/rgusomuk/...')
#18 {main}

[previous exception] [object] (ReflectionException(code: -1): Class \"view\" does not exist at /home/rgusomuk/posbillingwala.com/adminpanel/vendor/laravel/framework/src/Illuminate/Container/Container.php:889)
[stacktrace]
#0 /home/rgusomuk/posbillingwala.com/adminpanel/vendor/laravel/framework/src/Illuminate/Container/Container.php(889): ReflectionClass->__construct('view')
#1 /home/rgusomuk/posbillingwala.com/adminpanel/vendor/laravel/framework/src/Illuminate/Container/Container.php(770): Illuminate\\Container\\Container->build('view')
#2 /home/rgusomuk/posbillingwala.com/adminpanel/vendor/laravel/framework/src/Illuminate/Foundation/Application.php(856): Illuminate\\Container\\Container->resolve('view', Array, true)
#3 /home/rgusomuk/posbillingwala.com/adminpanel/vendor/laravel/framework/src/Illuminate/Container/Container.php(706): Illuminate\\Foundation\\Application->resolve('view', Array)
#4 /home/rgusomuk/posbillingwala.com/adminpanel/vendor/laravel/framework/src/Illuminate/Foundation/Application.php(841): Illuminate\\Container\\Container->make('view', Array)
#5 /home/rgusomuk/posbillingwala.com/adminpanel/vendor/laravel/framework/src/Illuminate/Container/Container.php(1431): Illuminate\\Foundation\\Application->make('view')
#6 /home/rgusomuk/posbillingwala.com/adminpanel/vendor/laravel/framework/src/Illuminate/Support/Facades/Facade.php(222): Illuminate\\Container\\Container->offsetGet('view')
#7 /home/rgusomuk/posbillingwala.com/adminpanel/vendor/laravel/framework/src/Illuminate/Support/Facades/Facade.php(193): Illuminate\\Support\\Facades\\Facade::resolveFacadeInstance('view')
#8 /home/rgusomuk/posbillingwala.com/adminpanel/vendor/laravel/framework/src/Illuminate/Support/Facades/Facade.php(332): Illuminate\\Support\\Facades\\Facade::getFacadeRoot()
#9 /home/rgusomuk/posbillingwala.com/adminpanel/vendor/laravel/framework/src/Illuminate/Foundation/Exceptions/RegisterErrorViewPaths.php(16): Illuminate\\Support\\Facades\\Facade::__callStatic('replaceNamespac...', Array)
#10 /home/rgusomuk/posbillingwala.com/adminpanel/vendor/laravel/framework/src/Illuminate/Foundation/Exceptions/Handler.php(642): Illuminate\\Foundation\\Exceptions\\RegisterErrorViewPaths->__invoke()
#11 /home/rgusomuk/posbillingwala.com/adminpanel/vendor/laravel/framework/src/Illuminate/Foundation/Exceptions/Handler.php(623): Illuminate\\Foundation\\Exceptions\\Handler->registerErrorViewPaths()
#12 /home/rgusomuk/posbillingwala.com/adminpanel/vendor/laravel/framework/src/Illuminate/Foundation/Exceptions/Handler.php(554): Illuminate\\Foundation\\Exceptions\\Handler->renderHttpException(Object(Symfony\\Component\\HttpKernel\\Exception\\HttpException))
#13 /home/rgusomuk/posbillingwala.com/adminpanel/vendor/laravel/framework/src/Illuminate/Foundation/Exceptions/Handler.php(460): Illuminate\\Foundation\\Exceptions\\Handler->prepareResponse(Object(Illuminate\\Http\\Request), Object(Symfony\\Component\\HttpKernel\\Exception\\HttpException))
#14 /home/rgusomuk/posbillingwala.com/adminpanel/vendor/laravel/framework/src/Illuminate/Foundation/Exceptions/Handler.php(377): Illuminate\\Foundation\\Exceptions\\Handler->renderExceptionResponse(Object(Illuminate\\Http\\Request), Object(Exception))
#15 /home/rgusomuk/posbillingwala.com/adminpanel/vendor/laravel/framework/src/Illuminate/Foundation/Http/Kernel.php(493): Illuminate\\Foundation\\Exceptions\\Handler->render(Object(Illuminate\\Http\\Request), Object(Exception))
#16 /home/rgusomuk/posbillingwala.com/adminpanel/vendor/laravel/framework/src/Illuminate/Foundation/Http/Kernel.php(138): Illuminate\\Foundation\\Http\\Kernel->renderException(Object(Illuminate\\Http\\Request), Object(Exception))
#17 /home/rgusomuk/posbillingwala.com/adminpanel/public/index.php(51): Illuminate\\Foundation\\Http\\Kernel->handle(Object(Illuminate\\Http\\Request))
#18 /home/rgusomuk/posbillingwala.com/adminpanel/index.php(21): require_once('/home/rgusomuk/...')
#19 {main}
"} 
[2026-08-23 19:24:06] local.ERROR: Uncaught ReflectionException: Class "view" does not exist in /home/rgusomuk/posbillingwala.com/adminpanel/vendor/laravel/framework/src/Illuminate/Container/Container.php:889
Stack trace:
#0 /home/rgusomuk/posbillingwala.com/adminpanel/vendor/laravel/framework/src/Illuminate/Container/Container.php(889): ReflectionClass->__construct('view')
#1 /home/rgusomuk/posbillingwala.com/adminpanel/vendor/laravel/framework/src/Illuminate/Container/Container.php(770): Illuminate\Container\Container->build('view')
#2 /home/rgusomuk/posbillingwala.com/adminpanel/vendor/laravel/framework/src/Illuminate/Foundation/Application.php(856): Illuminate\Container\Container->resolve('view', Array, true)
#3 /home/rgusomuk/posbillingwala.com/adminpanel/vendor/laravel/framework/src/Illuminate/Container/Container.php(706): Illuminate\Foundation\Application->resolve('view', Array)
#4 /home/rgusomuk/posbillingwala.com/adminpanel/vendor/laravel/framework/src/Illuminate/Foundation/Application.php(841): Illuminate\Container\Container->make('view', Array)
#5 /home/rgusomuk/posbillingwala.com/adminpanel/vendor/laravel/framework/src/Illuminate/Container/Container.php(1431): Illuminate\Foundation\Application->make('view')
#6 /home/rgusomuk/posbillingwala.com/adminpanel/vendor/laravel/framework/src/Illuminate/Support/Facades/Facade.php(222): Illuminate\Container\Container->offsetGet('view')
#7 /home/rgusomuk/posbillingwala.com/adminpanel/vendor/laravel/framework/src/Illuminate/Support/Facades/Facade.php(193): Illuminate\Support\Facades\Facade::resolveFacadeInstance('view')
#8 /home/rgusomuk/posbillingwala.com/adminpanel/vendor/laravel/framework/src/Illuminate/Support/Facades/Facade.php(332): Illuminate\Support\Facades\Facade::getFacadeRoot()
#9 /home/rgusomuk/posbillingwala.com/adminpanel/vendor/laravel/framework/src/Illuminate/Foundation/Exceptions/RegisterErrorViewPaths.php(16): Illuminate\Support\Facades\Facade::__callStatic('replaceNamespac...', Array)
#10 /home/rgusomuk/posbillingwala.com/adminpanel/vendor/laravel/framework/src/Illuminate/Foundation/Exceptions/Handler.php(642): Illuminate\Foundation\Exceptions\RegisterErrorViewPaths->__invoke()
#11 /home/rgusomuk/posbillingwala.com/adminpanel/vendor/laravel/framework/src/Illuminate/Foundation/Exceptions/Handler.php(623): Illuminate\Foundation\Exceptions\Handler->registerErrorViewPaths()
#12 /home/rgusomuk/posbillingwala.com/adminpanel/vendor/laravel/framework/src/Illuminate/Foundation/Exceptions/Handler.php(554): Illuminate\Foundation\Exceptions\Handler->renderHttpException(Object(Symfony\Component\HttpKernel\Exception\HttpException))
#13 /home/rgusomuk/posbillingwala.com/adminpanel/vendor/laravel/framework/src/Illuminate/Foundation/Exceptions/Handler.php(460): Illuminate\Foundation\Exceptions\Handler->prepareResponse(Object(Illuminate\Http\Request), Object(Symfony\Component\HttpKernel\Exception\HttpException))
#14 /home/rgusomuk/posbillingwala.com/adminpanel/vendor/laravel/framework/src/Illuminate/Foundation/Exceptions/Handler.php(377): Illuminate\Foundation\Exceptions\Handler->renderExceptionResponse(Object(Illuminate\Http\Request), Object(Illuminate\Contracts\Container\BindingResolutionException))
#15 /home/rgusomuk/posbillingwala.com/adminpanel/vendor/laravel/framework/src/Illuminate/Foundation/Bootstrap/HandleExceptions.php(229): Illuminate\Foundation\Exceptions\Handler->render(Object(Illuminate\Http\Request), Object(Illuminate\Contracts\Container\BindingResolutionException))
#16 /home/rgusomuk/posbillingwala.com/adminpanel/vendor/laravel/framework/src/Illuminate/Foundation/Bootstrap/HandleExceptions.php(206): Illuminate\Foundation\Bootstrap\HandleExceptions->renderHttpResponse(Object(Illuminate\Contracts\Container\BindingResolutionException))
#17 /home/rgusomuk/posbillingwala.com/adminpanel/vendor/laravel/framework/src/Illuminate/Foundation/Bootstrap/HandleExceptions.php(266): Illuminate\Foundation\Bootstrap\HandleExceptions->handleException(Object(Illuminate\Contracts\Container\BindingResolutionException))
#18 [internal function]: Illuminate\Foundation\Bootstrap\HandleExceptions->Illuminate\Foundation\Bootstrap\{closure}(Object(Illuminate\Contracts\Container\BindingResolutionException))
#19 {main}

Next Illuminate\Contracts\Container\BindingResolutionException: Target class [view] does not exist. in /home/rgusomuk/posbillingwala.com/adminpanel/vendor/laravel/framework/src/Illuminate/Container/Container.php:891
Stack trace:
#0 /home/rgusomuk/posbillingwala.com/adminpanel/vendor/laravel/framework/src/Illuminate/Container/Container.php(770): Illuminate\Container\Container->build('view')
#1 /home/rgusomuk/posbillingwala.com/adminpanel/vendor/laravel/framework/src/Illuminate/Foundation/Application.php(856): Illuminate\Container\Container->resolve('view', Array, true)
#2 /home/rgusomuk/posbillingwala.com/adminpanel/vendor/laravel/framework/src/Illuminate/Container/Container.php(706): Illuminate\Foundation\Application->resolve('view', Array)
#3 /home/rgusomuk/posbillingwala.com/adminpanel/vendor/laravel/framework/src/Illuminate/Foundation/Application.php(841): Illuminate\Container\Container->make('view', Array)
#4 /home/rgusomuk/posbillingwala.com/adminpanel/vendor/laravel/framework/src/Illuminate/Container/Container.php(1431): Illuminate\Foundation\Application->make('view')
#5 /home/rgusomuk/posbillingwala.com/adminpanel/vendor/laravel/framework/src/Illuminate/Support/Facades/Facade.php(222): Illuminate\Container\Container->offsetGet('view')
#6 /home/rgusomuk/posbillingwala.com/adminpanel/vendor/laravel/framework/src/Illuminate/Support/Facades/Facade.php(193): Illuminate\Support\Facades\Facade::resolveFacadeInstance('view')
#7 /home/rgusomuk/posbillingwala.com/adminpanel/vendor/laravel/framework/src/Illuminate/Support/Facades/Facade.php(332): Illuminate\Support\Facades\Facade::getFacadeRoot()
#8 /home/rgusomuk/posbillingwala.com/adminpanel/vendor/laravel/framework/src/Illuminate/Foundation/Exceptions/RegisterErrorViewPaths.php(16): Illuminate\Support\Facades\Facade::__callStatic('replaceNamespac...', Array)
#9 /home/rgusomuk/posbillingwala.com/adminpanel/vendor/laravel/framework/src/Illuminate/Foundation/Exceptions/Handler.php(642): Illuminate\Foundation\Exceptions\RegisterErrorViewPaths->__invoke()
#10 /home/rgusomuk/posbillingwala.com/adminpanel/vendor/laravel/framework/src/Illuminate/Foundation/Exceptions/Handler.php(623): Illuminate\Foundation\Exceptions\Handler->registerErrorViewPaths()
#11 /home/rgusomuk/posbillingwala.com/adminpanel/vendor/laravel/framework/src/Illuminate/Foundation/Exceptions/Handler.php(554): Illuminate\Foundation\Exceptions\Handler->renderHttpException(Object(Symfony\Component\HttpKernel\Exception\HttpException))
#12 /home/rgusomuk/posbillingwala.com/adminpanel/vendor/laravel/framework/src/Illuminate/Foundation/Exceptions/Handler.php(460): Illuminate\Foundation\Exceptions\Handler->prepareResponse(Object(Illuminate\Http\Request), Object(Symfony\Component\HttpKernel\Exception\HttpException))
#13 /home/rgusomuk/posbillingwala.com/adminpanel/vendor/laravel/framework/src/Illuminate/Foundation/Exceptions/Handler.php(377): Illuminate\Foundation\Exceptions\Handler->renderExceptionResponse(Object(Illuminate\Http\Request), Object(Illuminate\Contracts\Container\BindingResolutionException))
#14 /home/rgusomuk/posbillingwala.com/adminpanel/vendor/laravel/framework/src/Illuminate/Foundation/Bootstrap/HandleExceptions.php(229): Illuminate\Foundation\Exceptions\Handler->render(Object(Illuminate\Http\Request), Object(Illuminate\Contracts\Container\BindingResolutionException))
#15 /home/rgusomuk/posbillingwala.com/adminpanel/vendor/laravel/framework/src/Illuminate/Foundation/Bootstrap/HandleExceptions.php(206): Illuminate\Foundation\Bootstrap\HandleExceptions->renderHttpResponse(Object(Illuminate\Contracts\Container\BindingResolutionException))
#16 /home/rgusomuk/posbillingwala.com/adminpanel/vendor/laravel/framework/src/Illuminate/Foundation/Bootstrap/HandleExceptions.php(266): Illuminate\Foundation\Bootstrap\HandleExceptions->handleException(Object(Illuminate\Contracts\Container\BindingResolutionException))
#17 [internal function]: Illuminate\Foundation\Bootstrap\HandleExceptions->Illuminate\Foundation\Bootstrap\{closure}(Object(Illuminate\Contracts\Container\BindingResolutionException))
#18 {main}
  thrown {"exception":"[object] (Symfony\\Component\\ErrorHandler\\Error\\FatalError(code: 0): Uncaught ReflectionException: Class \"view\" does not exist in /home/rgusomuk/posbillingwala.com/adminpanel/vendor/laravel/framework/src/Illuminate/Container/Container.php:889
Stack trace:
#0 /home/rgusomuk/posbillingwala.com/adminpanel/vendor/laravel/framework/src/Illuminate/Container/Container.php(889): ReflectionClass->__construct('view')
#1 /home/rgusomuk/posbillingwala.com/adminpanel/vendor/laravel/framework/src/Illuminate/Container/Container.php(770): Illuminate\\Container\\Container->build('view')
#2 /home/rgusomuk/posbillingwala.com/adminpanel/vendor/laravel/framework/src/Illuminate/Foundation/Application.php(856): Illuminate\\Container\\Container->resolve('view', Array, true)
#3 /home/rgusomuk/posbillingwala.com/adminpanel/vendor/laravel/framework/src/Illuminate/Container/Container.php(706): Illuminate\\Foundation\\Application->resolve('view', Array)
#4 /home/rgusomuk/posbillingwala.com/adminpanel/vendor/laravel/framework/src/Illuminate/Foundation/Application.php(841): Illuminate\\Container\\Container->make('view', Array)
#5 /home/rgusomuk/posbillingwala.com/adminpanel/vendor/laravel/framework/src/Illuminate/Container/Container.php(1431): Illuminate\\Foundation\\Application->make('view')
#6 /home/rgusomuk/posbillingwala.com/adminpanel/vendor/laravel/framework/src/Illuminate/Support/Facades/Facade.php(222): Illuminate\\Container\\Container->offsetGet('view')
#7 /home/rgusomuk/posbillingwala.com/adminpanel/vendor/laravel/framework/src/Illuminate/Support/Facades/Facade.php(193): Illuminate\\Support\\Facades\\Facade::resolveFacadeInstance('view')
#8 /home/rgusomuk/posbillingwala.com/adminpanel/vendor/laravel/framework/src/Illuminate/Support/Facades/Facade.php(332): Illuminate\\Support\\Facades\\Facade::getFacadeRoot()
#9 /home/rgusomuk/posbillingwala.com/adminpanel/vendor/laravel/framework/src/Illuminate/Foundation/Exceptions/RegisterErrorViewPaths.php(16): Illuminate\\Support\\Facades\\Facade::__callStatic('replaceNamespac...', Array)
#10 /home/rgusomuk/posbillingwala.com/adminpanel/vendor/laravel/framework/src/Illuminate/Foundation/Exceptions/Handler.php(642): Illuminate\\Foundation\\Exceptions\\RegisterErrorViewPaths->__invoke()
#11 /home/rgusomuk/posbillingwala.com/adminpanel/vendor/laravel/framework/src/Illuminate/Foundation/Exceptions/Handler.php(623): Illuminate\\Foundation\\Exceptions\\Handler->registerErrorViewPaths()
#12 /home/rgusomuk/posbillingwala.com/adminpanel/vendor/laravel/framework/src/Illuminate/Foundation/Exceptions/Handler.php(554): Illuminate\\Foundation\\Exceptions\\Handler->renderHttpException(Object(Symfony\\Component\\HttpKernel\\Exception\\HttpException))
#13 /home/rgusomuk/posbillingwala.com/adminpanel/vendor/laravel/framework/src/Illuminate/Foundation/Exceptions/Handler.php(460): Illuminate\\Foundation\\Exceptions\\Handler->prepareResponse(Object(Illuminate\\Http\\Request), Object(Symfony\\Component\\HttpKernel\\Exception\\HttpException))
#14 /home/rgusomuk/posbillingwala.com/adminpanel/vendor/laravel/framework/src/Illuminate/Foundation/Exceptions/Handler.php(377): Illuminate\\Foundation\\Exceptions\\Handler->renderExceptionResponse(Object(Illuminate\\Http\\Request), Object(Illuminate\\Contracts\\Container\\BindingResolutionException))
#15 /home/rgusomuk/posbillingwala.com/adminpanel/vendor/laravel/framework/src/Illuminate/Foundation/Bootstrap/HandleExceptions.php(229): Illuminate\\Foundation\\Exceptions\\Handler->render(Object(Illuminate\\Http\\Request), Object(Illuminate\\Contracts\\Container\\BindingResolutionException))
#16 /home/rgusomuk/posbillingwala.com/adminpanel/vendor/laravel/framework/src/Illuminate/Foundation/Bootstrap/HandleExceptions.php(206): Illuminate\\Foundation\\Bootstrap\\HandleExceptions->renderHttpResponse(Object(Illuminate\\Contracts\\Container\\BindingResolutionException))
#17 /home/rgusomuk/posbillingwala.com/adminpanel/vendor/laravel/framework/src/Illuminate/Foundation/Bootstrap/HandleExceptions.php(266): Illuminate\\Foundation\\Bootstrap\\HandleExceptions->handleException(Object(Illuminate\\Contracts\\Container\\BindingResolutionException))
#18 [internal function]: Illuminate\\Foundation\\Bootstrap\\HandleExceptions->Illuminate\\Foundation\\Bootstrap\\{closure}(Object(Illuminate\\Contracts\\Container\\BindingResolutionException))
#19 {main}

Next Illuminate\\Contracts\\Container\\BindingResolutionException: Target class [view] does not exist. in /home/rgusomuk/posbillingwala.com/adminpanel/vendor/laravel/framework/src/Illuminate/Container/Container.php:891
Stack trace:
#0 /home/rgusomuk/posbillingwala.com/adminpanel/vendor/laravel/framework/src/Illuminate/Container/Container.php(770): Illuminate\\Container\\Container->build('view')
#1 /home/rgusomuk/posbillingwala.com/adminpanel/vendor/laravel/framework/src/Illuminate/Foundation/Application.php(856): Illuminate\\Container\\Container->resolve('view', Array, true)
#2 /home/rgusomuk/posbillingwala.com/adminpanel/vendor/laravel/framework/src/Illuminate/Container/Container.php(706): Illuminate\\Foundation\\Application->resolve('view', Array)
#3 /home/rgusomuk/posbillingwala.com/adminpanel/vendor/laravel/framework/src/Illuminate/Foundation/Application.php(841): Illuminate\\Container\\Container->make('view', Array)
#4 /home/rgusomuk/posbillingwala.com/adminpanel/vendor/laravel/framework/src/Illuminate/Container/Container.php(1431): Illuminate\\Foundation\\Application->make('view')
#5 /home/rgusomuk/posbillingwala.com/adminpanel/vendor/laravel/framework/src/Illuminate/Support/Facades/Facade.php(222): Illuminate\\Container\\Container->offsetGet('view')
#6 /home/rgusomuk/posbillingwala.com/adminpanel/vendor/laravel/framework/src/Illuminate/Support/Facades/Facade.php(193): Illuminate\\Support\\Facades\\Facade::resolveFacadeInstance('view')
#7 /home/rgusomuk/posbillingwala.com/adminpanel/vendor/laravel/framework/src/Illuminate/Support/Facades/Facade.php(332): Illuminate\\Support\\Facades\\Facade::getFacadeRoot()
#8 /home/rgusomuk/posbillingwala.com/adminpanel/vendor/laravel/framework/src/Illuminate/Foundation/Exceptions/RegisterErrorViewPaths.php(16): Illuminate\\Support\\Facades\\Facade::__callStatic('replaceNamespac...', Array)
#9 /home/rgusomuk/posbillingwala.com/adminpanel/vendor/laravel/framework/src/Illuminate/Foundation/Exceptions/Handler.php(642): Illuminate\\Foundation\\Exceptions\\RegisterErrorViewPaths->__invoke()
#10 /home/rgusomuk/posbillingwala.com/adminpanel/vendor/laravel/framework/src/Illuminate/Foundation/Exceptions/Handler.php(623): Illuminate\\Foundation\\Exceptions\\Handler->registerErrorViewPaths()
#11 /home/rgusomuk/posbillingwala.com/adminpanel/vendor/laravel/framework/src/Illuminate/Foundation/Exceptions/Handler.php(554): Illuminate\\Foundation\\Exceptions\\Handler->renderHttpException(Object(Symfony\\Component\\HttpKernel\\Exception\\HttpException))
#12 /home/rgusomuk/posbillingwala.com/adminpanel/vendor/laravel/framework/src/Illuminate/Foundation/Exceptions/Handler.php(460): Illuminate\\Foundation\\Exceptions\\Handler->prepareResponse(Object(Illuminate\\Http\\Request), Object(Symfony\\Component\\HttpKernel\\Exception\\HttpException))
#13 /home/rgusomuk/posbillingwala.com/adminpanel/vendor/laravel/framework/src/Illuminate/Foundation/Exceptions/Handler.php(377): Illuminate\\Foundation\\Exceptions\\Handler->renderExceptionResponse(Object(Illuminate\\Http\\Request), Object(Illuminate\\Contracts\\Container\\BindingResolutionException))
#14 /home/rgusomuk/posbillingwala.com/adminpanel/vendor/laravel/framework/src/Illuminate/Foundation/Bootstrap/HandleExceptions.php(229): Illuminate\\Foundation\\Exceptions\\Handler->render(Object(Illuminate\\Http\\Request), Object(Illuminate\\Contracts\\Container\\BindingResolutionException))
#15 /home/rgusomuk/posbillingwala.com/adminpanel/vendor/laravel/framework/src/Illuminate/Foundation/Bootstrap/HandleExceptions.php(206): Illuminate\\Foundation\\Bootstrap\\HandleExceptions->renderHttpResponse(Object(Illuminate\\Contracts\\Container\\BindingResolutionException))
#16 /home/rgusomuk/posbillingwala.com/adminpanel/vendor/laravel/framework/src/Illuminate/Foundation/Bootstrap/HandleExceptions.php(266): Illuminate\\Foundation\\Bootstrap\\HandleExceptions->handleException(Object(Illuminate\\Contracts\\Container\\BindingResolutionException))
#17 [internal function]: Illuminate\\Foundation\\Bootstrap\\HandleExceptions->Illuminate\\Foundation\\Bootstrap\\{closure}(Object(Illuminate\\Contracts\\Container\\BindingResolutionException))
#18 {main}
  thrown at /home/rgusomuk/posbillingwala.com/adminpanel/vendor/laravel/framework/src/Illuminate/Container/Container.php:891)
[stacktrace]
#0 {main}
"} 
[2026-08-23 19:24:07] local.ERROR: The /home/rgusomuk/posbillingwala.com/adminpanel/bootstrap/cache directory must be present and writable. {"exception":"[object] (Exception(code: 0): The /home/rgusomuk/posbillingwala.com/adminpanel/bootstrap/cache directory must be present and writable. at /home/rgusomuk/posbillingwala.com/adminpanel/vendor/laravel/framework/src/Illuminate/Foundation/PackageManifest.php:178)
[stacktrace]
#0 /home/rgusomuk/posbillingwala.com/adminpanel/vendor/laravel/framework/src/Illuminate/Foundation/PackageManifest.php(131): Illuminate\\Foundation\\PackageManifest->write(Array)
#1 /home/rgusomuk/posbillingwala.com/adminpanel/vendor/laravel/framework/src/Illuminate/Foundation/PackageManifest.php(107): Illuminate\\Foundation\\PackageManifest->build()
#2 /home/rgusomuk/posbillingwala.com/adminpanel/vendor/laravel/framework/src/Illuminate/Foundation/PackageManifest.php(90): Illuminate\\Foundation\\PackageManifest->getManifest()
#3 /home/rgusomuk/posbillingwala.com/adminpanel/vendor/laravel/framework/src/Illuminate/Foundation/PackageManifest.php(79): Illuminate\\Foundation\\PackageManifest->config('aliases')
#4 /home/rgusomuk/posbillingwala.com/adminpanel/vendor/laravel/framework/src/Illuminate/Foundation/Bootstrap/RegisterFacades.php(26): Illuminate\\Foundation\\PackageManifest->aliases()
#5 /home/rgusomuk/posbillingwala.com/adminpanel/vendor/laravel/framework/src/Illuminate/Foundation/Application.php(242): Illuminate\\Foundation\\Bootstrap\\RegisterFacades->bootstrap(Object(Illuminate\\Foundation\\Application))
#6 /home/rgusomuk/posbillingwala.com/adminpanel/vendor/laravel/framework/src/Illuminate/Foundation/Http/Kernel.php(176): Illuminate\\Foundation\\Application->bootstrapWith(Array)
#7 /home/rgusomuk/posbillingwala.com/adminpanel/vendor/laravel/framework/src/Illuminate/Foundation/Http/Kernel.php(160): Illuminate\\Foundation\\Http\\Kernel->bootstrap()
#8 /home/rgusomuk/posbillingwala.com/adminpanel/vendor/laravel/framework/src/Illuminate/Foundation/Http/Kernel.php(134): Illuminate\\Foundation\\Http\\Kernel->sendRequestThroughRouter(Object(Illuminate\\Http\\Request))
#9 /home/rgusomuk/posbillingwala.com/adminpanel/public/index.php(51): Illuminate\\Foundation\\Http\\Kernel->handle(Object(Illuminate\\Http\\Request))
#10 /home/rgusomuk/posbillingwala.com/adminpanel/index.php(21): require_once('/home/rgusomuk/...')
#11 {main}
"} 
[2026-08-23 19:24:07] local.ERROR: Target class [view] does not exist. {"exception":"[object] (Illuminate\\Contracts\\Container\\BindingResolutionException(code: 0): Target class [view] does not exist. at /home/rgusomuk/posbillingwala.com/adminpanel/vendor/laravel/framework/src/Illuminate/Container/Container.php:891)
[stacktrace]
#0 /home/rgusomuk/posbillingwala.com/adminpanel/vendor/laravel/framework/src/Illuminate/Container/Container.php(770): Illuminate\\Container\\Container->build('view')
#1 /home/rgusomuk/posbillingwala.com/adminpanel/vendor/laravel/framework/src/Illuminate/Foundation/Application.php(856): Illuminate\\Container\\Container->resolve('view', Array, true)
#2 /home/rgusomuk/posbillingwala.com/adminpanel/vendor/laravel/framework/src/Illuminate/Container/Container.php(706): Illuminate\\Foundation\\Application->resolve('view', Array)
#3 /home/rgusomuk/posbillingwala.com/adminpanel/vendor/laravel/framework/src/Illuminate/Foundation/Application.php(841): Illuminate\\Container\\Container->make('view', Array)
#4 /home/rgusomuk/posbillingwala.com/adminpanel/vendor/laravel/framework/src/Illuminate/Container/Container.php(1431): Illuminate\\Foundation\\Application->make('view')
#5 /home/rgusomuk/posbillingwala.com/adminpanel/vendor/laravel/framework/src/Illuminate/Support/Facades/Facade.php(222): Illuminate\\Container\\Container->offsetGet('view')
#6 /home/rgusomuk/posbillingwala.com/adminpanel/vendor/laravel/framework/src/Illuminate/Support/Facades/Facade.php(193): Illuminate\\Support\\Facades\\Facade::resolveFacadeInstance('view')
#7 /home/rgusomuk/posbillingwala.com/adminpanel/vendor/laravel/framework/src/Illuminate/Support/Facades/Facade.php(332): Illuminate\\Support\\Facades\\Facade::getFacadeRoot()
#8 /home/rgusomuk/posbillingwala.com/adminpanel/vendor/laravel/framework/src/Illuminate/Foundation/Exceptions/RegisterErrorViewPaths.php(16): Illuminate\\Support\\Facades\\Facade::__callStatic('replaceNamespac...', Array)
#9 /home/rgusomuk/posbillingwala.com/adminpanel/vendor/laravel/framework/src/Illuminate/Foundation/Exceptions/Handler.php(642): Illuminate\\Foundation\\Exceptions\\RegisterErrorViewPaths->__invoke()
#10 /home/rgusomuk/posbillingwala.com/adminpanel/vendor/laravel/framework/src/Illuminate/Foundation/Exceptions/Handler.php(623): Illuminate\\Foundation\\Exceptions\\Handler->registerErrorViewPaths()
#11 /home/rgusomuk/posbillingwala.com/adminpanel/vendor/laravel/framework/src/Illuminate/Foundation/Exceptions/Handler.php(554): Illuminate\\Foundation\\Exceptions\\Handler->renderHttpException(Object(Symfony\\Component\\HttpKernel\\Exception\\HttpException))
#12 /home/rgusomuk/posbillingwala.com/adminpanel/vendor/laravel/framework/src/Illuminate/Foundation/Exceptions/Handler.php(460): Illuminate\\Foundation\\Exceptions\\Handler->prepareResponse(Object(Illuminate\\Http\\Request), Object(Symfony\\Component\\HttpKernel\\Exception\\HttpException))
#13 /home/rgusomuk/posbillingwala.com/adminpanel/vendor/laravel/framework/src/Illuminate/Foundation/Exceptions/Handler.php(377): Illuminate\\Foundation\\Exceptions\\Handler->renderExceptionResponse(Object(Illuminate\\Http\\Request), Object(Exception))
#14 /home/rgusomuk/posbillingwala.com/adminpanel/vendor/laravel/framework/src/Illuminate/Foundation/Http/Kernel.php(493): Illuminate\\Foundation\\Exceptions\\Handler->render(Object(Illuminate\\Http\\Request), Object(Exception))
#15 /home/rgusomuk/posbillingwala.com/adminpanel/vendor/laravel/framework/src/Illuminate/Foundation/Http/Kernel.php(138): Illuminate\\Foundation\\Http\\Kernel->renderException(Object(Illuminate\\Http\\Request), Object(Exception))
#16 /home/rgusomuk/posbillingwala.com/adminpanel/public/index.php(51): Illuminate\\Foundation\\Http\\Kernel->handle(Object(Illuminate\\Http\\Request))
#17 /home/rgusomuk/posbillingwala.com/adminpanel/index.php(21): require_once('/home/rgusomuk/...')
#18 {main}

[previous exception] [object] (ReflectionException(code: -1): Class \"view\" does not exist at /home/rgusomuk/posbillingwala.com/adminpanel/vendor/laravel/framework/src/Illuminate/Container/Container.php:889)
[stacktrace]
#0 /home/rgusomuk/posbillingwala.com/adminpanel/vendor/laravel/framework/src/Illuminate/Container/Container.php(889): ReflectionClass->__construct('view')
#1 /home/rgusomuk/posbillingwala.com/adminpanel/vendor/laravel/framework/src/Illuminate/Container/Container.php(770): Illuminate\\Container\\Container->build('view')
#2 /home/rgusomuk/posbillingwala.com/adminpanel/vendor/laravel/framework/src/Illuminate/Foundation/Application.php(856): Illuminate\\Container\\Container->resolve('view', Array, true)
#3 /home/rgusomuk/posbillingwala.com/adminpanel/vendor/laravel/framework/src/Illuminate/Container/Container.php(706): Illuminate\\Foundation\\Application->resolve('view', Array)
#4 /home/rgusomuk/posbillingwala.com/adminpanel/vendor/laravel/framework/src/Illuminate/Foundation/Application.php(841): Illuminate\\Container\\Container->make('view', Array)
#5 /home/rgusomuk/posbillingwala.com/adminpanel/vendor/laravel/framework/src/Illuminate/Container/Container.php(1431): Illuminate\\Foundation\\Application->make('view')
#6 /home/rgusomuk/posbillingwala.com/adminpanel/vendor/laravel/framework/src/Illuminate/Support/Facades/Facade.php(222): Illuminate\\Container\\Container->offsetGet('view')
#7 /home/rgusomuk/posbillingwala.com/adminpanel/vendor/laravel/framework/src/Illuminate/Support/Facades/Facade.php(193): Illuminate\\Support\\Facades\\Facade::resolveFacadeInstance('view')
#8 /home/rgusomuk/posbillingwala.com/adminpanel/vendor/laravel/framework/src/Illuminate/Support/Facades/Facade.php(332): Illuminate\\Support\\Facades\\Facade::getFacadeRoot()
#9 /home/rgusomuk/posbillingwala.com/adminpanel/vendor/laravel/framework/src/Illuminate/Foundation/Exceptions/RegisterErrorViewPaths.php(16): Illuminate\\Support\\Facades\\Facade::__callStatic('replaceNamespac...', Array)
#10 /home/rgusomuk/posbillingwala.com/adminpanel/vendor/laravel/framework/src/Illuminate/Foundation/Exceptions/Handler.php(642): Illuminate\\Foundation\\Exceptions\\RegisterErrorViewPaths->__invoke()
#11 /home/rgusomuk/posbillingwala.com/adminpanel/vendor/laravel/framework/src/Illuminate/Foundation/Exceptions/Handler.php(623): Illuminate\\Foundation\\Exceptions\\Handler->registerErrorViewPaths()
#12 /home/rgusomuk/posbillingwala.com/adminpanel/vendor/laravel/framework/src/Illuminate/Foundation/Exceptions/Handler.php(554): Illuminate\\Foundation\\Exceptions\\Handler->renderHttpException(Object(Symfony\\Component\\HttpKernel\\Exception\\HttpException))
#13 /home/rgusomuk/posbillingwala.com/adminpanel/vendor/laravel/framework/src/Illuminate/Foundation/Exceptions/Handler.php(460): Illuminate\\Foundation\\Exceptions\\Handler->prepareResponse(Object(Illuminate\\Http\\Request), Object(Symfony\\Component\\HttpKernel\\Exception\\HttpException))
#14 /home/rgusomuk/posbillingwala.com/adminpanel/vendor/laravel/framework/src/Illuminate/Foundation/Exceptions/Handler.php(377): Illuminate\\Foundation\\Exceptions\\Handler->renderExceptionResponse(Object(Illuminate\\Http\\Request), Object(Exception))
#15 /home/rgusomuk/posbillingwala.com/adminpanel/vendor/laravel/framework/src/Illuminate/Foundation/Http/Kernel.php(493): Illuminate\\Foundation\\Exceptions\\Handler->render(Object(Illuminate\\Http\\Request), Object(Exception))
#16 /home/rgusomuk/posbillingwala.com/adminpanel/vendor/laravel/framework/src/Illuminate/Foundation/Http/Kernel.php(138): Illuminate\\Foundation\\Http\\Kernel->renderException(Object(Illuminate\\Http\\Request), Object(Exception))
#17 /home/rgusomuk/posbillingwala.com/adminpanel/public/index.php(51): Illuminate\\Foundation\\Http\\Kernel->handle(Object(Illuminate\\Http\\Request))
#18 /home/rgusomuk/posbillingwala.com/adminpanel/index.php(21): require_once('/home/rgusomuk/...')
#19 {main}
"} 
[2026-08-23 19:24:07] local.ERROR: Uncaught ReflectionException: Class "view" does not exist in /home/rgusomuk/posbillingwala.com/adminpanel/vendor/laravel/framework/src/Illuminate/Container/Container.php:889
Stack trace:
#0 /home/rgusomuk/posbillingwala.com/adminpanel/vendor/laravel/framework/src/Illuminate/Container/Container.php(889): ReflectionClass->__construct('view')
#1 /home/rgusomuk/posbillingwala.com/adminpanel/vendor/laravel/framework/src/Illuminate/Container/Container.php(770): Illuminate\Container\Container->build('view')
#2 /home/rgusomuk/posbillingwala.com/adminpanel/vendor/laravel/framework/src/Illuminate/Foundation/Application.php(856): Illuminate\Container\Container->resolve('view', Array, true)
#3 /home/rgusomuk/posbillingwala.com/adminpanel/vendor/laravel/framework/src/Illuminate/Container/Container.php(706): Illuminate\Foundation\Application->resolve('view', Array)
#4 /home/rgusomuk/posbillingwala.com/adminpanel/vendor/laravel/framework/src/Illuminate/Foundation/Application.php(841): Illuminate\Container\Container->make('view', Array)
#5 /home/rgusomuk/posbillingwala.com/adminpanel/vendor/laravel/framework/src/Illuminate/Container/Container.php(1431): Illuminate\Foundation\Application->make('view')
#6 /home/rgusomuk/posbillingwala.com/adminpanel/vendor/laravel/framework/src/Illuminate/Support/Facades/Facade.php(222): Illuminate\Container\Container->offsetGet('view')
#7 /home/rgusomuk/posbillingwala.com/adminpanel/vendor/laravel/framework/src/Illuminate/Support/Facades/Facade.php(193): Illuminate\Support\Facades\Facade::resolveFacadeInstance('view')
#8 /home/rgusomuk/posbillingwala.com/adminpanel/vendor/laravel/framework/src/Illuminate/Support/Facades/Facade.php(332): Illuminate\Support\Facades\Facade::getFacadeRoot()
#9 /home/rgusomuk/posbillingwala.com/adminpanel/vendor/laravel/framework/src/Illuminate/Foundation/Exceptions/RegisterErrorViewPaths.php(16): Illuminate\Support\Facades\Facade::__callStatic('replaceNamespac...', Array)
#10 /home/rgusomuk/posbillingwala.com/adminpanel/vendor/laravel/framework/src/Illuminate/Foundation/Exceptions/Handler.php(642): Illuminate\Foundation\Exceptions\RegisterErrorViewPaths->__invoke()
#11 /home/rgusomuk/posbillingwala.com/adminpanel/vendor/laravel/framework/src/Illuminate/Foundation/Exceptions/Handler.php(623): Illuminate\Foundation\Exceptions\Handler->registerErrorViewPaths()
#12 /home/rgusomuk/posbillingwala.com/adminpanel/vendor/laravel/framework/src/Illuminate/Foundation/Exceptions/Handler.php(554): Illuminate\Foundation\Exceptions\Handler->renderHttpException(Object(Symfony\Component\HttpKernel\Exception\HttpException))
#13 /home/rgusomuk/posbillingwala.com/adminpanel/vendor/laravel/framework/src/Illuminate/Foundation/Exceptions/Handler.php(460): Illuminate\Foundation\Exceptions\Handler->prepareResponse(Object(Illuminate\Http\Request), Object(Symfony\Component\HttpKernel\Exception\HttpException))
#14 /home/rgusomuk/posbillingwala.com/adminpanel/vendor/laravel/framework/src/Illuminate/Foundation/Exceptions/Handler.php(377): Illuminate\Foundation\Exceptions\Handler->renderExceptionResponse(Object(Illuminate\Http\Request), Object(Illuminate\Contracts\Container\BindingResolutionException))
#15 /home/rgusomuk/posbillingwala.com/adminpanel/vendor/laravel/framework/src/Illuminate/Foundation/Bootstrap/HandleExceptions.php(229): Illuminate\Foundation\Exceptions\Handler->render(Object(Illuminate\Http\Request), Object(Illuminate\Contracts\Container\BindingResolutionException))
#16 /home/rgusomuk/posbillingwala.com/adminpanel/vendor/laravel/framework/src/Illuminate/Foundation/Bootstrap/HandleExceptions.php(206): Illuminate\Foundation\Bootstrap\HandleExceptions->renderHttpResponse(Object(Illuminate\Contracts\Container\BindingResolutionException))
#17 /home/rgusomuk/posbillingwala.com/adminpanel/vendor/laravel/framework/src/Illuminate/Foundation/Bootstrap/HandleExceptions.php(266): Illuminate\Foundation\Bootstrap\HandleExceptions->handleException(Object(Illuminate\Contracts\Container\BindingResolutionException))
#18 [internal function]: Illuminate\Foundation\Bootstrap\HandleExceptions->Illuminate\Foundation\Bootstrap\{closure}(Object(Illuminate\Contracts\Container\BindingResolutionException))
#19 {main}

Next Illuminate\Contracts\Container\BindingResolutionException: Target class [view] does not exist. in /home/rgusomuk/posbillingwala.com/adminpanel/vendor/laravel/framework/src/Illuminate/Container/Container.php:891
Stack trace:
#0 /home/rgusomuk/posbillingwala.com/adminpanel/vendor/laravel/framework/src/Illuminate/Container/Container.php(770): Illuminate\Container\Container->build('view')
#1 /home/rgusomuk/posbillingwala.com/adminpanel/vendor/laravel/framework/src/Illuminate/Foundation/Application.php(856): Illuminate\Container\Container->resolve('view', Array, true)
#2 /home/rgusomuk/posbillingwala.com/adminpanel/vendor/laravel/framework/src/Illuminate/Container/Container.php(706): Illuminate\Foundation\Application->resolve('view', Array)
#3 /home/rgusomuk/posbillingwala.com/adminpanel/vendor/laravel/framework/src/Illuminate/Foundation/Application.php(841): Illuminate\Container\Container->make('view', Array)
#4 /home/rgusomuk/posbillingwala.com/adminpanel/vendor/laravel/framework/src/Illuminate/Container/Container.php(1431): Illuminate\Foundation\Application->make('view')
#5 /home/rgusomuk/posbillingwala.com/adminpanel/vendor/laravel/framework/src/Illuminate/Support/Facades/Facade.php(222): Illuminate\Container\Container->offsetGet('view')
#6 /home/rgusomuk/posbillingwala.com/adminpanel/vendor/laravel/framework/src/Illuminate/Support/Facades/Facade.php(193): Illuminate\Support\Facades\Facade::resolveFacadeInstance('view')
#7 /home/rgusomuk/posbillingwala.com/adminpanel/vendor/laravel/framework/src/Illuminate/Support/Facades/Facade.php(332): Illuminate\Support\Facades\Facade::getFacadeRoot()
#8 /home/rgusomuk/posbillingwala.com/adminpanel/vendor/laravel/framework/src/Illuminate/Foundation/Exceptions/RegisterErrorViewPaths.php(16): Illuminate\Support\Facades\Facade::__callStatic('replaceNamespac...', Array)
#9 /home/rgusomuk/posbillingwala.com/adminpanel/vendor/laravel/framework/src/Illuminate/Foundation/Exceptions/Handler.php(642): Illuminate\Foundation\Exceptions\RegisterErrorViewPaths->__invoke()
#10 /home/rgusomuk/posbillingwala.com/adminpanel/vendor/laravel/framework/src/Illuminate/Foundation/Exceptions/Handler.php(623): Illuminate\Foundation\Exceptions\Handler->registerErrorViewPaths()
#11 /home/rgusomuk/posbillingwala.com/adminpanel/vendor/laravel/framework/src/Illuminate/Foundation/Exceptions/Handler.php(554): Illuminate\Foundation\Exceptions\Handler->renderHttpException(Object(Symfony\Component\HttpKernel\Exception\HttpException))
#12 /home/rgusomuk/posbillingwala.com/adminpanel/vendor/laravel/framework/src/Illuminate/Foundation/Exceptions/Handler.php(460): Illuminate\Foundation\Exceptions\Handler->prepareResponse(Object(Illuminate\Http\Request), Object(Symfony\Component\HttpKernel\Exception\HttpException))
#13 /home/rgusomuk/posbillingwala.com/adminpanel/vendor/laravel/framework/src/Illuminate/Foundation/Exceptions/Handler.php(377): Illuminate\Foundation\Exceptions\Handler->renderExceptionResponse(Object(Illuminate\Http\Request), Object(Illuminate\Contracts\Container\BindingResolutionException))
#14 /home/rgusomuk/posbillingwala.com/adminpanel/vendor/laravel/framework/src/Illuminate/Foundation/Bootstrap/HandleExceptions.php(229): Illuminate\Foundation\Exceptions\Handler->render(Object(Illuminate\Http\Request), Object(Illuminate\Contracts\Container\BindingResolutionException))
#15 /home/rgusomuk/posbillingwala.com/adminpanel/vendor/laravel/framework/src/Illuminate/Foundation/Bootstrap/HandleExceptions.php(206): Illuminate\Foundation\Bootstrap\HandleExceptions->renderHttpResponse(Object(Illuminate\Contracts\Container\BindingResolutionException))
#16 /home/rgusomuk/posbillingwala.com/adminpanel/vendor/laravel/framework/src/Illuminate/Foundation/Bootstrap/HandleExceptions.php(266): Illuminate\Foundation\Bootstrap\HandleExceptions->handleException(Object(Illuminate\Contracts\Container\BindingResolutionException))
#17 [internal function]: Illuminate\Foundation\Bootstrap\HandleExceptions->Illuminate\Foundation\Bootstrap\{closure}(Object(Illuminate\Contracts\Container\BindingResolutionException))
#18 {main}
  thrown {"exception":"[object] (Symfony\\Component\\ErrorHandler\\Error\\FatalError(code: 0): Uncaught ReflectionException: Class \"view\" does not exist in /home/rgusomuk/posbillingwala.com/adminpanel/vendor/laravel/framework/src/Illuminate/Container/Container.php:889
Stack trace:
#0 /home/rgusomuk/posbillingwala.com/adminpanel/vendor/laravel/framework/src/Illuminate/Container/Container.php(889): ReflectionClass->__construct('view')
#1 /home/rgusomuk/posbillingwala.com/adminpanel/vendor/laravel/framework/src/Illuminate/Container/Container.php(770): Illuminate\\Container\\Container->build('view')
#2 /home/rgusomuk/posbillingwala.com/adminpanel/vendor/laravel/framework/src/Illuminate/Foundation/Application.php(856): Illuminate\\Container\\Container->resolve('view', Array, true)
#3 /home/rgusomuk/posbillingwala.com/adminpanel/vendor/laravel/framework/src/Illuminate/Container/Container.php(706): Illuminate\\Foundation\\Application->resolve('view', Array)
#4 /home/rgusomuk/posbillingwala.com/adminpanel/vendor/laravel/framework/src/Illuminate/Foundation/Application.php(841): Illuminate\\Container\\Container->make('view', Array)
#5 /home/rgusomuk/posbillingwala.com/adminpanel/vendor/laravel/framework/src/Illuminate/Container/Container.php(1431): Illuminate\\Foundation\\Application->make('view')
#6 /home/rgusomuk/posbillingwala.com/adminpanel/vendor/laravel/framework/src/Illuminate/Support/Facades/Facade.php(222): Illuminate\\Container\\Container->offsetGet('view')
#7 /home/rgusomuk/posbillingwala.com/adminpanel/vendor/laravel/framework/src/Illuminate/Support/Facades/Facade.php(193): Illuminate\\Support\\Facades\\Facade::resolveFacadeInstance('view')
#8 /home/rgusomuk/posbillingwala.com/adminpanel/vendor/laravel/framework/src/Illuminate/Support/Facades/Facade.php(332): Illuminate\\Support\\Facades\\Facade::getFacadeRoot()
#9 /home/rgusomuk/posbillingwala.com/adminpanel/vendor/laravel/framework/src/Illuminate/Foundation/Exceptions/RegisterErrorViewPaths.php(16): Illuminate\\Support\\Facades\\Facade::__callStatic('replaceNamespac...', Array)
#10 /home/rgusomuk/posbillingwala.com/adminpanel/vendor/laravel/framework/src/Illuminate/Foundation/Exceptions/Handler.php(642): Illuminate\\Foundation\\Exceptions\\RegisterErrorViewPaths->__invoke()
#11 /home/rgusomuk/posbillingwala.com/adminpanel/vendor/laravel/framework/src/Illuminate/Foundation/Exceptions/Handler.php(623): Illuminate\\Foundation\\Exceptions\\Handler->registerErrorViewPaths()
#12 /home/rgusomuk/posbillingwala.com/adminpanel/vendor/laravel/framework/src/Illuminate/Foundation/Exceptions/Handler.php(554): Illuminate\\Foundation\\Exceptions\\Handler->renderHttpException(Object(Symfony\\Component\\HttpKernel\\Exception\\HttpException))
#13 /home/rgusomuk/posbillingwala.com/adminpanel/vendor/laravel/framework/src/Illuminate/Foundation/Exceptions/Handler.php(460): Illuminate\\Foundation\\Exceptions\\Handler->prepareResponse(Object(Illuminate\\Http\\Request), Object(Symfony\\Component\\HttpKernel\\Exception\\HttpException))
#14 /home/rgusomuk/posbillingwala.com/adminpanel/vendor/laravel/framework/src/Illuminate/Foundation/Exceptions/Handler.php(377): Illuminate\\Foundation\\Exceptions\\Handler->renderExceptionResponse(Object(Illuminate\\Http\\Request), Object(Illuminate\\Contracts\\Container\\BindingResolutionException))
#15 /home/rgusomuk/posbillingwala.com/adminpanel/vendor/laravel/framework/src/Illuminate/Foundation/Bootstrap/HandleExceptions.php(229): Illuminate\\Foundation\\Exceptions\\Handler->render(Object(Illuminate\\Http\\Request), Object(Illuminate\\Contracts\\Container\\BindingResolutionException))
#16 /home/rgusomuk/posbillingwala.com/adminpanel/vendor/laravel/framework/src/Illuminate/Foundation/Bootstrap/HandleExceptions.php(206): Illuminate\\Foundation\\Bootstrap\\HandleExceptions->renderHttpResponse(Object(Illuminate\\Contracts\\Container\\BindingResolutionException))
#17 /home/rgusomuk/posbillingwala.com/adminpanel/vendor/laravel/framework/src/Illuminate/Foundation/Bootstrap/HandleExceptions.php(266): Illuminate\\Foundation\\Bootstrap\\HandleExceptions->handleException(Object(Illuminate\\Contracts\\Container\\BindingResolutionException))
#18 [internal function]: Illuminate\\Foundation\\Bootstrap\\HandleExceptions->Illuminate\\Foundation\\Bootstrap\\{closure}(Object(Illuminate\\Contracts\\Container\\BindingResolutionException))
#19 {main}

Next Illuminate\\Contracts\\Container\\BindingResolutionException: Target class [view] does not exist. in /home/rgusomuk/posbillingwala.com/adminpanel/vendor/laravel/framework/src/Illuminate/Container/Container.php:891
Stack trace:
#0 /home/rgusomuk/posbillingwala.com/adminpanel/vendor/laravel/framework/src/Illuminate/Container/Container.php(770): Illuminate\\Container\\Container->build('view')
#1 /home/rgusomuk/posbillingwala.com/adminpanel/vendor/laravel/framework/src/Illuminate/Foundation/Application.php(856): Illuminate\\Container\\Container->resolve('view', Array, true)
#2 /home/rgusomuk/posbillingwala.com/adminpanel/vendor/laravel/framework/src/Illuminate/Container/Container.php(706): Illuminate\\Foundation\\Application->resolve('view', Array)
#3 /home/rgusomuk/posbillingwala.com/adminpanel/vendor/laravel/framework/src/Illuminate/Foundation/Application.php(841): Illuminate\\Container\\Container->make('view', Array)
#4 /home/rgusomuk/posbillingwala.com/adminpanel/vendor/laravel/framework/src/Illuminate/Container/Container.php(1431): Illuminate\\Foundation\\Application->make('view')
#5 /home/rgusomuk/posbillingwala.com/adminpanel/vendor/laravel/framework/src/Illuminate/Support/Facades/Facade.php(222): Illuminate\\Container\\Container->offsetGet('view')
#6 /home/rgusomuk/posbillingwala.com/adminpanel/vendor/laravel/framework/src/Illuminate/Support/Facades/Facade.php(193): Illuminate\\Support\\Facades\\Facade::resolveFacadeInstance('view')
#7 /home/rgusomuk/posbillingwala.com/adminpanel/vendor/laravel/framework/src/Illuminate/Support/Facades/Facade.php(332): Illuminate\\Support\\Facades\\Facade::getFacadeRoot()
#8 /home/rgusomuk/posbillingwala.com/adminpanel/vendor/laravel/framework/src/Illuminate/Foundation/Exceptions/RegisterErrorViewPaths.php(16): Illuminate\\Support\\Facades\\Facade::__callStatic('replaceNamespac...', Array)
#9 /home/rgusomuk/posbillingwala.com/adminpanel/vendor/laravel/framework/src/Illuminate/Foundation/Exceptions/Handler.php(642): Illuminate\\Foundation\\Exceptions\\RegisterErrorViewPaths->__invoke()
#10 /home/rgusomuk/posbillingwala.com/adminpanel/vendor/laravel/framework/src/Illuminate/Foundation/Exceptions/Handler.php(623): Illuminate\\Foundation\\Exceptions\\Handler->registerErrorViewPaths()
#11 /home/rgusomuk/posbillingwala.com/adminpanel/vendor/laravel/framework/src/Illuminate/Foundation/Exceptions/Handler.php(554): Illuminate\\Foundation\\Exceptions\\Handler->renderHttpException(Object(Symfony\\Component\\HttpKernel\\Exception\\HttpException))
#12 /home/rgusomuk/posbillingwala.com/adminpanel/vendor/laravel/framework/src/Illuminate/Foundation/Exceptions/Handler.php(460): Illuminate\\Foundation\\Exceptions\\Handler->prepareResponse(Object(Illuminate\\Http\\Request), Object(Symfony\\Component\\HttpKernel\\Exception\\HttpException))
#13 /home/rgusomuk/posbillingwala.com/adminpanel/vendor/laravel/framework/src/Illuminate/Foundation/Exceptions/Handler.php(377): Illuminate\\Foundation\\Exceptions\\Handler->renderExceptionResponse(Object(Illuminate\\Http\\Request), Object(Illuminate\\Contracts\\Container\\BindingResolutionException))
#14 /home/rgusomuk/posbillingwala.com/adminpanel/vendor/laravel/framework/src/Illuminate/Foundation/Bootstrap/HandleExceptions.php(229): Illuminate\\Foundation\\Exceptions\\Handler->render(Object(Illuminate\\Http\\Request), Object(Illuminate\\Contracts\\Container\\BindingResolutionException))
#15 /home/rgusomuk/posbillingwala.com/adminpanel/vendor/laravel/framework/src/Illuminate/Foundation/Bootstrap/HandleExceptions.php(206): Illuminate\\Foundation\\Bootstrap\\HandleExceptions->renderHttpResponse(Object(Illuminate\\Contracts\\Container\\BindingResolutionException))
#16 /home/rgusomuk/posbillingwala.com/adminpanel/vendor/laravel/framework/src/Illuminate/Foundation/Bootstrap/HandleExceptions.php(266): Illuminate\\Foundation\\Bootstrap\\HandleExceptions->handleException(Object(Illuminate\\Contracts\\Container\\BindingResolutionException))
#17 [internal function]: Illuminate\\Foundation\\Bootstrap\\HandleExceptions->Illuminate\\Foundation\\Bootstrap\\{closure}(Object(Illuminate\\Contracts\\Container\\BindingResolutionException))
#18 {main}
  thrown at /home/rgusomuk/posbillingwala.com/adminpanel/vendor/laravel/framework/src/Illuminate/Container/Container.php:891)
[stacktrace]
#0 {main}
"} 
[2026-08-23 19:24:10] local.ERROR: The /home/rgusomuk/posbillingwala.com/adminpanel/bootstrap/cache directory must be present and writable. {"exception":"[object] (Exception(code: 0): The /home/rgusomuk/posbillingwala.com/adminpanel/bootstrap/cache directory must be present and writable. at /home/rgusomuk/posbillingwala.com/adminpanel/vendor/laravel/framework/src/Illuminate/Foundation/PackageManifest.php:178)
[stacktrace]
#0 /home/rgusomuk/posbillingwala.com/adminpanel/vendor/laravel/framework/src/Illuminate/Foundation/PackageManifest.php(131): Illuminate\\Foundation\\PackageManifest->write(Array)
#1 /home/rgusomuk/posbillingwala.com/adminpanel/vendor/laravel/framework/src/Illuminate/Foundation/PackageManifest.php(107): Illuminate\\Foundation\\PackageManifest->build()
#2 /home/rgusomuk/posbillingwala.com/adminpanel/vendor/laravel/framework/src/Illuminate/Foundation/PackageManifest.php(90): Illuminate\\Foundation\\PackageManifest->getManifest()
#3 /home/rgusomuk/posbillingwala.com/adminpanel/vendor/laravel/framework/src/Illuminate/Foundation/PackageManifest.php(79): Illuminate\\Foundation\\PackageManifest->config('aliases')
#4 /home/rgusomuk/posbillingwala.com/adminpanel/vendor/laravel/framework/src/Illuminate/Foundation/Bootstrap/RegisterFacades.php(26): Illuminate\\Foundation\\PackageManifest->aliases()
#5 /home/rgusomuk/posbillingwala.com/adminpanel/vendor/laravel/framework/src/Illuminate/Foundation/Application.php(242): Illuminate\\Foundation\\Bootstrap\\RegisterFacades->bootstrap(Object(Illuminate\\Foundation\\Application))
#6 /home/rgusomuk/posbillingwala.com/adminpanel/vendor/laravel/framework/src/Illuminate/Foundation/Http/Kernel.php(176): Illuminate\\Foundation\\Application->bootstrapWith(Array)
#7 /home/rgusomuk/posbillingwala.com/adminpanel/vendor/laravel/framework/src/Illuminate/Foundation/Http/Kernel.php(160): Illuminate\\Foundation\\Http\\Kernel->bootstrap()
#8 /home/rgusomuk/posbillingwala.com/adminpanel/vendor/laravel/framework/src/Illuminate/Foundation/Http/Kernel.php(134): Illuminate\\Foundation\\Http\\Kernel->sendRequestThroughRouter(Object(Illuminate\\Http\\Request))
#9 /home/rgusomuk/posbillingwala.com/adminpanel/public/index.php(51): Illuminate\\Foundation\\Http\\Kernel->handle(Object(Illuminate\\Http\\Request))
#10 /home/rgusomuk/posbillingwala.com/adminpanel/index.php(21): require_once('/home/rgusomuk/...')
#11 {main}
"} 
[2026-08-23 19:24:10] local.ERROR: Target class [view] does not exist. {"exception":"[object] (Illuminate\\Contracts\\Container\\BindingResolutionException(code: 0): Target class [view] does not exist. at /home/rgusomuk/posbillingwala.com/adminpanel/vendor/laravel/framework/src/Illuminate/Container/Container.php:891)
[stacktrace]
#0 /home/rgusomuk/posbillingwala.com/adminpanel/vendor/laravel/framework/src/Illuminate/Container/Container.php(770): Illuminate\\Container\\Container->build('view')
#1 /home/rgusomuk/posbillingwala.com/adminpanel/vendor/laravel/framework/src/Illuminate/Foundation/Application.php(856): Illuminate\\Container\\Container->resolve('view', Array, true)
#2 /home/rgusomuk/posbillingwala.com/adminpanel/vendor/laravel/framework/src/Illuminate/Container/Container.php(706): Illuminate\\Foundation\\Application->resolve('view', Array)
#3 /home/rgusomuk/posbillingwala.com/adminpanel/vendor/laravel/framework/src/Illuminate/Foundation/Application.php(841): Illuminate\\Container\\Container->make('view', Array)
#4 /home/rgusomuk/posbillingwala.com/adminpanel/vendor/laravel/framework/src/Illuminate/Container/Container.php(1431): Illuminate\\Foundation\\Application->make('view')
#5 /home/rgusomuk/posbillingwala.com/adminpanel/vendor/laravel/framework/src/Illuminate/Support/Facades/Facade.php(222): Illuminate\\Container\\Container->offsetGet('view')
#6 /home/rgusomuk/posbillingwala.com/adminpanel/vendor/laravel/framework/src/Illuminate/Support/Facades/Facade.php(193): Illuminate\\Support\\Facades\\Facade::resolveFacadeInstance('view')
#7 /home/rgusomuk/posbillingwala.com/adminpanel/vendor/laravel/framework/src/Illuminate/Support/Facades/Facade.php(332): Illuminate\\Support\\Facades\\Facade::getFacadeRoot()
#8 /home/rgusomuk/posbillingwala.com/adminpanel/vendor/laravel/framework/src/Illuminate/Foundation/Exceptions/RegisterErrorViewPaths.php(16): Illuminate\\Support\\Facades\\Facade::__callStatic('replaceNamespac...', Array)
#9 /home/rgusomuk/posbillingwala.com/adminpanel/vendor/laravel/framework/src/Illuminate/Foundation/Exceptions/Handler.php(642): Illuminate\\Foundation\\Exceptions\\RegisterErrorViewPaths->__invoke()
#10 /home/rgusomuk/posbillingwala.com/adminpanel/vendor/laravel/framework/src/Illuminate/Foundation/Exceptions/Handler.php(623): Illuminate\\Foundation\\Exceptions\\Handler->registerErrorViewPaths()
#11 /home/rgusomuk/posbillingwala.com/adminpanel/vendor/laravel/framework/src/Illuminate/Foundation/Exceptions/Handler.php(554): Illuminate\\Foundation\\Exceptions\\Handler->renderHttpException(Object(Symfony\\Component\\HttpKernel\\Exception\\HttpException))
#12 /home/rgusomuk/posbillingwala.com/adminpanel/vendor/laravel/framework/src/Illuminate/Foundation/Exceptions/Handler.php(460): Illuminate\\Foundation\\Exceptions\\Handler->prepareResponse(Object(Illuminate\\Http\\Request), Object(Symfony\\Component\\HttpKernel\\Exception\\HttpException))
#13 /home/rgusomuk/posbillingwala.com/adminpanel/vendor/laravel/framework/src/Illuminate/Foundation/Exceptions/Handler.php(377): Illuminate\\Foundation\\Exceptions\\Handler->renderExceptionResponse(Object(Illuminate\\Http\\Request), Object(Exception))
#14 /home/rgusomuk/posbillingwala.com/adminpanel/vendor/laravel/framework/src/Illuminate/Foundation/Http/Kernel.php(493): Illuminate\\Foundation\\Exceptions\\Handler->render(Object(Illuminate\\Http\\Request), Object(Exception))
#15 /home/rgusomuk/posbillingwala.com/adminpanel/vendor/laravel/framework/src/Illuminate/Foundation/Http/Kernel.php(138): Illuminate\\Foundation\\Http\\Kernel->renderException(Object(Illuminate\\Http\\Request), Object(Exception))
#16 /home/rgusomuk/posbillingwala.com/adminpanel/public/index.php(51): Illuminate\\Foundation\\Http\\Kernel->handle(Object(Illuminate\\Http\\Request))
#17 /home/rgusomuk/posbillingwala.com/adminpanel/index.php(21): require_once('/home/rgusomuk/...')
#18 {main}

[previous exception] [object] (ReflectionException(code: -1): Class \"view\" does not exist at /home/rgusomuk/posbillingwala.com/adminpanel/vendor/laravel/framework/src/Illuminate/Container/Container.php:889)
[stacktrace]
#0 /home/rgusomuk/posbillingwala.com/adminpanel/vendor/laravel/framework/src/Illuminate/Container/Container.php(889): ReflectionClass->__construct('view')
#1 /home/rgusomuk/posbillingwala.com/adminpanel/vendor/laravel/framework/src/Illuminate/Container/Container.php(770): Illuminate\\Container\\Container->build('view')
#2 /home/rgusomuk/posbillingwala.com/adminpanel/vendor/laravel/framework/src/Illuminate/Foundation/Application.php(856): Illuminate\\Container\\Container->resolve('view', Array, true)
#3 /home/rgusomuk/posbillingwala.com/adminpanel/vendor/laravel/framework/src/Illuminate/Container/Container.php(706): Illuminate\\Foundation\\Application->resolve('view', Array)
#4 /home/rgusomuk/posbillingwala.com/adminpanel/vendor/laravel/framework/src/Illuminate/Foundation/Application.php(841): Illuminate\\Container\\Container->make('view', Array)
#5 /home/rgusomuk/posbillingwala.com/adminpanel/vendor/laravel/framework/src/Illuminate/Container/Container.php(1431): Illuminate\\Foundation\\Application->make('view')
#6 /home/rgusomuk/posbillingwala.com/adminpanel/vendor/laravel/framework/src/Illuminate/Support/Facades/Facade.php(222): Illuminate\\Container\\Container->offsetGet('view')
#7 /home/rgusomuk/posbillingwala.com/adminpanel/vendor/laravel/framework/src/Illuminate/Support/Facades/Facade.php(193): Illuminate\\Support\\Facades\\Facade::resolveFacadeInstance('view')
#8 /home/rgusomuk/posbillingwala.com/adminpanel/vendor/laravel/framework/src/Illuminate/Support/Facades/Facade.php(332): Illuminate\\Support\\Facades\\Facade::getFacadeRoot()
#9 /home/rgusomuk/posbillingwala.com/adminpanel/vendor/laravel/framework/src/Illuminate/Foundation/Exceptions/RegisterErrorViewPaths.php(16): Illuminate\\Support\\Facades\\Facade::__callStatic('replaceNamespac...', Array)
#10 /home/rgusomuk/posbillingwala.com/adminpanel/vendor/laravel/framework/src/Illuminate/Foundation/Exceptions/Handler.php(642): Illuminate\\Foundation\\Exceptions\\RegisterErrorViewPaths->__invoke()
#11 /home/rgusomuk/posbillingwala.com/adminpanel/vendor/laravel/framework/src/Illuminate/Foundation/Exceptions/Handler.php(623): Illuminate\\Foundation\\Exceptions\\Handler->registerErrorViewPaths()
#12 /home/rgusomuk/posbillingwala.com/adminpanel/vendor/laravel/framework/src/Illuminate/Foundation/Exceptions/Handler.php(554): Illuminate\\Foundation\\Exceptions\\Handler->renderHttpException(Object(Symfony\\Component\\HttpKernel\\Exception\\HttpException))
#13 /home/rgusomuk/posbillingwala.com/adminpanel/vendor/laravel/framework/src/Illuminate/Foundation/Exceptions/Handler.php(460): Illuminate\\Foundation\\Exceptions\\Handler->prepareResponse(Object(Illuminate\\Http\\Request), Object(Symfony\\Component\\HttpKernel\\Exception\\HttpException))
#14 /home/rgusomuk/posbillingwala.com/adminpanel/vendor/laravel/framework/src/Illuminate/Foundation/Exceptions/Handler.php(377): Illuminate\\Foundation\\Exceptions\\Handler->renderExceptionResponse(Object(Illuminate\\Http\\Request), Object(Exception))
#15 /home/rgusomuk/posbillingwala.com/adminpanel/vendor/laravel/framework/src/Illuminate/Foundation/Http/Kernel.php(493): Illuminate\\Foundation\\Exceptions\\Handler->render(Object(Illuminate\\Http\\Request), Object(Exception))
#16 /home/rgusomuk/posbillingwala.com/adminpanel/vendor/laravel/framework/src/Illuminate/Foundation/Http/Kernel.php(138): Illuminate\\Foundation\\Http\\Kernel->renderException(Object(Illuminate\\Http\\Request), Object(Exception))
#17 /home/rgusomuk/posbillingwala.com/adminpanel/public/index.php(51): Illuminate\\Foundation\\Http\\Kernel->handle(Object(Illuminate\\Http\\Request))
#18 /home/rgusomuk/posbillingwala.com/adminpanel/index.php(21): require_once('/home/rgusomuk/...')
#19 {main}
"} 
[2026-08-23 19:24:10] local.ERROR: Uncaught ReflectionException: Class "view" does not exist in /home/rgusomuk/posbillingwala.com/adminpanel/vendor/laravel/framework/src/Illuminate/Container/Container.php:889
Stack trace:
#0 /home/rgusomuk/posbillingwala.com/adminpanel/vendor/laravel/framework/src/Illuminate/Container/Container.php(889): ReflectionClass->__construct('view')
#1 /home/rgusomuk/posbillingwala.com/adminpanel/vendor/laravel/framework/src/Illuminate/Container/Container.php(770): Illuminate\Container\Container->build('view')
#2 /home/rgusomuk/posbillingwala.com/adminpanel/vendor/laravel/framework/src/Illuminate/Foundation/Application.php(856): Illuminate\Container\Container->resolve('view', Array, true)
#3 /home/rgusomuk/posbillingwala.com/adminpanel/vendor/laravel/framework/src/Illuminate/Container/Container.php(706): Illuminate\Foundation\Application->resolve('view', Array)
#4 /home/rgusomuk/posbillingwala.com/adminpanel/vendor/laravel/framework/src/Illuminate/Foundation/Application.php(841): Illuminate\Container\Container->make('view', Array)
#5 /home/rgusomuk/posbillingwala.com/adminpanel/vendor/laravel/framework/src/Illuminate/Container/Container.php(1431): Illuminate\Foundation\Application->make('view')
#6 /home/rgusomuk/posbillingwala.com/adminpanel/vendor/laravel/framework/src/Illuminate/Support/Facades/Facade.php(222): Illuminate\Container\Container->offsetGet('view')
#7 /home/rgusomuk/posbillingwala.com/adminpanel/vendor/laravel/framework/src/Illuminate/Support/Facades/Facade.php(193): Illuminate\Support\Facades\Facade::resolveFacadeInstance('view')
#8 /home/rgusomuk/posbillingwala.com/adminpanel/vendor/laravel/framework/src/Illuminate/Support/Facades/Facade.php(332): Illuminate\Support\Facades\Facade::getFacadeRoot()
#9 /home/rgusomuk/posbillingwala.com/adminpanel/vendor/laravel/framework/src/Illuminate/Foundation/Exceptions/RegisterErrorViewPaths.php(16): Illuminate\Support\Facades\Facade::__callStatic('replaceNamespac...', Array)
#10 /home/rgusomuk/posbillingwala.com/adminpanel/vendor/laravel/framework/src/Illuminate/Foundation/Exceptions/Handler.php(642): Illuminate\Foundation\Exceptions\RegisterErrorViewPaths->__invoke()
#11 /home/rgusomuk/posbillingwala.com/adminpanel/vendor/laravel/framework/src/Illuminate/Foundation/Exceptions/Handler.php(623): Illuminate\Foundation\Exceptions\Handler->registerErrorViewPaths()
#12 /home/rgusomuk/posbillingwala.com/adminpanel/vendor/laravel/framework/src/Illuminate/Foundation/Exceptions/Handler.php(554): Illuminate\Foundation\Exceptions\Handler->renderHttpException(Object(Symfony\Component\HttpKernel\Exception\HttpException))
#13 /home/rgusomuk/posbillingwala.com/adminpanel/vendor/laravel/framework/src/Illuminate/Foundation/Exceptions/Handler.php(460): Illuminate\Foundation\Exceptions\Handler->prepareResponse(Object(Illuminate\Http\Request), Object(Symfony\Component\HttpKernel\Exception\HttpException))
#14 /home/rgusomuk/posbillingwala.com/adminpanel/vendor/laravel/framework/src/Illuminate/Foundation/Exceptions/Handler.php(377): Illuminate\Foundation\Exceptions\Handler->renderExceptionResponse(Object(Illuminate\Http\Request), Object(Illuminate\Contracts\Container\BindingResolutionException))
#15 /home/rgusomuk/posbillingwala.com/adminpanel/vendor/laravel/framework/src/Illuminate/Foundation/Bootstrap/HandleExceptions.php(229): Illuminate\Foundation\Exceptions\Handler->render(Object(Illuminate\Http\Request), Object(Illuminate\Contracts\Container\BindingResolutionException))
#16 /home/rgusomuk/posbillingwala.com/adminpanel/vendor/laravel/framework/src/Illuminate/Foundation/Bootstrap/HandleExceptions.php(206): Illuminate\Foundation\Bootstrap\HandleExceptions->renderHttpResponse(Object(Illuminate\Contracts\Container\BindingResolutionException))
#17 /home/rgusomuk/posbillingwala.com/adminpanel/vendor/laravel/framework/src/Illuminate/Foundation/Bootstrap/HandleExceptions.php(266): Illuminate\Foundation\Bootstrap\HandleExceptions->handleException(Object(Illuminate\Contracts\Container\BindingResolutionException))
#18 [internal function]: Illuminate\Foundation\Bootstrap\HandleExceptions->Illuminate\Foundation\Bootstrap\{closure}(Object(Illuminate\Contracts\Container\BindingResolutionException))
#19 {main}

Next Illuminate\Contracts\Container\BindingResolutionException: Target class [view] does not exist. in /home/rgusomuk/posbillingwala.com/adminpanel/vendor/laravel/framework/src/Illuminate/Container/Container.php:891
Stack trace:
#0 /home/rgusomuk/posbillingwala.com/adminpanel/vendor/laravel/framework/src/Illuminate/Container/Container.php(770): Illuminate\Container\Container->build('view')
#1 /home/rgusomuk/posbillingwala.com/adminpanel/vendor/laravel/framework/src/Illuminate/Foundation/Application.php(856): Illuminate\Container\Container->resolve('view', Array, true)
#2 /home/rgusomuk/posbillingwala.com/adminpanel/vendor/laravel/framework/src/Illuminate/Container/Container.php(706): Illuminate\Foundation\Application->resolve('view', Array)
#3 /home/rgusomuk/posbillingwala.com/adminpanel/vendor/laravel/framework/src/Illuminate/Foundation/Application.php(841): Illuminate\Container\Container->make('view', Array)
#4 /home/rgusomuk/posbillingwala.com/adminpanel/vendor/laravel/framework/src/Illuminate/Container/Container.php(1431): Illuminate\Foundation\Application->make('view')
#5 /home/rgusomuk/posbillingwala.com/adminpanel/vendor/laravel/framework/src/Illuminate/Support/Facades/Facade.php(222): Illuminate\Container\Container->offsetGet('view')
#6 /home/rgusomuk/posbillingwala.com/adminpanel/vendor/laravel/framework/src/Illuminate/Support/Facades/Facade.php(193): Illuminate\Support\Facades\Facade::resolveFacadeInstance('view')
#7 /home/rgusomuk/posbillingwala.com/adminpanel/vendor/laravel/framework/src/Illuminate/Support/Facades/Facade.php(332): Illuminate\Support\Facades\Facade::getFacadeRoot()
#8 /home/rgusomuk/posbillingwala.com/adminpanel/vendor/laravel/framework/src/Illuminate/Foundation/Exceptions/RegisterErrorViewPaths.php(16): Illuminate\Support\Facades\Facade::__callStatic('replaceNamespac...', Array)
#9 /home/rgusomuk/posbillingwala.com/adminpanel/vendor/laravel/framework/src/Illuminate/Foundation/Exceptions/Handler.php(642): Illuminate\Foundation\Exceptions\RegisterErrorViewPaths->__invoke()
#10 /home/rgusomuk/posbillingwala.com/adminpanel/vendor/laravel/framework/src/Illuminate/Foundation/Exceptions/Handler.php(623): Illuminate\Foundation\Exceptions\Handler->registerErrorViewPaths()
#11 /home/rgusomuk/posbillingwala.com/adminpanel/vendor/laravel/framework/src/Illuminate/Foundation/Exceptions/Handler.php(554): Illuminate\Foundation\Exceptions\Handler->renderHttpException(Object(Symfony\Component\HttpKernel\Exception\HttpException))
#12 /home/rgusomuk/posbillingwala.com/adminpanel/vendor/laravel/framework/src/Illuminate/Foundation/Exceptions/Handler.php(460): Illuminate\Foundation\Exceptions\Handler->prepareResponse(Object(Illuminate\Http\Request), Object(Symfony\Component\HttpKernel\Exception\HttpException))
#13 /home/rgusomuk/posbillingwala.com/adminpanel/vendor/laravel/framework/src/Illuminate/Foundation/Exceptions/Handler.php(377): Illuminate\Foundation\Exceptions\Handler->renderExceptionResponse(Object(Illuminate\Http\Request), Object(Illuminate\Contracts\Container\BindingResolutionException))
#14 /home/rgusomuk/posbillingwala.com/adminpanel/vendor/laravel/framework/src/Illuminate/Foundation/Bootstrap/HandleExceptions.php(229): Illuminate\Foundation\Exceptions\Handler->render(Object(Illuminate\Http\Request), Object(Illuminate\Contracts\Container\BindingResolutionException))
#15 /home/rgusomuk/posbillingwala.com/adminpanel/vendor/laravel/framework/src/Illuminate/Foundation/Bootstrap/HandleExceptions.php(206): Illuminate\Foundation\Bootstrap\HandleExceptions->renderHttpResponse(Object(Illuminate\Contracts\Container\BindingResolutionException))
#16 /home/rgusomuk/posbillingwala.com/adminpanel/vendor/laravel/framework/src/Illuminate/Foundation/Bootstrap/HandleExceptions.php(266): Illuminate\Foundation\Bootstrap\HandleExceptions->handleException(Object(Illuminate\Contracts\Container\BindingResolutionException))
#17 [internal function]: Illuminate\Foundation\Bootstrap\HandleExceptions->Illuminate\Foundation\Bootstrap\{closure}(Object(Illuminate\Contracts\Container\BindingResolutionException))
#18 {main}
  thrown {"exception":"[object] (Symfony\\Component\\ErrorHandler\\Error\\FatalError(code: 0): Uncaught ReflectionException: Class \"view\" does not exist in /home/rgusomuk/posbillingwala.com/adminpanel/vendor/laravel/framework/src/Illuminate/Container/Container.php:889
Stack trace:
#0 /home/rgusomuk/posbillingwala.com/adminpanel/vendor/laravel/framework/src/Illuminate/Container/Container.php(889): ReflectionClass->__construct('view')
#1 /home/rgusomuk/posbillingwala.com/adminpanel/vendor/laravel/framework/src/Illuminate/Container/Container.php(770): Illuminate\\Container\\Container->build('view')
#2 /home/rgusomuk/posbillingwala.com/adminpanel/vendor/laravel/framework/src/Illuminate/Foundation/Application.php(856): Illuminate\\Container\\Container->resolve('view', Array, true)
#3 /home/rgusomuk/posbillingwala.com/adminpanel/vendor/laravel/framework/src/Illuminate/Container/Container.php(706): Illuminate\\Foundation\\Application->resolve('view', Array)
#4 /home/rgusomuk/posbillingwala.com/adminpanel/vendor/laravel/framework/src/Illuminate/Foundation/Application.php(841): Illuminate\\Container\\Container->make('view', Array)
#5 /home/rgusomuk/posbillingwala.com/adminpanel/vendor/laravel/framework/src/Illuminate/Container/Container.php(1431): Illuminate\\Foundation\\Application->make('view')
#6 /home/rgusomuk/posbillingwala.com/adminpanel/vendor/laravel/framework/src/Illuminate/Support/Facades/Facade.php(222): Illuminate\\Container\\Container->offsetGet('view')
#7 /home/rgusomuk/posbillingwala.com/adminpanel/vendor/laravel/framework/src/Illuminate/Support/Facades/Facade.php(193): Illuminate\\Support\\Facades\\Facade::resolveFacadeInstance('view')
#8 /home/rgusomuk/posbillingwala.com/adminpanel/vendor/laravel/framework/src/Illuminate/Support/Facades/Facade.php(332): Illuminate\\Support\\Facades\\Facade::getFacadeRoot()
#9 /home/rgusomuk/posbillingwala.com/adminpanel/vendor/laravel/framework/src/Illuminate/Foundation/Exceptions/RegisterErrorViewPaths.php(16): Illuminate\\Support\\Facades\\Facade::__callStatic('replaceNamespac...', Array)
#10 /home/rgusomuk/posbillingwala.com/adminpanel/vendor/laravel/framework/src/Illuminate/Foundation/Exceptions/Handler.php(642): Illuminate\\Foundation\\Exceptions\\RegisterErrorViewPaths->__invoke()
#11 /home/rgusomuk/posbillingwala.com/adminpanel/vendor/laravel/framework/src/Illuminate/Foundation/Exceptions/Handler.php(623): Illuminate\\Foundation\\Exceptions\\Handler->registerErrorViewPaths()
#12 /home/rgusomuk/posbillingwala.com/adminpanel/vendor/laravel/framework/src/Illuminate/Foundation/Exceptions/Handler.php(554): Illuminate\\Foundation\\Exceptions\\Handler->renderHttpException(Object(Symfony\\Component\\HttpKernel\\Exception\\HttpException))
#13 /home/rgusomuk/posbillingwala.com/adminpanel/vendor/laravel/framework/src/Illuminate/Foundation/Exceptions/Handler.php(460): Illuminate\\Foundation\\Exceptions\\Handler->prepareResponse(Object(Illuminate\\Http\\Request), Object(Symfony\\Component\\HttpKernel\\Exception\\HttpException))
#14 /home/rgusomuk/posbillingwala.com/adminpanel/vendor/laravel/framework/src/Illuminate/Foundation/Exceptions/Handler.php(377): Illuminate\\Foundation\\Exceptions\\Handler->renderExceptionResponse(Object(Illuminate\\Http\\Request), Object(Illuminate\\Contracts\\Container\\BindingResolutionException))
#15 /home/rgusomuk/posbillingwala.com/adminpanel/vendor/laravel/framework/src/Illuminate/Foundation/Bootstrap/HandleExceptions.php(229): Illuminate\\Foundation\\Exceptions\\Handler->render(Object(Illuminate\\Http\\Request), Object(Illuminate\\Contracts\\Container\\BindingResolutionException))
#16 /home/rgusomuk/posbillingwala.com/adminpanel/vendor/laravel/framework/src/Illuminate/Foundation/Bootstrap/HandleExceptions.php(206): Illuminate\\Foundation\\Bootstrap\\HandleExceptions->renderHttpResponse(Object(Illuminate\\Contracts\\Container\\BindingResolutionException))
#17 /home/rgusomuk/posbillingwala.com/adminpanel/vendor/laravel/framework/src/Illuminate/Foundation/Bootstrap/HandleExceptions.php(266): Illuminate\\Foundation\\Bootstrap\\HandleExceptions->handleException(Object(Illuminate\\Contracts\\Container\\BindingResolutionException))
#18 [internal function]: Illuminate\\Foundation\\Bootstrap\\HandleExceptions->Illuminate\\Foundation\\Bootstrap\\{closure}(Object(Illuminate\\Contracts\\Container\\BindingResolutionException))
#19 {main}

Next Illuminate\\Contracts\\Container\\BindingResolutionException: Target class [view] does not exist. in /home/rgusomuk/posbillingwala.com/adminpanel/vendor/laravel/framework/src/Illuminate/Container/Container.php:891
Stack trace:
#0 /home/rgusomuk/posbillingwala.com/adminpanel/vendor/laravel/framework/src/Illuminate/Container/Container.php(770): Illuminate\\Container\\Container->build('view')
#1 /home/rgusomuk/posbillingwala.com/adminpanel/vendor/laravel/framework/src/Illuminate/Foundation/Application.php(856): Illuminate\\Container\\Container->resolve('view', Array, true)
#2 /home/rgusomuk/posbillingwala.com/adminpanel/vendor/laravel/framework/src/Illuminate/Container/Container.php(706): Illuminate\\Foundation\\Application->resolve('view', Array)
#3 /home/rgusomuk/posbillingwala.com/adminpanel/vendor/laravel/framework/src/Illuminate/Foundation/Application.php(841): Illuminate\\Container\\Container->make('view', Array)
#4 /home/rgusomuk/posbillingwala.com/adminpanel/vendor/laravel/framework/src/Illuminate/Container/Container.php(1431): Illuminate\\Foundation\\Application->make('view')
#5 /home/rgusomuk/posbillingwala.com/adminpanel/vendor/laravel/framework/src/Illuminate/Support/Facades/Facade.php(222): Illuminate\\Container\\Container->offsetGet('view')
#6 /home/rgusomuk/posbillingwala.com/adminpanel/vendor/laravel/framework/src/Illuminate/Support/Facades/Facade.php(193): Illuminate\\Support\\Facades\\Facade::resolveFacadeInstance('view')
#7 /home/rgusomuk/posbillingwala.com/adminpanel/vendor/laravel/framework/src/Illuminate/Support/Facades/Facade.php(332): Illuminate\\Support\\Facades\\Facade::getFacadeRoot()
#8 /home/rgusomuk/posbillingwala.com/adminpanel/vendor/laravel/framework/src/Illuminate/Foundation/Exceptions/RegisterErrorViewPaths.php(16): Illuminate\\Support\\Facades\\Facade::__callStatic('replaceNamespac...', Array)
#9 /home/rgusomuk/posbillingwala.com/adminpanel/vendor/laravel/framework/src/Illuminate/Foundation/Exceptions/Handler.php(642): Illuminate\\Foundation\\Exceptions\\RegisterErrorViewPaths->__invoke()
#10 /home/rgusomuk/posbillingwala.com/adminpanel/vendor/laravel/framework/src/Illuminate/Foundation/Exceptions/Handler.php(623): Illuminate\\Foundation\\Exceptions\\Handler->registerErrorViewPaths()
#11 /home/rgusomuk/posbillingwala.com/adminpanel/vendor/laravel/framework/src/Illuminate/Foundation/Exceptions/Handler.php(554): Illuminate\\Foundation\\Exceptions\\Handler->renderHttpException(Object(Symfony\\Component\\HttpKernel\\Exception\\HttpException))
#12 /home/rgusomuk/posbillingwala.com/adminpanel/vendor/laravel/framework/src/Illuminate/Foundation/Exceptions/Handler.php(460): Illuminate\\Foundation\\Exceptions\\Handler->prepareResponse(Object(Illuminate\\Http\\Request), Object(Symfony\\Component\\HttpKernel\\Exception\\HttpException))
#13 /home/rgusomuk/posbillingwala.com/adminpanel/vendor/laravel/framework/src/Illuminate/Foundation/Exceptions/Handler.php(377): Illuminate\\Foundation\\Exceptions\\Handler->renderExceptionResponse(Object(Illuminate\\Http\\Request), Object(Illuminate\\Contracts\\Container\\BindingResolutionException))
#14 /home/rgusomuk/posbillingwala.com/adminpanel/vendor/laravel/framework/src/Illuminate/Foundation/Bootstrap/HandleExceptions.php(229): Illuminate\\Foundation\\Exceptions\\Handler->render(Object(Illuminate\\Http\\Request), Object(Illuminate\\Contracts\\Container\\BindingResolutionException))
#15 /home/rgusomuk/posbillingwala.com/adminpanel/vendor/laravel/framework/src/Illuminate/Foundation/Bootstrap/HandleExceptions.php(206): Illuminate\\Foundation\\Bootstrap\\HandleExceptions->renderHttpResponse(Object(Illuminate\\Contracts\\Container\\BindingResolutionException))
#16 /home/rgusomuk/posbillingwala.com/adminpanel/vendor/laravel/framework/src/Illuminate/Foundation/Bootstrap/HandleExceptions.php(266): Illuminate\\Foundation\\Bootstrap\\HandleExceptions->handleException(Object(Illuminate\\Contracts\\Container\\BindingResolutionException))
#17 [internal function]: Illuminate\\Foundation\\Bootstrap\\HandleExceptions->Illuminate\\Foundation\\Bootstrap\\{closure}(Object(Illuminate\\Contracts\\Container\\BindingResolutionException))
#18 {main}
  thrown at /home/rgusomuk/posbillingwala.com/adminpanel/vendor/laravel/framework/src/Illuminate/Container/Container.php:891)
[stacktrace]
#0 {main}
"} 
[2026-08-24 14:17:32] local.ERROR: The /home/rgusomuk/posbillingwala.com/adminpanel/bootstrap/cache directory must be present and writable. {"exception":"[object] (Exception(code: 0): The /home/rgusomuk/posbillingwala.com/adminpanel/bootstrap/cache directory must be present and writable. at /home/rgusomuk/posbillingwala.com/adminpanel/vendor/laravel/framework/src/Illuminate/Foundation/PackageManifest.php:178)
[stacktrace]
#0 /home/rgusomuk/posbillingwala.com/adminpanel/vendor/laravel/framework/src/Illuminate/Foundation/PackageManifest.php(131): Illuminate\\Foundation\\PackageManifest->write(Array)
#1 /home/rgusomuk/posbillingwala.com/adminpanel/vendor/laravel/framework/src/Illuminate/Foundation/PackageManifest.php(107): Illuminate\\Foundation\\PackageManifest->build()
#2 /home/rgusomuk/posbillingwala.com/adminpanel/vendor/laravel/framework/src/Illuminate/Foundation/PackageManifest.php(90): Illuminate\\Foundation\\PackageManifest->getManifest()
#3 /home/rgusomuk/posbillingwala.com/adminpanel/vendor/laravel/framework/src/Illuminate/Foundation/PackageManifest.php(79): Illuminate\\Foundation\\PackageManifest->config('aliases')
#4 /home/rgusomuk/posbillingwala.com/adminpanel/vendor/laravel/framework/src/Illuminate/Foundation/Bootstrap/RegisterFacades.php(26): Illuminate\\Foundation\\PackageManifest->aliases()
#5 /home/rgusomuk/posbillingwala.com/adminpanel/vendor/laravel/framework/src/Illuminate/Foundation/Application.php(242): Illuminate\\Foundation\\Bootstrap\\RegisterFacades->bootstrap(Object(Illuminate\\Foundation\\Application))
#6 /home/rgusomuk/posbillingwala.com/adminpanel/vendor/laravel/framework/src/Illuminate/Foundation/Http/Kernel.php(176): Illuminate\\Foundation\\Application->bootstrapWith(Array)
#7 /home/rgusomuk/posbillingwala.com/adminpanel/vendor/laravel/framework/src/Illuminate/Foundation/Http/Kernel.php(160): Illuminate\\Foundation\\Http\\Kernel->bootstrap()
#8 /home/rgusomuk/posbillingwala.com/adminpanel/vendor/laravel/framework/src/Illuminate/Foundation/Http/Kernel.php(134): Illuminate\\Foundation\\Http\\Kernel->sendRequestThroughRouter(Object(Illuminate\\Http\\Request))
#9 /home/rgusomuk/posbillingwala.com/adminpanel/public/index.php(51): Illuminate\\Foundation\\Http\\Kernel->handle(Object(Illuminate\\Http\\Request))
#10 /home/rgusomuk/posbillingwala.com/adminpanel/index.php(21): require_once('/home/rgusomuk/...')
#11 {main}
"} 
[2026-08-24 14:17:32] local.ERROR: Target class [view] does not exist. {"exception":"[object] (Illuminate\\Contracts\\Container\\BindingResolutionException(code: 0): Target class [view] does not exist. at /home/rgusomuk/posbillingwala.com/adminpanel/vendor/laravel/framework/src/Illuminate/Container/Container.php:891)
[stacktrace]
#0 /home/rgusomuk/posbillingwala.com/adminpanel/vendor/laravel/framework/src/Illuminate/Container/Container.php(770): Illuminate\\Container\\Container->build('view')
#1 /home/rgusomuk/posbillingwala.com/adminpanel/vendor/laravel/framework/src/Illuminate/Foundation/Application.php(856): Illuminate\\Container\\Container->resolve('view', Array, true)
#2 /home/rgusomuk/posbillingwala.com/adminpanel/vendor/laravel/framework/src/Illuminate/Container/Container.php(706): Illuminate\\Foundation\\Application->resolve('view', Array)
#3 /home/rgusomuk/posbillingwala.com/adminpanel/vendor/laravel/framework/src/Illuminate/Foundation/Application.php(841): Illuminate\\Container\\Container->make('view', Array)
#4 /home/rgusomuk/posbillingwala.com/adminpanel/vendor/laravel/framework/src/Illuminate/Container/Container.php(1431): Illuminate\\Foundation\\Application->make('view')
#5 /home/rgusomuk/posbillingwala.com/adminpanel/vendor/laravel/framework/src/Illuminate/Support/Facades/Facade.php(222): Illuminate\\Container\\Container->offsetGet('view')
#6 /home/rgusomuk/posbillingwala.com/adminpanel/vendor/laravel/framework/src/Illuminate/Support/Facades/Facade.php(193): Illuminate\\Support\\Facades\\Facade::resolveFacadeInstance('view')
#7 /home/rgusomuk/posbillingwala.com/adminpanel/vendor/laravel/framework/src/Illuminate/Support/Facades/Facade.php(332): Illuminate\\Support\\Facades\\Facade::getFacadeRoot()
#8 /home/rgusomuk/posbillingwala.com/adminpanel/vendor/laravel/framework/src/Illuminate/Foundation/Exceptions/RegisterErrorViewPaths.php(16): Illuminate\\Support\\Facades\\Facade::__callStatic('replaceNamespac...', Array)
#9 /home/rgusomuk/posbillingwala.com/adminpanel/vendor/laravel/framework/src/Illuminate/Foundation/Exceptions/Handler.php(642): Illuminate\\Foundation\\Exceptions\\RegisterErrorViewPaths->__invoke()
#10 /home/rgusomuk/posbillingwala.com/adminpanel/vendor/laravel/framework/src/Illuminate/Foundation/Exceptions/Handler.php(623): Illuminate\\Foundation\\Exceptions\\Handler->registerErrorViewPaths()
#11 /home/rgusomuk/posbillingwala.com/adminpanel/vendor/laravel/framework/src/Illuminate/Foundation/Exceptions/Handler.php(554): Illuminate\\Foundation\\Exceptions\\Handler->renderHttpException(Object(Symfony\\Component\\HttpKernel\\Exception\\HttpException))
#12 /home/rgusomuk/posbillingwala.com/adminpanel/vendor/laravel/framework/src/Illuminate/Foundation/Exceptions/Handler.php(460): Illuminate\\Foundation\\Exceptions\\Handler->prepareResponse(Object(Illuminate\\Http\\Request), Object(Symfony\\Component\\HttpKernel\\Exception\\HttpException))
#13 /home/rgusomuk/posbillingwala.com/adminpanel/vendor/laravel/framework/src/Illuminate/Foundation/Exceptions/Handler.php(377): Illuminate\\Foundation\\Exceptions\\Handler->renderExceptionResponse(Object(Illuminate\\Http\\Request), Object(Exception))
#14 /home/rgusomuk/posbillingwala.com/adminpanel/vendor/laravel/framework/src/Illuminate/Foundation/Http/Kernel.php(493): Illuminate\\Foundation\\Exceptions\\Handler->render(Object(Illuminate\\Http\\Request), Object(Exception))
#15 /home/rgusomuk/posbillingwala.com/adminpanel/vendor/laravel/framework/src/Illuminate/Foundation/Http/Kernel.php(138): Illuminate\\Foundation\\Http\\Kernel->renderException(Object(Illuminate\\Http\\Request), Object(Exception))
#16 /home/rgusomuk/posbillingwala.com/adminpanel/public/index.php(51): Illuminate\\Foundation\\Http\\Kernel->handle(Object(Illuminate\\Http\\Request))
#17 /home/rgusomuk/posbillingwala.com/adminpanel/index.php(21): require_once('/home/rgusomuk/...')
#18 {main}

[previous exception] [object] (ReflectionException(code: -1): Class \"view\" does not exist at /home/rgusomuk/posbillingwala.com/adminpanel/vendor/laravel/framework/src/Illuminate/Container/Container.php:889)
[stacktrace]
#0 /home/rgusomuk/posbillingwala.com/adminpanel/vendor/laravel/framework/src/Illuminate/Container/Container.php(889): ReflectionClass->__construct('view')
#1 /home/rgusomuk/posbillingwala.com/adminpanel/vendor/laravel/framework/src/Illuminate/Container/Container.php(770): Illuminate\\Container\\Container->build('view')
#2 /home/rgusomuk/posbillingwala.com/adminpanel/vendor/laravel/framework/src/Illuminate/Foundation/Application.php(856): Illuminate\\Container\\Container->resolve('view', Array, true)
#3 /home/rgusomuk/posbillingwala.com/adminpanel/vendor/laravel/framework/src/Illuminate/Container/Container.php(706): Illuminate\\Foundation\\Application->resolve('view', Array)
#4 /home/rgusomuk/posbillingwala.com/adminpanel/vendor/laravel/framework/src/Illuminate/Foundation/Application.php(841): Illuminate\\Container\\Container->make('view', Array)
#5 /home/rgusomuk/posbillingwala.com/adminpanel/vendor/laravel/framework/src/Illuminate/Container/Container.php(1431): Illuminate\\Foundation\\Application->make('view')
#6 /home/rgusomuk/posbillingwala.com/adminpanel/vendor/laravel/framework/src/Illuminate/Support/Facades/Facade.php(222): Illuminate\\Container\\Container->offsetGet('view')
#7 /home/rgusomuk/posbillingwala.com/adminpanel/vendor/laravel/framework/src/Illuminate/Support/Facades/Facade.php(193): Illuminate\\Support\\Facades\\Facade::resolveFacadeInstance('view')
#8 /home/rgusomuk/posbillingwala.com/adminpanel/vendor/laravel/framework/src/Illuminate/Support/Facades/Facade.php(332): Illuminate\\Support\\Facades\\Facade::getFacadeRoot()
#9 /home/rgusomuk/posbillingwala.com/adminpanel/vendor/laravel/framework/src/Illuminate/Foundation/Exceptions/RegisterErrorViewPaths.php(16): Illuminate\\Support\\Facades\\Facade::__callStatic('replaceNamespac...', Array)
#10 /home/rgusomuk/posbillingwala.com/adminpanel/vendor/laravel/framework/src/Illuminate/Foundation/Exceptions/Handler.php(642): Illuminate\\Foundation\\Exceptions\\RegisterErrorViewPaths->__invoke()
#11 /home/rgusomuk/posbillingwala.com/adminpanel/vendor/laravel/framework/src/Illuminate/Foundation/Exceptions/Handler.php(623): Illuminate\\Foundation\\Exceptions\\Handler->registerErrorViewPaths()
#12 /home/rgusomuk/posbillingwala.com/adminpanel/vendor/laravel/framework/src/Illuminate/Foundation/Exceptions/Handler.php(554): Illuminate\\Foundation\\Exceptions\\Handler->renderHttpException(Object(Symfony\\Component\\HttpKernel\\Exception\\HttpException))
#13 /home/rgusomuk/posbillingwala.com/adminpanel/vendor/laravel/framework/src/Illuminate/Foundation/Exceptions/Handler.php(460): Illuminate\\Foundation\\Exceptions\\Handler->prepareResponse(Object(Illuminate\\Http\\Request), Object(Symfony\\Component\\HttpKernel\\Exception\\HttpException))
#14 /home/rgusomuk/posbillingwala.com/adminpanel/vendor/laravel/framework/src/Illuminate/Foundation/Exceptions/Handler.php(377): Illuminate\\Foundation\\Exceptions\\Handler->renderExceptionResponse(Object(Illuminate\\Http\\Request), Object(Exception))
#15 /home/rgusomuk/posbillingwala.com/adminpanel/vendor/laravel/framework/src/Illuminate/Foundation/Http/Kernel.php(493): Illuminate\\Foundation\\Exceptions\\Handler->render(Object(Illuminate\\Http\\Request), Object(Exception))
#16 /home/rgusomuk/posbillingwala.com/adminpanel/vendor/laravel/framework/src/Illuminate/Foundation/Http/Kernel.php(138): Illuminate\\Foundation\\Http\\Kernel->renderException(Object(Illuminate\\Http\\Request), Object(Exception))
#17 /home/rgusomuk/posbillingwala.com/adminpanel/public/index.php(51): Illuminate\\Foundation\\Http\\Kernel->handle(Object(Illuminate\\Http\\Request))
#18 /home/rgusomuk/posbillingwala.com/adminpanel/index.php(21): require_once('/home/rgusomuk/...')
#19 {main}
"} 
[2026-08-24 14:17:32] local.ERROR: Uncaught ReflectionException: Class "view" does not exist in /home/rgusomuk/posbillingwala.com/adminpanel/vendor/laravel/framework/src/Illuminate/Container/Container.php:889
Stack trace:
#0 /home/rgusomuk/posbillingwala.com/adminpanel/vendor/laravel/framework/src/Illuminate/Container/Container.php(889): ReflectionClass->__construct('view')
#1 /home/rgusomuk/posbillingwala.com/adminpanel/vendor/laravel/framework/src/Illuminate/Container/Container.php(770): Illuminate\Container\Container->build('view')
#2 /home/rgusomuk/posbillingwala.com/adminpanel/vendor/laravel/framework/src/Illuminate/Foundation/Application.php(856): Illuminate\Container\Container->resolve('view', Array, true)
#3 /home/rgusomuk/posbillingwala.com/adminpanel/vendor/laravel/framework/src/Illuminate/Container/Container.php(706): Illuminate\Foundation\Application->resolve('view', Array)
#4 /home/rgusomuk/posbillingwala.com/adminpanel/vendor/laravel/framework/src/Illuminate/Foundation/Application.php(841): Illuminate\Container\Container->make('view', Array)
#5 /home/rgusomuk/posbillingwala.com/adminpanel/vendor/laravel/framework/src/Illuminate/Container/Container.php(1431): Illuminate\Foundation\Application->make('view')
#6 /home/rgusomuk/posbillingwala.com/adminpanel/vendor/laravel/framework/src/Illuminate/Support/Facades/Facade.php(222): Illuminate\Container\Container->offsetGet('view')
#7 /home/rgusomuk/posbillingwala.com/adminpanel/vendor/laravel/framework/src/Illuminate/Support/Facades/Facade.php(193): Illuminate\Support\Facades\Facade::resolveFacadeInstance('view')
#8 /home/rgusomuk/posbillingwala.com/adminpanel/vendor/laravel/framework/src/Illuminate/Support/Facades/Facade.php(332): Illuminate\Support\Facades\Facade::getFacadeRoot()
#9 /home/rgusomuk/posbillingwala.com/adminpanel/vendor/laravel/framework/src/Illuminate/Foundation/Exceptions/RegisterErrorViewPaths.php(16): Illuminate\Support\Facades\Facade::__callStatic('replaceNamespac...', Array)
#10 /home/rgusomuk/posbillingwala.com/adminpanel/vendor/laravel/framework/src/Illuminate/Foundation/Exceptions/Handler.php(642): Illuminate\Foundation\Exceptions\RegisterErrorViewPaths->__invoke()
#11 /home/rgusomuk/posbillingwala.com/adminpanel/vendor/laravel/framework/src/Illuminate/Foundation/Exceptions/Handler.php(623): Illuminate\Foundation\Exceptions\Handler->registerErrorViewPaths()
#12 /home/rgusomuk/posbillingwala.com/adminpanel/vendor/laravel/framework/src/Illuminate/Foundation/Exceptions/Handler.php(554): Illuminate\Foundation\Exceptions\Handler->renderHttpException(Object(Symfony\Component\HttpKernel\Exception\HttpException))
#13 /home/rgusomuk/posbillingwala.com/adminpanel/vendor/laravel/framework/src/Illuminate/Foundation/Exceptions/Handler.php(460): Illuminate\Foundation\Exceptions\Handler->prepareResponse(Object(Illuminate\Http\Request), Object(Symfony\Component\HttpKernel\Exception\HttpException))
#14 /home/rgusomuk/posbillingwala.com/adminpanel/vendor/laravel/framework/src/Illuminate/Foundation/Exceptions/Handler.php(377): Illuminate\Foundation\Exceptions\Handler->renderExceptionResponse(Object(Illuminate\Http\Request), Object(Illuminate\Contracts\Container\BindingResolutionException))
#15 /home/rgusomuk/posbillingwala.com/adminpanel/vendor/laravel/framework/src/Illuminate/Foundation/Bootstrap/HandleExceptions.php(229): Illuminate\Foundation\Exceptions\Handler->render(Object(Illuminate\Http\Request), Object(Illuminate\Contracts\Container\BindingResolutionException))
#16 /home/rgusomuk/posbillingwala.com/adminpanel/vendor/laravel/framework/src/Illuminate/Foundation/Bootstrap/HandleExceptions.php(206): Illuminate\Foundation\Bootstrap\HandleExceptions->renderHttpResponse(Object(Illuminate\Contracts\Container\BindingResolutionException))
#17 /home/rgusomuk/posbillingwala.com/adminpanel/vendor/laravel/framework/src/Illuminate/Foundation/Bootstrap/HandleExceptions.php(266): Illuminate\Foundation\Bootstrap\HandleExceptions->handleException(Object(Illuminate\Contracts\Container\BindingResolutionException))
#18 [internal function]: Illuminate\Foundation\Bootstrap\HandleExceptions->Illuminate\Foundation\Bootstrap\{closure}(Object(Illuminate\Contracts\Container\BindingResolutionException))
#19 {main}

Next Illuminate\Contracts\Container\BindingResolutionException: Target class [view] does not exist. in /home/rgusomuk/posbillingwala.com/adminpanel/vendor/laravel/framework/src/Illuminate/Container/Container.php:891
Stack trace:
#0 /home/rgusomuk/posbillingwala.com/adminpanel/vendor/laravel/framework/src/Illuminate/Container/Container.php(770): Illuminate\Container\Container->build('view')
#1 /home/rgusomuk/posbillingwala.com/adminpanel/vendor/laravel/framework/src/Illuminate/Foundation/Application.php(856): Illuminate\Container\Container->resolve('view', Array, true)
#2 /home/rgusomuk/posbillingwala.com/adminpanel/vendor/laravel/framework/src/Illuminate/Container/Container.php(706): Illuminate\Foundation\Application->resolve('view', Array)
#3 /home/rgusomuk/posbillingwala.com/adminpanel/vendor/laravel/framework/src/Illuminate/Foundation/Application.php(841): Illuminate\Container\Container->make('view', Array)
#4 /home/rgusomuk/posbillingwala.com/adminpanel/vendor/laravel/framework/src/Illuminate/Container/Container.php(1431): Illuminate\Foundation\Application->make('view')
#5 /home/rgusomuk/posbillingwala.com/adminpanel/vendor/laravel/framework/src/Illuminate/Support/Facades/Facade.php(222): Illuminate\Container\Container->offsetGet('view')
#6 /home/rgusomuk/posbillingwala.com/adminpanel/vendor/laravel/framework/src/Illuminate/Support/Facades/Facade.php(193): Illuminate\Support\Facades\Facade::resolveFacadeInstance('view')
#7 /home/rgusomuk/posbillingwala.com/adminpanel/vendor/laravel/framework/src/Illuminate/Support/Facades/Facade.php(332): Illuminate\Support\Facades\Facade::getFacadeRoot()
#8 /home/rgusomuk/posbillingwala.com/adminpanel/vendor/laravel/framework/src/Illuminate/Foundation/Exceptions/RegisterErrorViewPaths.php(16): Illuminate\Support\Facades\Facade::__callStatic('replaceNamespac...', Array)
#9 /home/rgusomuk/posbillingwala.com/adminpanel/vendor/laravel/framework/src/Illuminate/Foundation/Exceptions/Handler.php(642): Illuminate\Foundation\Exceptions\RegisterErrorViewPaths->__invoke()
#10 /home/rgusomuk/posbillingwala.com/adminpanel/vendor/laravel/framework/src/Illuminate/Foundation/Exceptions/Handler.php(623): Illuminate\Foundation\Exceptions\Handler->registerErrorViewPaths()
#11 /home/rgusomuk/posbillingwala.com/adminpanel/vendor/laravel/framework/src/Illuminate/Foundation/Exceptions/Handler.php(554): Illuminate\Foundation\Exceptions\Handler->renderHttpException(Object(Symfony\Component\HttpKernel\Exception\HttpException))
#12 /home/rgusomuk/posbillingwala.com/adminpanel/vendor/laravel/framework/src/Illuminate/Foundation/Exceptions/Handler.php(460): Illuminate\Foundation\Exceptions\Handler->prepareResponse(Object(Illuminate\Http\Request), Object(Symfony\Component\HttpKernel\Exception\HttpException))
#13 /home/rgusomuk/posbillingwala.com/adminpanel/vendor/laravel/framework/src/Illuminate/Foundation/Exceptions/Handler.php(377): Illuminate\Foundation\Exceptions\Handler->renderExceptionResponse(Object(Illuminate\Http\Request), Object(Illuminate\Contracts\Container\BindingResolutionException))
#14 /home/rgusomuk/posbillingwala.com/adminpanel/vendor/laravel/framework/src/Illuminate/Foundation/Bootstrap/HandleExceptions.php(229): Illuminate\Foundation\Exceptions\Handler->render(Object(Illuminate\Http\Request), Object(Illuminate\Contracts\Container\BindingResolutionException))
#15 /home/rgusomuk/posbillingwala.com/adminpanel/vendor/laravel/framework/src/Illuminate/Foundation/Bootstrap/HandleExceptions.php(206): Illuminate\Foundation\Bootstrap\HandleExceptions->renderHttpResponse(Object(Illuminate\Contracts\Container\BindingResolutionException))
#16 /home/rgusomuk/posbillingwala.com/adminpanel/vendor/laravel/framework/src/Illuminate/Foundation/Bootstrap/HandleExceptions.php(266): Illuminate\Foundation\Bootstrap\HandleExceptions->handleException(Object(Illuminate\Contracts\Container\BindingResolutionException))
#17 [internal function]: Illuminate\Foundation\Bootstrap\HandleExceptions->Illuminate\Foundation\Bootstrap\{closure}(Object(Illuminate\Contracts\Container\BindingResolutionException))
#18 {main}
  thrown {"exception":"[object] (Symfony\\Component\\ErrorHandler\\Error\\FatalError(code: 0): Uncaught ReflectionException: Class \"view\" does not exist in /home/rgusomuk/posbillingwala.com/adminpanel/vendor/laravel/framework/src/Illuminate/Container/Container.php:889
Stack trace:
#0 /home/rgusomuk/posbillingwala.com/adminpanel/vendor/laravel/framework/src/Illuminate/Container/Container.php(889): ReflectionClass->__construct('view')
#1 /home/rgusomuk/posbillingwala.com/adminpanel/vendor/laravel/framework/src/Illuminate/Container/Container.php(770): Illuminate\\Container\\Container->build('view')
#2 /home/rgusomuk/posbillingwala.com/adminpanel/vendor/laravel/framework/src/Illuminate/Foundation/Application.php(856): Illuminate\\Container\\Container->resolve('view', Array, true)
#3 /home/rgusomuk/posbillingwala.com/adminpanel/vendor/laravel/framework/src/Illuminate/Container/Container.php(706): Illuminate\\Foundation\\Application->resolve('view', Array)
#4 /home/rgusomuk/posbillingwala.com/adminpanel/vendor/laravel/framework/src/Illuminate/Foundation/Application.php(841): Illuminate\\Container\\Container->make('view', Array)
#5 /home/rgusomuk/posbillingwala.com/adminpanel/vendor/laravel/framework/src/Illuminate/Container/Container.php(1431): Illuminate\\Foundation\\Application->make('view')
#6 /home/rgusomuk/posbillingwala.com/adminpanel/vendor/laravel/framework/src/Illuminate/Support/Facades/Facade.php(222): Illuminate\\Container\\Container->offsetGet('view')
#7 /home/rgusomuk/posbillingwala.com/adminpanel/vendor/laravel/framework/src/Illuminate/Support/Facades/Facade.php(193): Illuminate\\Support\\Facades\\Facade::resolveFacadeInstance('view')
#8 /home/rgusomuk/posbillingwala.com/adminpanel/vendor/laravel/framework/src/Illuminate/Support/Facades/Facade.php(332): Illuminate\\Support\\Facades\\Facade::getFacadeRoot()
#9 /home/rgusomuk/posbillingwala.com/adminpanel/vendor/laravel/framework/src/Illuminate/Foundation/Exceptions/RegisterErrorViewPaths.php(16): Illuminate\\Support\\Facades\\Facade::__callStatic('replaceNamespac...', Array)
#10 /home/rgusomuk/posbillingwala.com/adminpanel/vendor/laravel/framework/src/Illuminate/Foundation/Exceptions/Handler.php(642): Illuminate\\Foundation\\Exceptions\\RegisterErrorViewPaths->__invoke()
#11 /home/rgusomuk/posbillingwala.com/adminpanel/vendor/laravel/framework/src/Illuminate/Foundation/Exceptions/Handler.php(623): Illuminate\\Foundation\\Exceptions\\Handler->registerErrorViewPaths()
#12 /home/rgusomuk/posbillingwala.com/adminpanel/vendor/laravel/framework/src/Illuminate/Foundation/Exceptions/Handler.php(554): Illuminate\\Foundation\\Exceptions\\Handler->renderHttpException(Object(Symfony\\Component\\HttpKernel\\Exception\\HttpException))
#13 /home/rgusomuk/posbillingwala.com/adminpanel/vendor/laravel/framework/src/Illuminate/Foundation/Exceptions/Handler.php(460): Illuminate\\Foundation\\Exceptions\\Handler->prepareResponse(Object(Illuminate\\Http\\Request), Object(Symfony\\Component\\HttpKernel\\Exception\\HttpException))
#14 /home/rgusomuk/posbillingwala.com/adminpanel/vendor/laravel/framework/src/Illuminate/Foundation/Exceptions/Handler.php(377): Illuminate\\Foundation\\Exceptions\\Handler->renderExceptionResponse(Object(Illuminate\\Http\\Request), Object(Illuminate\\Contracts\\Container\\BindingResolutionException))
#15 /home/rgusomuk/posbillingwala.com/adminpanel/vendor/laravel/framework/src/Illuminate/Foundation/Bootstrap/HandleExceptions.php(229): Illuminate\\Foundation\\Exceptions\\Handler->render(Object(Illuminate\\Http\\Request), Object(Illuminate\\Contracts\\Container\\BindingResolutionException))
#16 /home/rgusomuk/posbillingwala.com/adminpanel/vendor/laravel/framework/src/Illuminate/Foundation/Bootstrap/HandleExceptions.php(206): Illuminate\\Foundation\\Bootstrap\\HandleExceptions->renderHttpResponse(Object(Illuminate\\Contracts\\Container\\BindingResolutionException))
#17 /home/rgusomuk/posbillingwala.com/adminpanel/vendor/laravel/framework/src/Illuminate/Foundation/Bootstrap/HandleExceptions.php(266): Illuminate\\Foundation\\Bootstrap\\HandleExceptions->handleException(Object(Illuminate\\Contracts\\Container\\BindingResolutionException))
#18 [internal function]: Illuminate\\Foundation\\Bootstrap\\HandleExceptions->Illuminate\\Foundation\\Bootstrap\\{closure}(Object(Illuminate\\Contracts\\Container\\BindingResolutionException))
#19 {main}

Next Illuminate\\Contracts\\Container\\BindingResolutionException: Target class [view] does not exist. in /home/rgusomuk/posbillingwala.com/adminpanel/vendor/laravel/framework/src/Illuminate/Container/Container.php:891
Stack trace:
#0 /home/rgusomuk/posbillingwala.com/adminpanel/vendor/laravel/framework/src/Illuminate/Container/Container.php(770): Illuminate\\Container\\Container->build('view')
#1 /home/rgusomuk/posbillingwala.com/adminpanel/vendor/laravel/framework/src/Illuminate/Foundation/Application.php(856): Illuminate\\Container\\Container->resolve('view', Array, true)
#2 /home/rgusomuk/posbillingwala.com/adminpanel/vendor/laravel/framework/src/Illuminate/Container/Container.php(706): Illuminate\\Foundation\\Application->resolve('view', Array)
#3 /home/rgusomuk/posbillingwala.com/adminpanel/vendor/laravel/framework/src/Illuminate/Foundation/Application.php(841): Illuminate\\Container\\Container->make('view', Array)
#4 /home/rgusomuk/posbillingwala.com/adminpanel/vendor/laravel/framework/src/Illuminate/Container/Container.php(1431): Illuminate\\Foundation\\Application->make('view')
#5 /home/rgusomuk/posbillingwala.com/adminpanel/vendor/laravel/framework/src/Illuminate/Support/Facades/Facade.php(222): Illuminate\\Container\\Container->offsetGet('view')
#6 /home/rgusomuk/posbillingwala.com/adminpanel/vendor/laravel/framework/src/Illuminate/Support/Facades/Facade.php(193): Illuminate\\Support\\Facades\\Facade::resolveFacadeInstance('view')
#7 /home/rgusomuk/posbillingwala.com/adminpanel/vendor/laravel/framework/src/Illuminate/Support/Facades/Facade.php(332): Illuminate\\Support\\Facades\\Facade::getFacadeRoot()
#8 /home/rgusomuk/posbillingwala.com/adminpanel/vendor/laravel/framework/src/Illuminate/Foundation/Exceptions/RegisterErrorViewPaths.php(16): Illuminate\\Support\\Facades\\Facade::__callStatic('replaceNamespac...', Array)
#9 /home/rgusomuk/posbillingwala.com/adminpanel/vendor/laravel/framework/src/Illuminate/Foundation/Exceptions/Handler.php(642): Illuminate\\Foundation\\Exceptions\\RegisterErrorViewPaths->__invoke()
#10 /home/rgusomuk/posbillingwala.com/adminpanel/vendor/laravel/framework/src/Illuminate/Foundation/Exceptions/Handler.php(623): Illuminate\\Foundation\\Exceptions\\Handler->registerErrorViewPaths()
#11 /home/rgusomuk/posbillingwala.com/adminpanel/vendor/laravel/framework/src/Illuminate/Foundation/Exceptions/Handler.php(554): Illuminate\\Foundation\\Exceptions\\Handler->renderHttpException(Object(Symfony\\Component\\HttpKernel\\Exception\\HttpException))
#12 /home/rgusomuk/posbillingwala.com/adminpanel/vendor/laravel/framework/src/Illuminate/Foundation/Exceptions/Handler.php(460): Illuminate\\Foundation\\Exceptions\\Handler->prepareResponse(Object(Illuminate\\Http\\Request), Object(Symfony\\Component\\HttpKernel\\Exception\\HttpException))
#13 /home/rgusomuk/posbillingwala.com/adminpanel/vendor/laravel/framework/src/Illuminate/Foundation/Exceptions/Handler.php(377): Illuminate\\Foundation\\Exceptions\\Handler->renderExceptionResponse(Object(Illuminate\\Http\\Request), Object(Illuminate\\Contracts\\Container\\BindingResolutionException))
#14 /home/rgusomuk/posbillingwala.com/adminpanel/vendor/laravel/framework/src/Illuminate/Foundation/Bootstrap/HandleExceptions.php(229): Illuminate\\Foundation\\Exceptions\\Handler->render(Object(Illuminate\\Http\\Request), Object(Illuminate\\Contracts\\Container\\BindingResolutionException))
#15 /home/rgusomuk/posbillingwala.com/adminpanel/vendor/laravel/framework/src/Illuminate/Foundation/Bootstrap/HandleExceptions.php(206): Illuminate\\Foundation\\Bootstrap\\HandleExceptions->renderHttpResponse(Object(Illuminate\\Contracts\\Container\\BindingResolutionException))
#16 /home/rgusomuk/posbillingwala.com/adminpanel/vendor/laravel/framework/src/Illuminate/Foundation/Bootstrap/HandleExceptions.php(266): Illuminate\\Foundation\\Bootstrap\\HandleExceptions->handleException(Object(Illuminate\\Contracts\\Container\\BindingResolutionException))
#17 [internal function]: Illuminate\\Foundation\\Bootstrap\\HandleExceptions->Illuminate\\Foundation\\Bootstrap\\{closure}(Object(Illuminate\\Contracts\\Container\\BindingResolutionException))
#18 {main}
  thrown at /home/rgusomuk/posbillingwala.com/adminpanel/vendor/laravel/framework/src/Illuminate/Container/Container.php:891)
[stacktrace]
#0 {main}
"} 
[2026-08-24 16:50:02] local.ERROR: The /home/rgusomuk/posbillingwala.com/adminpanel/bootstrap/cache directory must be present and writable. {"exception":"[object] (Exception(code: 0): The /home/rgusomuk/posbillingwala.com/adminpanel/bootstrap/cache directory must be present and writable. at /home/rgusomuk/posbillingwala.com/adminpanel/vendor/laravel/framework/src/Illuminate/Foundation/PackageManifest.php:178)
[stacktrace]
#0 /home/rgusomuk/posbillingwala.com/adminpanel/vendor/laravel/framework/src/Illuminate/Foundation/PackageManifest.php(131): Illuminate\\Foundation\\PackageManifest->write(Array)
#1 /home/rgusomuk/posbillingwala.com/adminpanel/vendor/laravel/framework/src/Illuminate/Foundation/PackageManifest.php(107): Illuminate\\Foundation\\PackageManifest->build()
#2 /home/rgusomuk/posbillingwala.com/adminpanel/vendor/laravel/framework/src/Illuminate/Foundation/PackageManifest.php(90): Illuminate\\Foundation\\PackageManifest->getManifest()
#3 /home/rgusomuk/posbillingwala.com/adminpanel/vendor/laravel/framework/src/Illuminate/Foundation/PackageManifest.php(79): Illuminate\\Foundation\\PackageManifest->config('aliases')
#4 /home/rgusomuk/posbillingwala.com/adminpanel/vendor/laravel/framework/src/Illuminate/Foundation/Bootstrap/RegisterFacades.php(26): Illuminate\\Foundation\\PackageManifest->aliases()
#5 /home/rgusomuk/posbillingwala.com/adminpanel/vendor/laravel/framework/src/Illuminate/Foundation/Application.php(242): Illuminate\\Foundation\\Bootstrap\\RegisterFacades->bootstrap(Object(Illuminate\\Foundation\\Application))
#6 /home/rgusomuk/posbillingwala.com/adminpanel/vendor/laravel/framework/src/Illuminate/Foundation/Http/Kernel.php(176): Illuminate\\Foundation\\Application->bootstrapWith(Array)
#7 /home/rgusomuk/posbillingwala.com/adminpanel/vendor/laravel/framework/src/Illuminate/Foundation/Http/Kernel.php(160): Illuminate\\Foundation\\Http\\Kernel->bootstrap()
#8 /home/rgusomuk/posbillingwala.com/adminpanel/vendor/laravel/framework/src/Illuminate/Foundation/Http/Kernel.php(134): Illuminate\\Foundation\\Http\\Kernel->sendRequestThroughRouter(Object(Illuminate\\Http\\Request))
#9 /home/rgusomuk/posbillingwala.com/adminpanel/public/index.php(51): Illuminate\\Foundation\\Http\\Kernel->handle(Object(Illuminate\\Http\\Request))
#10 /home/rgusomuk/posbillingwala.com/adminpanel/index.php(21): require_once('/home/rgusomuk/...')
#11 {main}
"} 
[2026-08-24 16:50:02] local.ERROR: Target class [view] does not exist. {"exception":"[object] (Illuminate\\Contracts\\Container\\BindingResolutionException(code: 0): Target class [view] does not exist. at /home/rgusomuk/posbillingwala.com/adminpanel/vendor/laravel/framework/src/Illuminate/Container/Container.php:891)
[stacktrace]
#0 /home/rgusomuk/posbillingwala.com/adminpanel/vendor/laravel/framework/src/Illuminate/Container/Container.php(770): Illuminate\\Container\\Container->build('view')
#1 /home/rgusomuk/posbillingwala.com/adminpanel/vendor/laravel/framework/src/Illuminate/Foundation/Application.php(856): Illuminate\\Container\\Container->resolve('view', Array, true)
#2 /home/rgusomuk/posbillingwala.com/adminpanel/vendor/laravel/framework/src/Illuminate/Container/Container.php(706): Illuminate\\Foundation\\Application->resolve('view', Array)
#3 /home/rgusomuk/posbillingwala.com/adminpanel/vendor/laravel/framework/src/Illuminate/Foundation/Application.php(841): Illuminate\\Container\\Container->make('view', Array)
#4 /home/rgusomuk/posbillingwala.com/adminpanel/vendor/laravel/framework/src/Illuminate/Container/Container.php(1431): Illuminate\\Foundation\\Application->make('view')
#5 /home/rgusomuk/posbillingwala.com/adminpanel/vendor/laravel/framework/src/Illuminate/Support/Facades/Facade.php(222): Illuminate\\Container\\Container->offsetGet('view')
#6 /home/rgusomuk/posbillingwala.com/adminpanel/vendor/laravel/framework/src/Illuminate/Support/Facades/Facade.php(193): Illuminate\\Support\\Facades\\Facade::resolveFacadeInstance('view')
#7 /home/rgusomuk/posbillingwala.com/adminpanel/vendor/laravel/framework/src/Illuminate/Support/Facades/Facade.php(332): Illuminate\\Support\\Facades\\Facade::getFacadeRoot()
#8 /home/rgusomuk/posbillingwala.com/adminpanel/vendor/laravel/framework/src/Illuminate/Foundation/Exceptions/RegisterErrorViewPaths.php(16): Illuminate\\Support\\Facades\\Facade::__callStatic('replaceNamespac...', Array)
#9 /home/rgusomuk/posbillingwala.com/adminpanel/vendor/laravel/framework/src/Illuminate/Foundation/Exceptions/Handler.php(642): Illuminate\\Foundation\\Exceptions\\RegisterErrorViewPaths->__invoke()
#10 /home/rgusomuk/posbillingwala.com/adminpanel/vendor/laravel/framework/src/Illuminate/Foundation/Exceptions/Handler.php(623): Illuminate\\Foundation\\Exceptions\\Handler->registerErrorViewPaths()
#11 /home/rgusomuk/posbillingwala.com/adminpanel/vendor/laravel/framework/src/Illuminate/Foundation/Exceptions/Handler.php(554): Illuminate\\Foundation\\Exceptions\\Handler->renderHttpException(Object(Symfony\\Component\\HttpKernel\\Exception\\HttpException))
#12 /home/rgusomuk/posbillingwala.com/adminpanel/vendor/laravel/framework/src/Illuminate/Foundation/Exceptions/Handler.php(460): Illuminate\\Foundation\\Exceptions\\Handler->prepareResponse(Object(Illuminate\\Http\\Request), Object(Symfony\\Component\\HttpKernel\\Exception\\HttpException))
#13 /home/rgusomuk/posbillingwala.com/adminpanel/vendor/laravel/framework/src/Illuminate/Foundation/Exceptions/Handler.php(377): Illuminate\\Foundation\\Exceptions\\Handler->renderExceptionResponse(Object(Illuminate\\Http\\Request), Object(Exception))
#14 /home/rgusomuk/posbillingwala.com/adminpanel/vendor/laravel/framework/src/Illuminate/Foundation/Http/Kernel.php(493): Illuminate\\Foundation\\Exceptions\\Handler->render(Object(Illuminate\\Http\\Request), Object(Exception))
#15 /home/rgusomuk/posbillingwala.com/adminpanel/vendor/laravel/framework/src/Illuminate/Foundation/Http/Kernel.php(138): Illuminate\\Foundation\\Http\\Kernel->renderException(Object(Illuminate\\Http\\Request), Object(Exception))
#16 /home/rgusomuk/posbillingwala.com/adminpanel/public/index.php(51): Illuminate\\Foundation\\Http\\Kernel->handle(Object(Illuminate\\Http\\Request))
#17 /home/rgusomuk/posbillingwala.com/adminpanel/index.php(21): require_once('/home/rgusomuk/...')
#18 {main}

[previous exception] [object] (ReflectionException(code: -1): Class \"view\" does not exist at /home/rgusomuk/posbillingwala.com/adminpanel/vendor/laravel/framework/src/Illuminate/Container/Container.php:889)
[stacktrace]
#0 /home/rgusomuk/posbillingwala.com/adminpanel/vendor/laravel/framework/src/Illuminate/Container/Container.php(889): ReflectionClass->__construct('view')
#1 /home/rgusomuk/posbillingwala.com/adminpanel/vendor/laravel/framework/src/Illuminate/Container/Container.php(770): Illuminate\\Container\\Container->build('view')
#2 /home/rgusomuk/posbillingwala.com/adminpanel/vendor/laravel/framework/src/Illuminate/Foundation/Application.php(856): Illuminate\\Container\\Container->resolve('view', Array, true)
#3 /home/rgusomuk/posbillingwala.com/adminpanel/vendor/laravel/framework/src/Illuminate/Container/Container.php(706): Illuminate\\Foundation\\Application->resolve('view', Array)
#4 /home/rgusomuk/posbillingwala.com/adminpanel/vendor/laravel/framework/src/Illuminate/Foundation/Application.php(841): Illuminate\\Container\\Container->make('view', Array)
#5 /home/rgusomuk/posbillingwala.com/adminpanel/vendor/laravel/framework/src/Illuminate/Container/Container.php(1431): Illuminate\\Foundation\\Application->make('view')
#6 /home/rgusomuk/posbillingwala.com/adminpanel/vendor/laravel/framework/src/Illuminate/Support/Facades/Facade.php(222): Illuminate\\Container\\Container->offsetGet('view')
#7 /home/rgusomuk/posbillingwala.com/adminpanel/vendor/laravel/framework/src/Illuminate/Support/Facades/Facade.php(193): Illuminate\\Support\\Facades\\Facade::resolveFacadeInstance('view')
#8 /home/rgusomuk/posbillingwala.com/adminpanel/vendor/laravel/framework/src/Illuminate/Support/Facades/Facade.php(332): Illuminate\\Support\\Facades\\Facade::getFacadeRoot()
#9 /home/rgusomuk/posbillingwala.com/adminpanel/vendor/laravel/framework/src/Illuminate/Foundation/Exceptions/RegisterErrorViewPaths.php(16): Illuminate\\Support\\Facades\\Facade::__callStatic('replaceNamespac...', Array)
#10 /home/rgusomuk/posbillingwala.com/adminpanel/vendor/laravel/framework/src/Illuminate/Foundation/Exceptions/Handler.php(642): Illuminate\\Foundation\\Exceptions\\RegisterErrorViewPaths->__invoke()
#11 /home/rgusomuk/posbillingwala.com/adminpanel/vendor/laravel/framework/src/Illuminate/Foundation/Exceptions/Handler.php(623): Illuminate\\Foundation\\Exceptions\\Handler->registerErrorViewPaths()
#12 /home/rgusomuk/posbillingwala.com/adminpanel/vendor/laravel/framework/src/Illuminate/Foundation/Exceptions/Handler.php(554): Illuminate\\Foundation\\Exceptions\\Handler->renderHttpException(Object(Symfony\\Component\\HttpKernel\\Exception\\HttpException))
#13 /home/rgusomuk/posbillingwala.com/adminpanel/vendor/laravel/framework/src/Illuminate/Foundation/Exceptions/Handler.php(460): Illuminate\\Foundation\\Exceptions\\Handler->prepareResponse(Object(Illuminate\\Http\\Request), Object(Symfony\\Component\\HttpKernel\\Exception\\HttpException))
#14 /home/rgusomuk/posbillingwala.com/adminpanel/vendor/laravel/framework/src/Illuminate/Foundation/Exceptions/Handler.php(377): Illuminate\\Foundation\\Exceptions\\Handler->renderExceptionResponse(Object(Illuminate\\Http\\Request), Object(Exception))
#15 /home/rgusomuk/posbillingwala.com/adminpanel/vendor/laravel/framework/src/Illuminate/Foundation/Http/Kernel.php(493): Illuminate\\Foundation\\Exceptions\\Handler->render(Object(Illuminate\\Http\\Request), Object(Exception))
#16 /home/rgusomuk/posbillingwala.com/adminpanel/vendor/laravel/framework/src/Illuminate/Foundation/Http/Kernel.php(138): Illuminate\\Foundation\\Http\\Kernel->renderException(Object(Illuminate\\Http\\Request), Object(Exception))
#17 /home/rgusomuk/posbillingwala.com/adminpanel/public/index.php(51): Illuminate\\Foundation\\Http\\Kernel->handle(Object(Illuminate\\Http\\Request))
#18 /home/rgusomuk/posbillingwala.com/adminpanel/index.php(21): require_once('/home/rgusomuk/...')
#19 {main}
"} 
[2026-08-24 16:50:02] local.ERROR: Uncaught ReflectionException: Class "view" does not exist in /home/rgusomuk/posbillingwala.com/adminpanel/vendor/laravel/framework/src/Illuminate/Container/Container.php:889
Stack trace:
#0 /home/rgusomuk/posbillingwala.com/adminpanel/vendor/laravel/framework/src/Illuminate/Container/Container.php(889): ReflectionClass->__construct('view')
#1 /home/rgusomuk/posbillingwala.com/adminpanel/vendor/laravel/framework/src/Illuminate/Container/Container.php(770): Illuminate\Container\Container->build('view')
#2 /home/rgusomuk/posbillingwala.com/adminpanel/vendor/laravel/framework/src/Illuminate/Foundation/Application.php(856): Illuminate\Container\Container->resolve('view', Array, true)
#3 /home/rgusomuk/posbillingwala.com/adminpanel/vendor/laravel/framework/src/Illuminate/Container/Container.php(706): Illuminate\Foundation\Application->resolve('view', Array)
#4 /home/rgusomuk/posbillingwala.com/adminpanel/vendor/laravel/framework/src/Illuminate/Foundation/Application.php(841): Illuminate\Container\Container->make('view', Array)
#5 /home/rgusomuk/posbillingwala.com/adminpanel/vendor/laravel/framework/src/Illuminate/Container/Container.php(1431): Illuminate\Foundation\Application->make('view')
#6 /home/rgusomuk/posbillingwala.com/adminpanel/vendor/laravel/framework/src/Illuminate/Support/Facades/Facade.php(222): Illuminate\Container\Container->offsetGet('view')
#7 /home/rgusomuk/posbillingwala.com/adminpanel/vendor/laravel/framework/src/Illuminate/Support/Facades/Facade.php(193): Illuminate\Support\Facades\Facade::resolveFacadeInstance('view')
#8 /home/rgusomuk/posbillingwala.com/adminpanel/vendor/laravel/framework/src/Illuminate/Support/Facades/Facade.php(332): Illuminate\Support\Facades\Facade::getFacadeRoot()
#9 /home/rgusomuk/posbillingwala.com/adminpanel/vendor/laravel/framework/src/Illuminate/Foundation/Exceptions/RegisterErrorViewPaths.php(16): Illuminate\Support\Facades\Facade::__callStatic('replaceNamespac...', Array)
#10 /home/rgusomuk/posbillingwala.com/adminpanel/vendor/laravel/framework/src/Illuminate/Foundation/Exceptions/Handler.php(642): Illuminate\Foundation\Exceptions\RegisterErrorViewPaths->__invoke()
#11 /home/rgusomuk/posbillingwala.com/adminpanel/vendor/laravel/framework/src/Illuminate/Foundation/Exceptions/Handler.php(623): Illuminate\Foundation\Exceptions\Handler->registerErrorViewPaths()
#12 /home/rgusomuk/posbillingwala.com/adminpanel/vendor/laravel/framework/src/Illuminate/Foundation/Exceptions/Handler.php(554): Illuminate\Foundation\Exceptions\Handler->renderHttpException(Object(Symfony\Component\HttpKernel\Exception\HttpException))
#13 /home/rgusomuk/posbillingwala.com/adminpanel/vendor/laravel/framework/src/Illuminate/Foundation/Exceptions/Handler.php(460): Illuminate\Foundation\Exceptions\Handler->prepareResponse(Object(Illuminate\Http\Request), Object(Symfony\Component\HttpKernel\Exception\HttpException))
#14 /home/rgusomuk/posbillingwala.com/adminpanel/vendor/laravel/framework/src/Illuminate/Foundation/Exceptions/Handler.php(377): Illuminate\Foundation\Exceptions\Handler->renderExceptionResponse(Object(Illuminate\Http\Request), Object(Illuminate\Contracts\Container\BindingResolutionException))
#15 /home/rgusomuk/posbillingwala.com/adminpanel/vendor/laravel/framework/src/Illuminate/Foundation/Bootstrap/HandleExceptions.php(229): Illuminate\Foundation\Exceptions\Handler->render(Object(Illuminate\Http\Request), Object(Illuminate\Contracts\Container\BindingResolutionException))
#16 /home/rgusomuk/posbillingwala.com/adminpanel/vendor/laravel/framework/src/Illuminate/Foundation/Bootstrap/HandleExceptions.php(206): Illuminate\Foundation\Bootstrap\HandleExceptions->renderHttpResponse(Object(Illuminate\Contracts\Container\BindingResolutionException))
#17 /home/rgusomuk/posbillingwala.com/adminpanel/vendor/laravel/framework/src/Illuminate/Foundation/Bootstrap/HandleExceptions.php(266): Illuminate\Foundation\Bootstrap\HandleExceptions->handleException(Object(Illuminate\Contracts\Container\BindingResolutionException))
#18 [internal function]: Illuminate\Foundation\Bootstrap\HandleExceptions->Illuminate\Foundation\Bootstrap\{closure}(Object(Illuminate\Contracts\Container\BindingResolutionException))
#19 {main}

Next Illuminate\Contracts\Container\BindingResolutionException: Target class [view] does not exist. in /home/rgusomuk/posbillingwala.com/adminpanel/vendor/laravel/framework/src/Illuminate/Container/Container.php:891
Stack trace:
#0 /home/rgusomuk/posbillingwala.com/adminpanel/vendor/laravel/framework/src/Illuminate/Container/Container.php(770): Illuminate\Container\Container->build('view')
#1 /home/rgusomuk/posbillingwala.com/adminpanel/vendor/laravel/framework/src/Illuminate/Foundation/Application.php(856): Illuminate\Container\Container->resolve('view', Array, true)
#2 /home/rgusomuk/posbillingwala.com/adminpanel/vendor/laravel/framework/src/Illuminate/Container/Container.php(706): Illuminate\Foundation\Application->resolve('view', Array)
#3 /home/rgusomuk/posbillingwala.com/adminpanel/vendor/laravel/framework/src/Illuminate/Foundation/Application.php(841): Illuminate\Container\Container->make('view', Array)
#4 /home/rgusomuk/posbillingwala.com/adminpanel/vendor/laravel/framework/src/Illuminate/Container/Container.php(1431): Illuminate\Foundation\Application->make('view')
#5 /home/rgusomuk/posbillingwala.com/adminpanel/vendor/laravel/framework/src/Illuminate/Support/Facades/Facade.php(222): Illuminate\Container\Container->offsetGet('view')
#6 /home/rgusomuk/posbillingwala.com/adminpanel/vendor/laravel/framework/src/Illuminate/Support/Facades/Facade.php(193): Illuminate\Support\Facades\Facade::resolveFacadeInstance('view')
#7 /home/rgusomuk/posbillingwala.com/adminpanel/vendor/laravel/framework/src/Illuminate/Support/Facades/Facade.php(332): Illuminate\Support\Facades\Facade::getFacadeRoot()
#8 /home/rgusomuk/posbillingwala.com/adminpanel/vendor/laravel/framework/src/Illuminate/Foundation/Exceptions/RegisterErrorViewPaths.php(16): Illuminate\Support\Facades\Facade::__callStatic('replaceNamespac...', Array)
#9 /home/rgusomuk/posbillingwala.com/adminpanel/vendor/laravel/framework/src/Illuminate/Foundation/Exceptions/Handler.php(642): Illuminate\Foundation\Exceptions\RegisterErrorViewPaths->__invoke()
#10 /home/rgusomuk/posbillingwala.com/adminpanel/vendor/laravel/framework/src/Illuminate/Foundation/Exceptions/Handler.php(623): Illuminate\Foundation\Exceptions\Handler->registerErrorViewPaths()
#11 /home/rgusomuk/posbillingwala.com/adminpanel/vendor/laravel/framework/src/Illuminate/Foundation/Exceptions/Handler.php(554): Illuminate\Foundation\Exceptions\Handler->renderHttpException(Object(Symfony\Component\HttpKernel\Exception\HttpException))
#12 /home/rgusomuk/posbillingwala.com/adminpanel/vendor/laravel/framework/src/Illuminate/Foundation/Exceptions/Handler.php(460): Illuminate\Foundation\Exceptions\Handler->prepareResponse(Object(Illuminate\Http\Request), Object(Symfony\Component\HttpKernel\Exception\HttpException))
#13 /home/rgusomuk/posbillingwala.com/adminpanel/vendor/laravel/framework/src/Illuminate/Foundation/Exceptions/Handler.php(377): Illuminate\Foundation\Exceptions\Handler->renderExceptionResponse(Object(Illuminate\Http\Request), Object(Illuminate\Contracts\Container\BindingResolutionException))
#14 /home/rgusomuk/posbillingwala.com/adminpanel/vendor/laravel/framework/src/Illuminate/Foundation/Bootstrap/HandleExceptions.php(229): Illuminate\Foundation\Exceptions\Handler->render(Object(Illuminate\Http\Request), Object(Illuminate\Contracts\Container\BindingResolutionException))
#15 /home/rgusomuk/posbillingwala.com/adminpanel/vendor/laravel/framework/src/Illuminate/Foundation/Bootstrap/HandleExceptions.php(206): Illuminate\Foundation\Bootstrap\HandleExceptions->renderHttpResponse(Object(Illuminate\Contracts\Container\BindingResolutionException))
#16 /home/rgusomuk/posbillingwala.com/adminpanel/vendor/laravel/framework/src/Illuminate/Foundation/Bootstrap/HandleExceptions.php(266): Illuminate\Foundation\Bootstrap\HandleExceptions->handleException(Object(Illuminate\Contracts\Container\BindingResolutionException))
#17 [internal function]: Illuminate\Foundation\Bootstrap\HandleExceptions->Illuminate\Foundation\Bootstrap\{closure}(Object(Illuminate\Contracts\Container\BindingResolutionException))
#18 {main}
  thrown {"exception":"[object] (Symfony\\Component\\ErrorHandler\\Error\\FatalError(code: 0): Uncaught ReflectionException: Class \"view\" does not exist in /home/rgusomuk/posbillingwala.com/adminpanel/vendor/laravel/framework/src/Illuminate/Container/Container.php:889
Stack trace:
#0 /home/rgusomuk/posbillingwala.com/adminpanel/vendor/laravel/framework/src/Illuminate/Container/Container.php(889): ReflectionClass->__construct('view')
#1 /home/rgusomuk/posbillingwala.com/adminpanel/vendor/laravel/framework/src/Illuminate/Container/Container.php(770): Illuminate\\Container\\Container->build('view')
#2 /home/rgusomuk/posbillingwala.com/adminpanel/vendor/laravel/framework/src/Illuminate/Foundation/Application.php(856): Illuminate\\Container\\Container->resolve('view', Array, true)
#3 /home/rgusomuk/posbillingwala.com/adminpanel/vendor/laravel/framework/src/Illuminate/Container/Container.php(706): Illuminate\\Foundation\\Application->resolve('view', Array)
#4 /home/rgusomuk/posbillingwala.com/adminpanel/vendor/laravel/framework/src/Illuminate/Foundation/Application.php(841): Illuminate\\Container\\Container->make('view', Array)
#5 /home/rgusomuk/posbillingwala.com/adminpanel/vendor/laravel/framework/src/Illuminate/Container/Container.php(1431): Illuminate\\Foundation\\Application->make('view')
#6 /home/rgusomuk/posbillingwala.com/adminpanel/vendor/laravel/framework/src/Illuminate/Support/Facades/Facade.php(222): Illuminate\\Container\\Container->offsetGet('view')
#7 /home/rgusomuk/posbillingwala.com/adminpanel/vendor/laravel/framework/src/Illuminate/Support/Facades/Facade.php(193): Illuminate\\Support\\Facades\\Facade::resolveFacadeInstance('view')
#8 /home/rgusomuk/posbillingwala.com/adminpanel/vendor/laravel/framework/src/Illuminate/Support/Facades/Facade.php(332): Illuminate\\Support\\Facades\\Facade::getFacadeRoot()
#9 /home/rgusomuk/posbillingwala.com/adminpanel/vendor/laravel/framework/src/Illuminate/Foundation/Exceptions/RegisterErrorViewPaths.php(16): Illuminate\\Support\\Facades\\Facade::__callStatic('replaceNamespac...', Array)
#10 /home/rgusomuk/posbillingwala.com/adminpanel/vendor/laravel/framework/src/Illuminate/Foundation/Exceptions/Handler.php(642): Illuminate\\Foundation\\Exceptions\\RegisterErrorViewPaths->__invoke()
#11 /home/rgusomuk/posbillingwala.com/adminpanel/vendor/laravel/framework/src/Illuminate/Foundation/Exceptions/Handler.php(623): Illuminate\\Foundation\\Exceptions\\Handler->registerErrorViewPaths()
#12 /home/rgusomuk/posbillingwala.com/adminpanel/vendor/laravel/framework/src/Illuminate/Foundation/Exceptions/Handler.php(554): Illuminate\\Foundation\\Exceptions\\Handler->renderHttpException(Object(Symfony\\Component\\HttpKernel\\Exception\\HttpException))
#13 /home/rgusomuk/posbillingwala.com/adminpanel/vendor/laravel/framework/src/Illuminate/Foundation/Exceptions/Handler.php(460): Illuminate\\Foundation\\Exceptions\\Handler->prepareResponse(Object(Illuminate\\Http\\Request), Object(Symfony\\Component\\HttpKernel\\Exception\\HttpException))
#14 /home/rgusomuk/posbillingwala.com/adminpanel/vendor/laravel/framework/src/Illuminate/Foundation/Exceptions/Handler.php(377): Illuminate\\Foundation\\Exceptions\\Handler->renderExceptionResponse(Object(Illuminate\\Http\\Request), Object(Illuminate\\Contracts\\Container\\BindingResolutionException))
#15 /home/rgusomuk/posbillingwala.com/adminpanel/vendor/laravel/framework/src/Illuminate/Foundation/Bootstrap/HandleExceptions.php(229): Illuminate\\Foundation\\Exceptions\\Handler->render(Object(Illuminate\\Http\\Request), Object(Illuminate\\Contracts\\Container\\BindingResolutionException))
#16 /home/rgusomuk/posbillingwala.com/adminpanel/vendor/laravel/framework/src/Illuminate/Foundation/Bootstrap/HandleExceptions.php(206): Illuminate\\Foundation\\Bootstrap\\HandleExceptions->renderHttpResponse(Object(Illuminate\\Contracts\\Container\\BindingResolutionException))
#17 /home/rgusomuk/posbillingwala.com/adminpanel/vendor/laravel/framework/src/Illuminate/Foundation/Bootstrap/HandleExceptions.php(266): Illuminate\\Foundation\\Bootstrap\\HandleExceptions->handleException(Object(Illuminate\\Contracts\\Container\\BindingResolutionException))
#18 [internal function]: Illuminate\\Foundation\\Bootstrap\\HandleExceptions->Illuminate\\Foundation\\Bootstrap\\{closure}(Object(Illuminate\\Contracts\\Container\\BindingResolutionException))
#19 {main}

Next Illuminate\\Contracts\\Container\\BindingResolutionException: Target class [view] does not exist. in /home/rgusomuk/posbillingwala.com/adminpanel/vendor/laravel/framework/src/Illuminate/Container/Container.php:891
Stack trace:
#0 /home/rgusomuk/posbillingwala.com/adminpanel/vendor/laravel/framework/src/Illuminate/Container/Container.php(770): Illuminate\\Container\\Container->build('view')
#1 /home/rgusomuk/posbillingwala.com/adminpanel/vendor/laravel/framework/src/Illuminate/Foundation/Application.php(856): Illuminate\\Container\\Container->resolve('view', Array, true)
#2 /home/rgusomuk/posbillingwala.com/adminpanel/vendor/laravel/framework/src/Illuminate/Container/Container.php(706): Illuminate\\Foundation\\Application->resolve('view', Array)
#3 /home/rgusomuk/posbillingwala.com/adminpanel/vendor/laravel/framework/src/Illuminate/Foundation/Application.php(841): Illuminate\\Container\\Container->make('view', Array)
#4 /home/rgusomuk/posbillingwala.com/adminpanel/vendor/laravel/framework/src/Illuminate/Container/Container.php(1431): Illuminate\\Foundation\\Application->make('view')
#5 /home/rgusomuk/posbillingwala.com/adminpanel/vendor/laravel/framework/src/Illuminate/Support/Facades/Facade.php(222): Illuminate\\Container\\Container->offsetGet('view')
#6 /home/rgusomuk/posbillingwala.com/adminpanel/vendor/laravel/framework/src/Illuminate/Support/Facades/Facade.php(193): Illuminate\\Support\\Facades\\Facade::resolveFacadeInstance('view')
#7 /home/rgusomuk/posbillingwala.com/adminpanel/vendor/laravel/framework/src/Illuminate/Support/Facades/Facade.php(332): Illuminate\\Support\\Facades\\Facade::getFacadeRoot()
#8 /home/rgusomuk/posbillingwala.com/adminpanel/vendor/laravel/framework/src/Illuminate/Foundation/Exceptions/RegisterErrorViewPaths.php(16): Illuminate\\Support\\Facades\\Facade::__callStatic('replaceNamespac...', Array)
#9 /home/rgusomuk/posbillingwala.com/adminpanel/vendor/laravel/framework/src/Illuminate/Foundation/Exceptions/Handler.php(642): Illuminate\\Foundation\\Exceptions\\RegisterErrorViewPaths->__invoke()
#10 /home/rgusomuk/posbillingwala.com/adminpanel/vendor/laravel/framework/src/Illuminate/Foundation/Exceptions/Handler.php(623): Illuminate\\Foundation\\Exceptions\\Handler->registerErrorViewPaths()
#11 /home/rgusomuk/posbillingwala.com/adminpanel/vendor/laravel/framework/src/Illuminate/Foundation/Exceptions/Handler.php(554): Illuminate\\Foundation\\Exceptions\\Handler->renderHttpException(Object(Symfony\\Component\\HttpKernel\\Exception\\HttpException))
#12 /home/rgusomuk/posbillingwala.com/adminpanel/vendor/laravel/framework/src/Illuminate/Foundation/Exceptions/Handler.php(460): Illuminate\\Foundation\\Exceptions\\Handler->prepareResponse(Object(Illuminate\\Http\\Request), Object(Symfony\\Component\\HttpKernel\\Exception\\HttpException))
#13 /home/rgusomuk/posbillingwala.com/adminpanel/vendor/laravel/framework/src/Illuminate/Foundation/Exceptions/Handler.php(377): Illuminate\\Foundation\\Exceptions\\Handler->renderExceptionResponse(Object(Illuminate\\Http\\Request), Object(Illuminate\\Contracts\\Container\\BindingResolutionException))
#14 /home/rgusomuk/posbillingwala.com/adminpanel/vendor/laravel/framework/src/Illuminate/Foundation/Bootstrap/HandleExceptions.php(229): Illuminate\\Foundation\\Exceptions\\Handler->render(Object(Illuminate\\Http\\Request), Object(Illuminate\\Contracts\\Container\\BindingResolutionException))
#15 /home/rgusomuk/posbillingwala.com/adminpanel/vendor/laravel/framework/src/Illuminate/Foundation/Bootstrap/HandleExceptions.php(206): Illuminate\\Foundation\\Bootstrap\\HandleExceptions->renderHttpResponse(Object(Illuminate\\Contracts\\Container\\BindingResolutionException))
#16 /home/rgusomuk/posbillingwala.com/adminpanel/vendor/laravel/framework/src/Illuminate/Foundation/Bootstrap/HandleExceptions.php(266): Illuminate\\Foundation\\Bootstrap\\HandleExceptions->handleException(Object(Illuminate\\Contracts\\Container\\BindingResolutionException))
#17 [internal function]: Illuminate\\Foundation\\Bootstrap\\HandleExceptions->Illuminate\\Foundation\\Bootstrap\\{closure}(Object(Illuminate\\Contracts\\Container\\BindingResolutionException))
#18 {main}
  thrown at /home/rgusomuk/posbillingwala.com/adminpanel/vendor/laravel/framework/src/Illuminate/Container/Container.php:891)
[stacktrace]
#0 {main}
"} 
[2026-08-24 16:50:02] local.ERROR: The /home/rgusomuk/posbillingwala.com/adminpanel/bootstrap/cache directory must be present and writable. {"exception":"[object] (Exception(code: 0): The /home/rgusomuk/posbillingwala.com/adminpanel/bootstrap/cache directory must be present and writable. at /home/rgusomuk/posbillingwala.com/adminpanel/vendor/laravel/framework/src/Illuminate/Foundation/PackageManifest.php:178)
[stacktrace]
#0 /home/rgusomuk/posbillingwala.com/adminpanel/vendor/laravel/framework/src/Illuminate/Foundation/PackageManifest.php(131): Illuminate\\Foundation\\PackageManifest->write(Array)
#1 /home/rgusomuk/posbillingwala.com/adminpanel/vendor/laravel/framework/src/Illuminate/Foundation/PackageManifest.php(107): Illuminate\\Foundation\\PackageManifest->build()
#2 /home/rgusomuk/posbillingwala.com/adminpanel/vendor/laravel/framework/src/Illuminate/Foundation/PackageManifest.php(90): Illuminate\\Foundation\\PackageManifest->getManifest()
#3 /home/rgusomuk/posbillingwala.com/adminpanel/vendor/laravel/framework/src/Illuminate/Foundation/PackageManifest.php(79): Illuminate\\Foundation\\PackageManifest->config('aliases')
#4 /home/rgusomuk/posbillingwala.com/adminpanel/vendor/laravel/framework/src/Illuminate/Foundation/Bootstrap/RegisterFacades.php(26): Illuminate\\Foundation\\PackageManifest->aliases()
#5 /home/rgusomuk/posbillingwala.com/adminpanel/vendor/laravel/framework/src/Illuminate/Foundation/Application.php(242): Illuminate\\Foundation\\Bootstrap\\RegisterFacades->bootstrap(Object(Illuminate\\Foundation\\Application))
#6 /home/rgusomuk/posbillingwala.com/adminpanel/vendor/laravel/framework/src/Illuminate/Foundation/Http/Kernel.php(176): Illuminate\\Foundation\\Application->bootstrapWith(Array)
#7 /home/rgusomuk/posbillingwala.com/adminpanel/vendor/laravel/framework/src/Illuminate/Foundation/Http/Kernel.php(160): Illuminate\\Foundation\\Http\\Kernel->bootstrap()
#8 /home/rgusomuk/posbillingwala.com/adminpanel/vendor/laravel/framework/src/Illuminate/Foundation/Http/Kernel.php(134): Illuminate\\Foundation\\Http\\Kernel->sendRequestThroughRouter(Object(Illuminate\\Http\\Request))
#9 /home/rgusomuk/posbillingwala.com/adminpanel/public/index.php(51): Illuminate\\Foundation\\Http\\Kernel->handle(Object(Illuminate\\Http\\Request))
#10 /home/rgusomuk/posbillingwala.com/adminpanel/index.php(21): require_once('/home/rgusomuk/...')
#11 {main}
"} 
[2026-08-24 16:50:02] local.ERROR: Target class [view] does not exist. {"exception":"[object] (Illuminate\\Contracts\\Container\\BindingResolutionException(code: 0): Target class [view] does not exist. at /home/rgusomuk/posbillingwala.com/adminpanel/vendor/laravel/framework/src/Illuminate/Container/Container.php:891)
[stacktrace]
#0 /home/rgusomuk/posbillingwala.com/adminpanel/vendor/laravel/framework/src/Illuminate/Container/Container.php(770): Illuminate\\Container\\Container->build('view')
#1 /home/rgusomuk/posbillingwala.com/adminpanel/vendor/laravel/framework/src/Illuminate/Foundation/Application.php(856): Illuminate\\Container\\Container->resolve('view', Array, true)
#2 /home/rgusomuk/posbillingwala.com/adminpanel/vendor/laravel/framework/src/Illuminate/Container/Container.php(706): Illuminate\\Foundation\\Application->resolve('view', Array)
#3 /home/rgusomuk/posbillingwala.com/adminpanel/vendor/laravel/framework/src/Illuminate/Foundation/Application.php(841): Illuminate\\Container\\Container->make('view', Array)
#4 /home/rgusomuk/posbillingwala.com/adminpanel/vendor/laravel/framework/src/Illuminate/Container/Container.php(1431): Illuminate\\Foundation\\Application->make('view')
#5 /home/rgusomuk/posbillingwala.com/adminpanel/vendor/laravel/framework/src/Illuminate/Support/Facades/Facade.php(222): Illuminate\\Container\\Container->offsetGet('view')
#6 /home/rgusomuk/posbillingwala.com/adminpanel/vendor/laravel/framework/src/Illuminate/Support/Facades/Facade.php(193): Illuminate\\Support\\Facades\\Facade::resolveFacadeInstance('view')
#7 /home/rgusomuk/posbillingwala.com/adminpanel/vendor/laravel/framework/src/Illuminate/Support/Facades/Facade.php(332): Illuminate\\Support\\Facades\\Facade::getFacadeRoot()
#8 /home/rgusomuk/posbillingwala.com/adminpanel/vendor/laravel/framework/src/Illuminate/Foundation/Exceptions/RegisterErrorViewPaths.php(16): Illuminate\\Support\\Facades\\Facade::__callStatic('replaceNamespac...', Array)
#9 /home/rgusomuk/posbillingwala.com/adminpanel/vendor/laravel/framework/src/Illuminate/Foundation/Exceptions/Handler.php(642): Illuminate\\Foundation\\Exceptions\\RegisterErrorViewPaths->__invoke()
#10 /home/rgusomuk/posbillingwala.com/adminpanel/vendor/laravel/framework/src/Illuminate/Foundation/Exceptions/Handler.php(623): Illuminate\\Foundation\\Exceptions\\Handler->registerErrorViewPaths()
#11 /home/rgusomuk/posbillingwala.com/adminpanel/vendor/laravel/framework/src/Illuminate/Foundation/Exceptions/Handler.php(554): Illuminate\\Foundation\\Exceptions\\Handler->renderHttpException(Object(Symfony\\Component\\HttpKernel\\Exception\\HttpException))
#12 /home/rgusomuk/posbillingwala.com/adminpanel/vendor/laravel/framework/src/Illuminate/Foundation/Exceptions/Handler.php(460): Illuminate\\Foundation\\Exceptions\\Handler->prepareResponse(Object(Illuminate\\Http\\Request), Object(Symfony\\Component\\HttpKernel\\Exception\\HttpException))
#13 /home/rgusomuk/posbillingwala.com/adminpanel/vendor/laravel/framework/src/Illuminate/Foundation/Exceptions/Handler.php(377): Illuminate\\Foundation\\Exceptions\\Handler->renderExceptionResponse(Object(Illuminate\\Http\\Request), Object(Exception))
#14 /home/rgusomuk/posbillingwala.com/adminpanel/vendor/laravel/framework/src/Illuminate/Foundation/Http/Kernel.php(493): Illuminate\\Foundation\\Exceptions\\Handler->render(Object(Illuminate\\Http\\Request), Object(Exception))
#15 /home/rgusomuk/posbillingwala.com/adminpanel/vendor/laravel/framework/src/Illuminate/Foundation/Http/Kernel.php(138): Illuminate\\Foundation\\Http\\Kernel->renderException(Object(Illuminate\\Http\\Request), Object(Exception))
#16 /home/rgusomuk/posbillingwala.com/adminpanel/public/index.php(51): Illuminate\\Foundation\\Http\\Kernel->handle(Object(Illuminate\\Http\\Request))
#17 /home/rgusomuk/posbillingwala.com/adminpanel/index.php(21): require_once('/home/rgusomuk/...')
#18 {main}

[previous exception] [object] (ReflectionException(code: -1): Class \"view\" does not exist at /home/rgusomuk/posbillingwala.com/adminpanel/vendor/laravel/framework/src/Illuminate/Container/Container.php:889)
[stacktrace]
#0 /home/rgusomuk/posbillingwala.com/adminpanel/vendor/laravel/framework/src/Illuminate/Container/Container.php(889): ReflectionClass->__construct('view')
#1 /home/rgusomuk/posbillingwala.com/adminpanel/vendor/laravel/framework/src/Illuminate/Container/Container.php(770): Illuminate\\Container\\Container->build('view')
#2 /home/rgusomuk/posbillingwala.com/adminpanel/vendor/laravel/framework/src/Illuminate/Foundation/Application.php(856): Illuminate\\Container\\Container->resolve('view', Array, true)
#3 /home/rgusomuk/posbillingwala.com/adminpanel/vendor/laravel/framework/src/Illuminate/Container/Container.php(706): Illuminate\\Foundation\\Application->resolve('view', Array)
#4 /home/rgusomuk/posbillingwala.com/adminpanel/vendor/laravel/framework/src/Illuminate/Foundation/Application.php(841): Illuminate\\Container\\Container->make('view', Array)
#5 /home/rgusomuk/posbillingwala.com/adminpanel/vendor/laravel/framework/src/Illuminate/Container/Container.php(1431): Illuminate\\Foundation\\Application->make('view')
#6 /home/rgusomuk/posbillingwala.com/adminpanel/vendor/laravel/framework/src/Illuminate/Support/Facades/Facade.php(222): Illuminate\\Container\\Container->offsetGet('view')
#7 /home/rgusomuk/posbillingwala.com/adminpanel/vendor/laravel/framework/src/Illuminate/Support/Facades/Facade.php(193): Illuminate\\Support\\Facades\\Facade::resolveFacadeInstance('view')
#8 /home/rgusomuk/posbillingwala.com/adminpanel/vendor/laravel/framework/src/Illuminate/Support/Facades/Facade.php(332): Illuminate\\Support\\Facades\\Facade::getFacadeRoot()
#9 /home/rgusomuk/posbillingwala.com/adminpanel/vendor/laravel/framework/src/Illuminate/Foundation/Exceptions/RegisterErrorViewPaths.php(16): Illuminate\\Support\\Facades\\Facade::__callStatic('replaceNamespac...', Array)
#10 /home/rgusomuk/posbillingwala.com/adminpanel/vendor/laravel/framework/src/Illuminate/Foundation/Exceptions/Handler.php(642): Illuminate\\Foundation\\Exceptions\\RegisterErrorViewPaths->__invoke()
#11 /home/rgusomuk/posbillingwala.com/adminpanel/vendor/laravel/framework/src/Illuminate/Foundation/Exceptions/Handler.php(623): Illuminate\\Foundation\\Exceptions\\Handler->registerErrorViewPaths()
#12 /home/rgusomuk/posbillingwala.com/adminpanel/vendor/laravel/framework/src/Illuminate/Foundation/Exceptions/Handler.php(554): Illuminate\\Foundation\\Exceptions\\Handler->renderHttpException(Object(Symfony\\Component\\HttpKernel\\Exception\\HttpException))
#13 /home/rgusomuk/posbillingwala.com/adminpanel/vendor/laravel/framework/src/Illuminate/Foundation/Exceptions/Handler.php(460): Illuminate\\Foundation\\Exceptions\\Handler->prepareResponse(Object(Illuminate\\Http\\Request), Object(Symfony\\Component\\HttpKernel\\Exception\\HttpException))
#14 /home/rgusomuk/posbillingwala.com/adminpanel/vendor/laravel/framework/src/Illuminate/Foundation/Exceptions/Handler.php(377): Illuminate\\Foundation\\Exceptions\\Handler->renderExceptionResponse(Object(Illuminate\\Http\\Request), Object(Exception))
#15 /home/rgusomuk/posbillingwala.com/adminpanel/vendor/laravel/framework/src/Illuminate/Foundation/Http/Kernel.php(493): Illuminate\\Foundation\\Exceptions\\Handler->render(Object(Illuminate\\Http\\Request), Object(Exception))
#16 /home/rgusomuk/posbillingwala.com/adminpanel/vendor/laravel/framework/src/Illuminate/Foundation/Http/Kernel.php(138): Illuminate\\Foundation\\Http\\Kernel->renderException(Object(Illuminate\\Http\\Request), Object(Exception))
#17 /home/rgusomuk/posbillingwala.com/adminpanel/public/index.php(51): Illuminate\\Foundation\\Http\\Kernel->handle(Object(Illuminate\\Http\\Request))
#18 /home/rgusomuk/posbillingwala.com/adminpanel/index.php(21): require_once('/home/rgusomuk/...')
#19 {main}
"} 
[2026-08-24 16:50:02] local.ERROR: Uncaught ReflectionException: Class "view" does not exist in /home/rgusomuk/posbillingwala.com/adminpanel/vendor/laravel/framework/src/Illuminate/Container/Container.php:889
Stack trace:
#0 /home/rgusomuk/posbillingwala.com/adminpanel/vendor/laravel/framework/src/Illuminate/Container/Container.php(889): ReflectionClass->__construct('view')
#1 /home/rgusomuk/posbillingwala.com/adminpanel/vendor/laravel/framework/src/Illuminate/Container/Container.php(770): Illuminate\Container\Container->build('view')
#2 /home/rgusomuk/posbillingwala.com/adminpanel/vendor/laravel/framework/src/Illuminate/Foundation/Application.php(856): Illuminate\Container\Container->resolve('view', Array, true)
#3 /home/rgusomuk/posbillingwala.com/adminpanel/vendor/laravel/framework/src/Illuminate/Container/Container.php(706): Illuminate\Foundation\Application->resolve('view', Array)
#4 /home/rgusomuk/posbillingwala.com/adminpanel/vendor/laravel/framework/src/Illuminate/Foundation/Application.php(841): Illuminate\Container\Container->make('view', Array)
#5 /home/rgusomuk/posbillingwala.com/adminpanel/vendor/laravel/framework/src/Illuminate/Container/Container.php(1431): Illuminate\Foundation\Application->make('view')
#6 /home/rgusomuk/posbillingwala.com/adminpanel/vendor/laravel/framework/src/Illuminate/Support/Facades/Facade.php(222): Illuminate\Container\Container->offsetGet('view')
#7 /home/rgusomuk/posbillingwala.com/adminpanel/vendor/laravel/framework/src/Illuminate/Support/Facades/Facade.php(193): Illuminate\Support\Facades\Facade::resolveFacadeInstance('view')
#8 /home/rgusomuk/posbillingwala.com/adminpanel/vendor/laravel/framework/src/Illuminate/Support/Facades/Facade.php(332): Illuminate\Support\Facades\Facade::getFacadeRoot()
#9 /home/rgusomuk/posbillingwala.com/adminpanel/vendor/laravel/framework/src/Illuminate/Foundation/Exceptions/RegisterErrorViewPaths.php(16): Illuminate\Support\Facades\Facade::__callStatic('replaceNamespac...', Array)
#10 /home/rgusomuk/posbillingwala.com/adminpanel/vendor/laravel/framework/src/Illuminate/Foundation/Exceptions/Handler.php(642): Illuminate\Foundation\Exceptions\RegisterErrorViewPaths->__invoke()
#11 /home/rgusomuk/posbillingwala.com/adminpanel/vendor/laravel/framework/src/Illuminate/Foundation/Exceptions/Handler.php(623): Illuminate\Foundation\Exceptions\Handler->registerErrorViewPaths()
#12 /home/rgusomuk/posbillingwala.com/adminpanel/vendor/laravel/framework/src/Illuminate/Foundation/Exceptions/Handler.php(554): Illuminate\Foundation\Exceptions\Handler->renderHttpException(Object(Symfony\Component\HttpKernel\Exception\HttpException))
#13 /home/rgusomuk/posbillingwala.com/adminpanel/vendor/laravel/framework/src/Illuminate/Foundation/Exceptions/Handler.php(460): Illuminate\Foundation\Exceptions\Handler->prepareResponse(Object(Illuminate\Http\Request), Object(Symfony\Component\HttpKernel\Exception\HttpException))
#14 /home/rgusomuk/posbillingwala.com/adminpanel/vendor/laravel/framework/src/Illuminate/Foundation/Exceptions/Handler.php(377): Illuminate\Foundation\Exceptions\Handler->renderExceptionResponse(Object(Illuminate\Http\Request), Object(Illuminate\Contracts\Container\BindingResolutionException))
#15 /home/rgusomuk/posbillingwala.com/adminpanel/vendor/laravel/framework/src/Illuminate/Foundation/Bootstrap/HandleExceptions.php(229): Illuminate\Foundation\Exceptions\Handler->render(Object(Illuminate\Http\Request), Object(Illuminate\Contracts\Container\BindingResolutionException))
#16 /home/rgusomuk/posbillingwala.com/adminpanel/vendor/laravel/framework/src/Illuminate/Foundation/Bootstrap/HandleExceptions.php(206): Illuminate\Foundation\Bootstrap\HandleExceptions->renderHttpResponse(Object(Illuminate\Contracts\Container\BindingResolutionException))
#17 /home/rgusomuk/posbillingwala.com/adminpanel/vendor/laravel/framework/src/Illuminate/Foundation/Bootstrap/HandleExceptions.php(266): Illuminate\Foundation\Bootstrap\HandleExceptions->handleException(Object(Illuminate\Contracts\Container\BindingResolutionException))
#18 [internal function]: Illuminate\Foundation\Bootstrap\HandleExceptions->Illuminate\Foundation\Bootstrap\{closure}(Object(Illuminate\Contracts\Container\BindingResolutionException))
#19 {main}

Next Illuminate\Contracts\Container\BindingResolutionException: Target class [view] does not exist. in /home/rgusomuk/posbillingwala.com/adminpanel/vendor/laravel/framework/src/Illuminate/Container/Container.php:891
Stack trace:
#0 /home/rgusomuk/posbillingwala.com/adminpanel/vendor/laravel/framework/src/Illuminate/Container/Container.php(770): Illuminate\Container\Container->build('view')
#1 /home/rgusomuk/posbillingwala.com/adminpanel/vendor/laravel/framework/src/Illuminate/Foundation/Application.php(856): Illuminate\Container\Container->resolve('view', Array, true)
#2 /home/rgusomuk/posbillingwala.com/adminpanel/vendor/laravel/framework/src/Illuminate/Container/Container.php(706): Illuminate\Foundation\Application->resolve('view', Array)
#3 /home/rgusomuk/posbillingwala.com/adminpanel/vendor/laravel/framework/src/Illuminate/Foundation/Application.php(841): Illuminate\Container\Container->make('view', Array)
#4 /home/rgusomuk/posbillingwala.com/adminpanel/vendor/laravel/framework/src/Illuminate/Container/Container.php(1431): Illuminate\Foundation\Application->make('view')
#5 /home/rgusomuk/posbillingwala.com/adminpanel/vendor/laravel/framework/src/Illuminate/Support/Facades/Facade.php(222): Illuminate\Container\Container->offsetGet('view')
#6 /home/rgusomuk/posbillingwala.com/adminpanel/vendor/laravel/framework/src/Illuminate/Support/Facades/Facade.php(193): Illuminate\Support\Facades\Facade::resolveFacadeInstance('view')
#7 /home/rgusomuk/posbillingwala.com/adminpanel/vendor/laravel/framework/src/Illuminate/Support/Facades/Facade.php(332): Illuminate\Support\Facades\Facade::getFacadeRoot()
#8 /home/rgusomuk/posbillingwala.com/adminpanel/vendor/laravel/framework/src/Illuminate/Foundation/Exceptions/RegisterErrorViewPaths.php(16): Illuminate\Support\Facades\Facade::__callStatic('replaceNamespac...', Array)
#9 /home/rgusomuk/posbillingwala.com/adminpanel/vendor/laravel/framework/src/Illuminate/Foundation/Exceptions/Handler.php(642): Illuminate\Foundation\Exceptions\RegisterErrorViewPaths->__invoke()
#10 /home/rgusomuk/posbillingwala.com/adminpanel/vendor/laravel/framework/src/Illuminate/Foundation/Exceptions/Handler.php(623): Illuminate\Foundation\Exceptions\Handler->registerErrorViewPaths()
#11 /home/rgusomuk/posbillingwala.com/adminpanel/vendor/laravel/framework/src/Illuminate/Foundation/Exceptions/Handler.php(554): Illuminate\Foundation\Exceptions\Handler->renderHttpException(Object(Symfony\Component\HttpKernel\Exception\HttpException))
#12 /home/rgusomuk/posbillingwala.com/adminpanel/vendor/laravel/framework/src/Illuminate/Foundation/Exceptions/Handler.php(460): Illuminate\Foundation\Exceptions\Handler->prepareResponse(Object(Illuminate\Http\Request), Object(Symfony\Component\HttpKernel\Exception\HttpException))
#13 /home/rgusomuk/posbillingwala.com/adminpanel/vendor/laravel/framework/src/Illuminate/Foundation/Exceptions/Handler.php(377): Illuminate\Foundation\Exceptions\Handler->renderExceptionResponse(Object(Illuminate\Http\Request), Object(Illuminate\Contracts\Container\BindingResolutionException))
#14 /home/rgusomuk/posbillingwala.com/adminpanel/vendor/laravel/framework/src/Illuminate/Foundation/Bootstrap/HandleExceptions.php(229): Illuminate\Foundation\Exceptions\Handler->render(Object(Illuminate\Http\Request), Object(Illuminate\Contracts\Container\BindingResolutionException))
#15 /home/rgusomuk/posbillingwala.com/adminpanel/vendor/laravel/framework/src/Illuminate/Foundation/Bootstrap/HandleExceptions.php(206): Illuminate\Foundation\Bootstrap\HandleExceptions->renderHttpResponse(Object(Illuminate\Contracts\Container\BindingResolutionException))
#16 /home/rgusomuk/posbillingwala.com/adminpanel/vendor/laravel/framework/src/Illuminate/Foundation/Bootstrap/HandleExceptions.php(266): Illuminate\Foundation\Bootstrap\HandleExceptions->handleException(Object(Illuminate\Contracts\Container\BindingResolutionException))
#17 [internal function]: Illuminate\Foundation\Bootstrap\HandleExceptions->Illuminate\Foundation\Bootstrap\{closure}(Object(Illuminate\Contracts\Container\BindingResolutionException))
#18 {main}
  thrown {"exception":"[object] (Symfony\\Component\\ErrorHandler\\Error\\FatalError(code: 0): Uncaught ReflectionException: Class \"view\" does not exist in /home/rgusomuk/posbillingwala.com/adminpanel/vendor/laravel/framework/src/Illuminate/Container/Container.php:889
Stack trace:
#0 /home/rgusomuk/posbillingwala.com/adminpanel/vendor/laravel/framework/src/Illuminate/Container/Container.php(889): ReflectionClass->__construct('view')
#1 /home/rgusomuk/posbillingwala.com/adminpanel/vendor/laravel/framework/src/Illuminate/Container/Container.php(770): Illuminate\\Container\\Container->build('view')
#2 /home/rgusomuk/posbillingwala.com/adminpanel/vendor/laravel/framework/src/Illuminate/Foundation/Application.php(856): Illuminate\\Container\\Container->resolve('view', Array, true)
#3 /home/rgusomuk/posbillingwala.com/adminpanel/vendor/laravel/framework/src/Illuminate/Container/Container.php(706): Illuminate\\Foundation\\Application->resolve('view', Array)
#4 /home/rgusomuk/posbillingwala.com/adminpanel/vendor/laravel/framework/src/Illuminate/Foundation/Application.php(841): Illuminate\\Container\\Container->make('view', Array)
#5 /home/rgusomuk/posbillingwala.com/adminpanel/vendor/laravel/framework/src/Illuminate/Container/Container.php(1431): Illuminate\\Foundation\\Application->make('view')
#6 /home/rgusomuk/posbillingwala.com/adminpanel/vendor/laravel/framework/src/Illuminate/Support/Facades/Facade.php(222): Illuminate\\Container\\Container->offsetGet('view')
#7 /home/rgusomuk/posbillingwala.com/adminpanel/vendor/laravel/framework/src/Illuminate/Support/Facades/Facade.php(193): Illuminate\\Support\\Facades\\Facade::resolveFacadeInstance('view')
#8 /home/rgusomuk/posbillingwala.com/adminpanel/vendor/laravel/framework/src/Illuminate/Support/Facades/Facade.php(332): Illuminate\\Support\\Facades\\Facade::getFacadeRoot()
#9 /home/rgusomuk/posbillingwala.com/adminpanel/vendor/laravel/framework/src/Illuminate/Foundation/Exceptions/RegisterErrorViewPaths.php(16): Illuminate\\Support\\Facades\\Facade::__callStatic('replaceNamespac...', Array)
#10 /home/rgusomuk/posbillingwala.com/adminpanel/vendor/laravel/framework/src/Illuminate/Foundation/Exceptions/Handler.php(642): Illuminate\\Foundation\\Exceptions\\RegisterErrorViewPaths->__invoke()
#11 /home/rgusomuk/posbillingwala.com/adminpanel/vendor/laravel/framework/src/Illuminate/Foundation/Exceptions/Handler.php(623): Illuminate\\Foundation\\Exceptions\\Handler->registerErrorViewPaths()
#12 /home/rgusomuk/posbillingwala.com/adminpanel/vendor/laravel/framework/src/Illuminate/Foundation/Exceptions/Handler.php(554): Illuminate\\Foundation\\Exceptions\\Handler->renderHttpException(Object(Symfony\\Component\\HttpKernel\\Exception\\HttpException))
#13 /home/rgusomuk/posbillingwala.com/adminpanel/vendor/laravel/framework/src/Illuminate/Foundation/Exceptions/Handler.php(460): Illuminate\\Foundation\\Exceptions\\Handler->prepareResponse(Object(Illuminate\\Http\\Request), Object(Symfony\\Component\\HttpKernel\\Exception\\HttpException))
#14 /home/rgusomuk/posbillingwala.com/adminpanel/vendor/laravel/framework/src/Illuminate/Foundation/Exceptions/Handler.php(377): Illuminate\\Foundation\\Exceptions\\Handler->renderExceptionResponse(Object(Illuminate\\Http\\Request), Object(Illuminate\\Contracts\\Container\\BindingResolutionException))
#15 /home/rgusomuk/posbillingwala.com/adminpanel/vendor/laravel/framework/src/Illuminate/Foundation/Bootstrap/HandleExceptions.php(229): Illuminate\\Foundation\\Exceptions\\Handler->render(Object(Illuminate\\Http\\Request), Object(Illuminate\\Contracts\\Container\\BindingResolutionException))
#16 /home/rgusomuk/posbillingwala.com/adminpanel/vendor/laravel/framework/src/Illuminate/Foundation/Bootstrap/HandleExceptions.php(206): Illuminate\\Foundation\\Bootstrap\\HandleExceptions->renderHttpResponse(Object(Illuminate\\Contracts\\Container\\BindingResolutionException))
#17 /home/rgusomuk/posbillingwala.com/adminpanel/vendor/laravel/framework/src/Illuminate/Foundation/Bootstrap/HandleExceptions.php(266): Illuminate\\Foundation\\Bootstrap\\HandleExceptions->handleException(Object(Illuminate\\Contracts\\Container\\BindingResolutionException))
#18 [internal function]: Illuminate\\Foundation\\Bootstrap\\HandleExceptions->Illuminate\\Foundation\\Bootstrap\\{closure}(Object(Illuminate\\Contracts\\Container\\BindingResolutionException))
#19 {main}

Next Illuminate\\Contracts\\Container\\BindingResolutionException: Target class [view] does not exist. in /home/rgusomuk/posbillingwala.com/adminpanel/vendor/laravel/framework/src/Illuminate/Container/Container.php:891
Stack trace:
#0 /home/rgusomuk/posbillingwala.com/adminpanel/vendor/laravel/framework/src/Illuminate/Container/Container.php(770): Illuminate\\Container\\Container->build('view')
#1 /home/rgusomuk/posbillingwala.com/adminpanel/vendor/laravel/framework/src/Illuminate/Foundation/Application.php(856): Illuminate\\Container\\Container->resolve('view', Array, true)
#2 /home/rgusomuk/posbillingwala.com/adminpanel/vendor/laravel/framework/src/Illuminate/Container/Container.php(706): Illuminate\\Foundation\\Application->resolve('view', Array)
#3 /home/rgusomuk/posbillingwala.com/adminpanel/vendor/laravel/framework/src/Illuminate/Foundation/Application.php(841): Illuminate\\Container\\Container->make('view', Array)
#4 /home/rgusomuk/posbillingwala.com/adminpanel/vendor/laravel/framework/src/Illuminate/Container/Container.php(1431): Illuminate\\Foundation\\Application->make('view')
#5 /home/rgusomuk/posbillingwala.com/adminpanel/vendor/laravel/framework/src/Illuminate/Support/Facades/Facade.php(222): Illuminate\\Container\\Container->offsetGet('view')
#6 /home/rgusomuk/posbillingwala.com/adminpanel/vendor/laravel/framework/src/Illuminate/Support/Facades/Facade.php(193): Illuminate\\Support\\Facades\\Facade::resolveFacadeInstance('view')
#7 /home/rgusomuk/posbillingwala.com/adminpanel/vendor/laravel/framework/src/Illuminate/Support/Facades/Facade.php(332): Illuminate\\Support\\Facades\\Facade::getFacadeRoot()
#8 /home/rgusomuk/posbillingwala.com/adminpanel/vendor/laravel/framework/src/Illuminate/Foundation/Exceptions/RegisterErrorViewPaths.php(16): Illuminate\\Support\\Facades\\Facade::__callStatic('replaceNamespac...', Array)
#9 /home/rgusomuk/posbillingwala.com/adminpanel/vendor/laravel/framework/src/Illuminate/Foundation/Exceptions/Handler.php(642): Illuminate\\Foundation\\Exceptions\\RegisterErrorViewPaths->__invoke()
#10 /home/rgusomuk/posbillingwala.com/adminpanel/vendor/laravel/framework/src/Illuminate/Foundation/Exceptions/Handler.php(623): Illuminate\\Foundation\\Exceptions\\Handler->registerErrorViewPaths()
#11 /home/rgusomuk/posbillingwala.com/adminpanel/vendor/laravel/framework/src/Illuminate/Foundation/Exceptions/Handler.php(554): Illuminate\\Foundation\\Exceptions\\Handler->renderHttpException(Object(Symfony\\Component\\HttpKernel\\Exception\\HttpException))
#12 /home/rgusomuk/posbillingwala.com/adminpanel/vendor/laravel/framework/src/Illuminate/Foundation/Exceptions/Handler.php(460): Illuminate\\Foundation\\Exceptions\\Handler->prepareResponse(Object(Illuminate\\Http\\Request), Object(Symfony\\Component\\HttpKernel\\Exception\\HttpException))
#13 /home/rgusomuk/posbillingwala.com/adminpanel/vendor/laravel/framework/src/Illuminate/Foundation/Exceptions/Handler.php(377): Illuminate\\Foundation\\Exceptions\\Handler->renderExceptionResponse(Object(Illuminate\\Http\\Request), Object(Illuminate\\Contracts\\Container\\BindingResolutionException))
#14 /home/rgusomuk/posbillingwala.com/adminpanel/vendor/laravel/framework/src/Illuminate/Foundation/Bootstrap/HandleExceptions.php(229): Illuminate\\Foundation\\Exceptions\\Handler->render(Object(Illuminate\\Http\\Request), Object(Illuminate\\Contracts\\Container\\BindingResolutionException))
#15 /home/rgusomuk/posbillingwala.com/adminpanel/vendor/laravel/framework/src/Illuminate/Foundation/Bootstrap/HandleExceptions.php(206): Illuminate\\Foundation\\Bootstrap\\HandleExceptions->renderHttpResponse(Object(Illuminate\\Contracts\\Container\\BindingResolutionException))
#16 /home/rgusomuk/posbillingwala.com/adminpanel/vendor/laravel/framework/src/Illuminate/Foundation/Bootstrap/HandleExceptions.php(266): Illuminate\\Foundation\\Bootstrap\\HandleExceptions->handleException(Object(Illuminate\\Contracts\\Container\\BindingResolutionException))
#17 [internal function]: Illuminate\\Foundation\\Bootstrap\\HandleExceptions->Illuminate\\Foundation\\Bootstrap\\{closure}(Object(Illuminate\\Contracts\\Container\\BindingResolutionException))
#18 {main}
  thrown at /home/rgusomuk/posbillingwala.com/adminpanel/vendor/laravel/framework/src/Illuminate/Container/Container.php:891)
[stacktrace]
#0 {main}
"} 
[2026-08-24 16:50:05] local.ERROR: The /home/rgusomuk/posbillingwala.com/adminpanel/bootstrap/cache directory must be present and writable. {"exception":"[object] (Exception(code: 0): The /home/rgusomuk/posbillingwala.com/adminpanel/bootstrap/cache directory must be present and writable. at /home/rgusomuk/posbillingwala.com/adminpanel/vendor/laravel/framework/src/Illuminate/Foundation/PackageManifest.php:178)
[stacktrace]
#0 /home/rgusomuk/posbillingwala.com/adminpanel/vendor/laravel/framework/src/Illuminate/Foundation/PackageManifest.php(131): Illuminate\\Foundation\\PackageManifest->write(Array)
#1 /home/rgusomuk/posbillingwala.com/adminpanel/vendor/laravel/framework/src/Illuminate/Foundation/PackageManifest.php(107): Illuminate\\Foundation\\PackageManifest->build()
#2 /home/rgusomuk/posbillingwala.com/adminpanel/vendor/laravel/framework/src/Illuminate/Foundation/PackageManifest.php(90): Illuminate\\Foundation\\PackageManifest->getManifest()
#3 /home/rgusomuk/posbillingwala.com/adminpanel/vendor/laravel/framework/src/Illuminate/Foundation/PackageManifest.php(79): Illuminate\\Foundation\\PackageManifest->config('aliases')
#4 /home/rgusomuk/posbillingwala.com/adminpanel/vendor/laravel/framework/src/Illuminate/Foundation/Bootstrap/RegisterFacades.php(26): Illuminate\\Foundation\\PackageManifest->aliases()
#5 /home/rgusomuk/posbillingwala.com/adminpanel/vendor/laravel/framework/src/Illuminate/Foundation/Application.php(242): Illuminate\\Foundation\\Bootstrap\\RegisterFacades->bootstrap(Object(Illuminate\\Foundation\\Application))
#6 /home/rgusomuk/posbillingwala.com/adminpanel/vendor/laravel/framework/src/Illuminate/Foundation/Http/Kernel.php(176): Illuminate\\Foundation\\Application->bootstrapWith(Array)
#7 /home/rgusomuk/posbillingwala.com/adminpanel/vendor/laravel/framework/src/Illuminate/Foundation/Http/Kernel.php(160): Illuminate\\Foundation\\Http\\Kernel->bootstrap()
#8 /home/rgusomuk/posbillingwala.com/adminpanel/vendor/laravel/framework/src/Illuminate/Foundation/Http/Kernel.php(134): Illuminate\\Foundation\\Http\\Kernel->sendRequestThroughRouter(Object(Illuminate\\Http\\Request))
#9 /home/rgusomuk/posbillingwala.com/adminpanel/public/index.php(51): Illuminate\\Foundation\\Http\\Kernel->handle(Object(Illuminate\\Http\\Request))
#10 /home/rgusomuk/posbillingwala.com/adminpanel/index.php(21): require_once('/home/rgusomuk/...')
#11 {main}
"} 
[2026-08-24 16:50:05] local.ERROR: Target class [view] does not exist. {"exception":"[object] (Illuminate\\Contracts\\Container\\BindingResolutionException(code: 0): Target class [view] does not exist. at /home/rgusomuk/posbillingwala.com/adminpanel/vendor/laravel/framework/src/Illuminate/Container/Container.php:891)
[stacktrace]
#0 /home/rgusomuk/posbillingwala.com/adminpanel/vendor/laravel/framework/src/Illuminate/Container/Container.php(770): Illuminate\\Container\\Container->build('view')
#1 /home/rgusomuk/posbillingwala.com/adminpanel/vendor/laravel/framework/src/Illuminate/Foundation/Application.php(856): Illuminate\\Container\\Container->resolve('view', Array, true)
#2 /home/rgusomuk/posbillingwala.com/adminpanel/vendor/laravel/framework/src/Illuminate/Container/Container.php(706): Illuminate\\Foundation\\Application->resolve('view', Array)
#3 /home/rgusomuk/posbillingwala.com/adminpanel/vendor/laravel/framework/src/Illuminate/Foundation/Application.php(841): Illuminate\\Container\\Container->make('view', Array)
#4 /home/rgusomuk/posbillingwala.com/adminpanel/vendor/laravel/framework/src/Illuminate/Container/Container.php(1431): Illuminate\\Foundation\\Application->make('view')
#5 /home/rgusomuk/posbillingwala.com/adminpanel/vendor/laravel/framework/src/Illuminate/Support/Facades/Facade.php(222): Illuminate\\Container\\Container->offsetGet('view')
#6 /home/rgusomuk/posbillingwala.com/adminpanel/vendor/laravel/framework/src/Illuminate/Support/Facades/Facade.php(193): Illuminate\\Support\\Facades\\Facade::resolveFacadeInstance('view')
#7 /home/rgusomuk/posbillingwala.com/adminpanel/vendor/laravel/framework/src/Illuminate/Support/Facades/Facade.php(332): Illuminate\\Support\\Facades\\Facade::getFacadeRoot()
#8 /home/rgusomuk/posbillingwala.com/adminpanel/vendor/laravel/framework/src/Illuminate/Foundation/Exceptions/RegisterErrorViewPaths.php(16): Illuminate\\Support\\Facades\\Facade::__callStatic('replaceNamespac...', Array)
#9 /home/rgusomuk/posbillingwala.com/adminpanel/vendor/laravel/framework/src/Illuminate/Foundation/Exceptions/Handler.php(642): Illuminate\\Foundation\\Exceptions\\RegisterErrorViewPaths->__invoke()
#10 /home/rgusomuk/posbillingwala.com/adminpanel/vendor/laravel/framework/src/Illuminate/Foundation/Exceptions/Handler.php(623): Illuminate\\Foundation\\Exceptions\\Handler->registerErrorViewPaths()
#11 /home/rgusomuk/posbillingwala.com/adminpanel/vendor/laravel/framework/src/Illuminate/Foundation/Exceptions/Handler.php(554): Illuminate\\Foundation\\Exceptions\\Handler->renderHttpException(Object(Symfony\\Component\\HttpKernel\\Exception\\HttpException))
#12 /home/rgusomuk/posbillingwala.com/adminpanel/vendor/laravel/framework/src/Illuminate/Foundation/Exceptions/Handler.php(460): Illuminate\\Foundation\\Exceptions\\Handler->prepareResponse(Object(Illuminate\\Http\\Request), Object(Symfony\\Component\\HttpKernel\\Exception\\HttpException))
#13 /home/rgusomuk/posbillingwala.com/adminpanel/vendor/laravel/framework/src/Illuminate/Foundation/Exceptions/Handler.php(377): Illuminate\\Foundation\\Exceptions\\Handler->renderExceptionResponse(Object(Illuminate\\Http\\Request), Object(Exception))
#14 /home/rgusomuk/posbillingwala.com/adminpanel/vendor/laravel/framework/src/Illuminate/Foundation/Http/Kernel.php(493): Illuminate\\Foundation\\Exceptions\\Handler->render(Object(Illuminate\\Http\\Request), Object(Exception))
#15 /home/rgusomuk/posbillingwala.com/adminpanel/vendor/laravel/framework/src/Illuminate/Foundation/Http/Kernel.php(138): Illuminate\\Foundation\\Http\\Kernel->renderException(Object(Illuminate\\Http\\Request), Object(Exception))
#16 /home/rgusomuk/posbillingwala.com/adminpanel/public/index.php(51): Illuminate\\Foundation\\Http\\Kernel->handle(Object(Illuminate\\Http\\Request))
#17 /home/rgusomuk/posbillingwala.com/adminpanel/index.php(21): require_once('/home/rgusomuk/...')
#18 {main}

[previous exception] [object] (ReflectionException(code: -1): Class \"view\" does not exist at /home/rgusomuk/posbillingwala.com/adminpanel/vendor/laravel/framework/src/Illuminate/Container/Container.php:889)
[stacktrace]
#0 /home/rgusomuk/posbillingwala.com/adminpanel/vendor/laravel/framework/src/Illuminate/Container/Container.php(889): ReflectionClass->__construct('view')
#1 /home/rgusomuk/posbillingwala.com/adminpanel/vendor/laravel/framework/src/Illuminate/Container/Container.php(770): Illuminate\\Container\\Container->build('view')
#2 /home/rgusomuk/posbillingwala.com/adminpanel/vendor/laravel/framework/src/Illuminate/Foundation/Application.php(856): Illuminate\\Container\\Container->resolve('view', Array, true)
#3 /home/rgusomuk/posbillingwala.com/adminpanel/vendor/laravel/framework/src/Illuminate/Container/Container.php(706): Illuminate\\Foundation\\Application->resolve('view', Array)
#4 /home/rgusomuk/posbillingwala.com/adminpanel/vendor/laravel/framework/src/Illuminate/Foundation/Application.php(841): Illuminate\\Container\\Container->make('view', Array)
#5 /home/rgusomuk/posbillingwala.com/adminpanel/vendor/laravel/framework/src/Illuminate/Container/Container.php(1431): Illuminate\\Foundation\\Application->make('view')
#6 /home/rgusomuk/posbillingwala.com/adminpanel/vendor/laravel/framework/src/Illuminate/Support/Facades/Facade.php(222): Illuminate\\Container\\Container->offsetGet('view')
#7 /home/rgusomuk/posbillingwala.com/adminpanel/vendor/laravel/framework/src/Illuminate/Support/Facades/Facade.php(193): Illuminate\\Support\\Facades\\Facade::resolveFacadeInstance('view')
#8 /home/rgusomuk/posbillingwala.com/adminpanel/vendor/laravel/framework/src/Illuminate/Support/Facades/Facade.php(332): Illuminate\\Support\\Facades\\Facade::getFacadeRoot()
#9 /home/rgusomuk/posbillingwala.com/adminpanel/vendor/laravel/framework/src/Illuminate/Foundation/Exceptions/RegisterErrorViewPaths.php(16): Illuminate\\Support\\Facades\\Facade::__callStatic('replaceNamespac...', Array)
#10 /home/rgusomuk/posbillingwala.com/adminpanel/vendor/laravel/framework/src/Illuminate/Foundation/Exceptions/Handler.php(642): Illuminate\\Foundation\\Exceptions\\RegisterErrorViewPaths->__invoke()
#11 /home/rgusomuk/posbillingwala.com/adminpanel/vendor/laravel/framework/src/Illuminate/Foundation/Exceptions/Handler.php(623): Illuminate\\Foundation\\Exceptions\\Handler->registerErrorViewPaths()
#12 /home/rgusomuk/posbillingwala.com/adminpanel/vendor/laravel/framework/src/Illuminate/Foundation/Exceptions/Handler.php(554): Illuminate\\Foundation\\Exceptions\\Handler->renderHttpException(Object(Symfony\\Component\\HttpKernel\\Exception\\HttpException))
#13 /home/rgusomuk/posbillingwala.com/adminpanel/vendor/laravel/framework/src/Illuminate/Foundation/Exceptions/Handler.php(460): Illuminate\\Foundation\\Exceptions\\Handler->prepareResponse(Object(Illuminate\\Http\\Request), Object(Symfony\\Component\\HttpKernel\\Exception\\HttpException))
#14 /home/rgusomuk/posbillingwala.com/adminpanel/vendor/laravel/framework/src/Illuminate/Foundation/Exceptions/Handler.php(377): Illuminate\\Foundation\\Exceptions\\Handler->renderExceptionResponse(Object(Illuminate\\Http\\Request), Object(Exception))
#15 /home/rgusomuk/posbillingwala.com/adminpanel/vendor/laravel/framework/src/Illuminate/Foundation/Http/Kernel.php(493): Illuminate\\Foundation\\Exceptions\\Handler->render(Object(Illuminate\\Http\\Request), Object(Exception))
#16 /home/rgusomuk/posbillingwala.com/adminpanel/vendor/laravel/framework/src/Illuminate/Foundation/Http/Kernel.php(138): Illuminate\\Foundation\\Http\\Kernel->renderException(Object(Illuminate\\Http\\Request), Object(Exception))
#17 /home/rgusomuk/posbillingwala.com/adminpanel/public/index.php(51): Illuminate\\Foundation\\Http\\Kernel->handle(Object(Illuminate\\Http\\Request))
#18 /home/rgusomuk/posbillingwala.com/adminpanel/index.php(21): require_once('/home/rgusomuk/...')
#19 {main}
"} 
[2026-08-24 16:50:05] local.ERROR: Uncaught ReflectionException: Class "view" does not exist in /home/rgusomuk/posbillingwala.com/adminpanel/vendor/laravel/framework/src/Illuminate/Container/Container.php:889
Stack trace:
#0 /home/rgusomuk/posbillingwala.com/adminpanel/vendor/laravel/framework/src/Illuminate/Container/Container.php(889): ReflectionClass->__construct('view')
#1 /home/rgusomuk/posbillingwala.com/adminpanel/vendor/laravel/framework/src/Illuminate/Container/Container.php(770): Illuminate\Container\Container->build('view')
#2 /home/rgusomuk/posbillingwala.com/adminpanel/vendor/laravel/framework/src/Illuminate/Foundation/Application.php(856): Illuminate\Container\Container->resolve('view', Array, true)
#3 /home/rgusomuk/posbillingwala.com/adminpanel/vendor/laravel/framework/src/Illuminate/Container/Container.php(706): Illuminate\Foundation\Application->resolve('view', Array)
#4 /home/rgusomuk/posbillingwala.com/adminpanel/vendor/laravel/framework/src/Illuminate/Foundation/Application.php(841): Illuminate\Container\Container->make('view', Array)
#5 /home/rgusomuk/posbillingwala.com/adminpanel/vendor/laravel/framework/src/Illuminate/Container/Container.php(1431): Illuminate\Foundation\Application->make('view')
#6 /home/rgusomuk/posbillingwala.com/adminpanel/vendor/laravel/framework/src/Illuminate/Support/Facades/Facade.php(222): Illuminate\Container\Container->offsetGet('view')
#7 /home/rgusomuk/posbillingwala.com/adminpanel/vendor/laravel/framework/src/Illuminate/Support/Facades/Facade.php(193): Illuminate\Support\Facades\Facade::resolveFacadeInstance('view')
#8 /home/rgusomuk/posbillingwala.com/adminpanel/vendor/laravel/framework/src/Illuminate/Support/Facades/Facade.php(332): Illuminate\Support\Facades\Facade::getFacadeRoot()
#9 /home/rgusomuk/posbillingwala.com/adminpanel/vendor/laravel/framework/src/Illuminate/Foundation/Exceptions/RegisterErrorViewPaths.php(16): Illuminate\Support\Facades\Facade::__callStatic('replaceNamespac...', Array)
#10 /home/rgusomuk/posbillingwala.com/adminpanel/vendor/laravel/framework/src/Illuminate/Foundation/Exceptions/Handler.php(642): Illuminate\Foundation\Exceptions\RegisterErrorViewPaths->__invoke()
#11 /home/rgusomuk/posbillingwala.com/adminpanel/vendor/laravel/framework/src/Illuminate/Foundation/Exceptions/Handler.php(623): Illuminate\Foundation\Exceptions\Handler->registerErrorViewPaths()
#12 /home/rgusomuk/posbillingwala.com/adminpanel/vendor/laravel/framework/src/Illuminate/Foundation/Exceptions/Handler.php(554): Illuminate\Foundation\Exceptions\Handler->renderHttpException(Object(Symfony\Component\HttpKernel\Exception\HttpException))
#13 /home/rgusomuk/posbillingwala.com/adminpanel/vendor/laravel/framework/src/Illuminate/Foundation/Exceptions/Handler.php(460): Illuminate\Foundation\Exceptions\Handler->prepareResponse(Object(Illuminate\Http\Request), Object(Symfony\Component\HttpKernel\Exception\HttpException))
#14 /home/rgusomuk/posbillingwala.com/adminpanel/vendor/laravel/framework/src/Illuminate/Foundation/Exceptions/Handler.php(377): Illuminate\Foundation\Exceptions\Handler->renderExceptionResponse(Object(Illuminate\Http\Request), Object(Illuminate\Contracts\Container\BindingResolutionException))
#15 /home/rgusomuk/posbillingwala.com/adminpanel/vendor/laravel/framework/src/Illuminate/Foundation/Bootstrap/HandleExceptions.php(229): Illuminate\Foundation\Exceptions\Handler->render(Object(Illuminate\Http\Request), Object(Illuminate\Contracts\Container\BindingResolutionException))
#16 /home/rgusomuk/posbillingwala.com/adminpanel/vendor/laravel/framework/src/Illuminate/Foundation/Bootstrap/HandleExceptions.php(206): Illuminate\Foundation\Bootstrap\HandleExceptions->renderHttpResponse(Object(Illuminate\Contracts\Container\BindingResolutionException))
#17 /home/rgusomuk/posbillingwala.com/adminpanel/vendor/laravel/framework/src/Illuminate/Foundation/Bootstrap/HandleExceptions.php(266): Illuminate\Foundation\Bootstrap\HandleExceptions->handleException(Object(Illuminate\Contracts\Container\BindingResolutionException))
#18 [internal function]: Illuminate\Foundation\Bootstrap\HandleExceptions->Illuminate\Foundation\Bootstrap\{closure}(Object(Illuminate\Contracts\Container\BindingResolutionException))
#19 {main}

Next Illuminate\Contracts\Container\BindingResolutionException: Target class [view] does not exist. in /home/rgusomuk/posbillingwala.com/adminpanel/vendor/laravel/framework/src/Illuminate/Container/Container.php:891
Stack trace:
#0 /home/rgusomuk/posbillingwala.com/adminpanel/vendor/laravel/framework/src/Illuminate/Container/Container.php(770): Illuminate\Container\Container->build('view')
#1 /home/rgusomuk/posbillingwala.com/adminpanel/vendor/laravel/framework/src/Illuminate/Foundation/Application.php(856): Illuminate\Container\Container->resolve('view', Array, true)
#2 /home/rgusomuk/posbillingwala.com/adminpanel/vendor/laravel/framework/src/Illuminate/Container/Container.php(706): Illuminate\Foundation\Application->resolve('view', Array)
#3 /home/rgusomuk/posbillingwala.com/adminpanel/vendor/laravel/framework/src/Illuminate/Foundation/Application.php(841): Illuminate\Container\Container->make('view', Array)
#4 /home/rgusomuk/posbillingwala.com/adminpanel/vendor/laravel/framework/src/Illuminate/Container/Container.php(1431): Illuminate\Foundation\Application->make('view')
#5 /home/rgusomuk/posbillingwala.com/adminpanel/vendor/laravel/framework/src/Illuminate/Support/Facades/Facade.php(222): Illuminate\Container\Container->offsetGet('view')
#6 /home/rgusomuk/posbillingwala.com/adminpanel/vendor/laravel/framework/src/Illuminate/Support/Facades/Facade.php(193): Illuminate\Support\Facades\Facade::resolveFacadeInstance('view')
#7 /home/rgusomuk/posbillingwala.com/adminpanel/vendor/laravel/framework/src/Illuminate/Support/Facades/Facade.php(332): Illuminate\Support\Facades\Facade::getFacadeRoot()
#8 /home/rgusomuk/posbillingwala.com/adminpanel/vendor/laravel/framework/src/Illuminate/Foundation/Exceptions/RegisterErrorViewPaths.php(16): Illuminate\Support\Facades\Facade::__callStatic('replaceNamespac...', Array)
#9 /home/rgusomuk/posbillingwala.com/adminpanel/vendor/laravel/framework/src/Illuminate/Foundation/Exceptions/Handler.php(642): Illuminate\Foundation\Exceptions\RegisterErrorViewPaths->__invoke()
#10 /home/rgusomuk/posbillingwala.com/adminpanel/vendor/laravel/framework/src/Illuminate/Foundation/Exceptions/Handler.php(623): Illuminate\Foundation\Exceptions\Handler->registerErrorViewPaths()
#11 /home/rgusomuk/posbillingwala.com/adminpanel/vendor/laravel/framework/src/Illuminate/Foundation/Exceptions/Handler.php(554): Illuminate\Foundation\Exceptions\Handler->renderHttpException(Object(Symfony\Component\HttpKernel\Exception\HttpException))
#12 /home/rgusomuk/posbillingwala.com/adminpanel/vendor/laravel/framework/src/Illuminate/Foundation/Exceptions/Handler.php(460): Illuminate\Foundation\Exceptions\Handler->prepareResponse(Object(Illuminate\Http\Request), Object(Symfony\Component\HttpKernel\Exception\HttpException))
#13 /home/rgusomuk/posbillingwala.com/adminpanel/vendor/laravel/framework/src/Illuminate/Foundation/Exceptions/Handler.php(377): Illuminate\Foundation\Exceptions\Handler->renderExceptionResponse(Object(Illuminate\Http\Request), Object(Illuminate\Contracts\Container\BindingResolutionException))
#14 /home/rgusomuk/posbillingwala.com/adminpanel/vendor/laravel/framework/src/Illuminate/Foundation/Bootstrap/HandleExceptions.php(229): Illuminate\Foundation\Exceptions\Handler->render(Object(Illuminate\Http\Request), Object(Illuminate\Contracts\Container\BindingResolutionException))
#15 /home/rgusomuk/posbillingwala.com/adminpanel/vendor/laravel/framework/src/Illuminate/Foundation/Bootstrap/HandleExceptions.php(206): Illuminate\Foundation\Bootstrap\HandleExceptions->renderHttpResponse(Object(Illuminate\Contracts\Container\BindingResolutionException))
#16 /home/rgusomuk/posbillingwala.com/adminpanel/vendor/laravel/framework/src/Illuminate/Foundation/Bootstrap/HandleExceptions.php(266): Illuminate\Foundation\Bootstrap\HandleExceptions->handleException(Object(Illuminate\Contracts\Container\BindingResolutionException))
#17 [internal function]: Illuminate\Foundation\Bootstrap\HandleExceptions->Illuminate\Foundation\Bootstrap\{closure}(Object(Illuminate\Contracts\Container\BindingResolutionException))
#18 {main}
  thrown {"exception":"[object] (Symfony\\Component\\ErrorHandler\\Error\\FatalError(code: 0): Uncaught ReflectionException: Class \"view\" does not exist in /home/rgusomuk/posbillingwala.com/adminpanel/vendor/laravel/framework/src/Illuminate/Container/Container.php:889
Stack trace:
#0 /home/rgusomuk/posbillingwala.com/adminpanel/vendor/laravel/framework/src/Illuminate/Container/Container.php(889): ReflectionClass->__construct('view')
#1 /home/rgusomuk/posbillingwala.com/adminpanel/vendor/laravel/framework/src/Illuminate/Container/Container.php(770): Illuminate\\Container\\Container->build('view')
#2 /home/rgusomuk/posbillingwala.com/adminpanel/vendor/laravel/framework/src/Illuminate/Foundation/Application.php(856): Illuminate\\Container\\Container->resolve('view', Array, true)
#3 /home/rgusomuk/posbillingwala.com/adminpanel/vendor/laravel/framework/src/Illuminate/Container/Container.php(706): Illuminate\\Foundation\\Application->resolve('view', Array)
#4 /home/rgusomuk/posbillingwala.com/adminpanel/vendor/laravel/framework/src/Illuminate/Foundation/Application.php(841): Illuminate\\Container\\Container->make('view', Array)
#5 /home/rgusomuk/posbillingwala.com/adminpanel/vendor/laravel/framework/src/Illuminate/Container/Container.php(1431): Illuminate\\Foundation\\Application->make('view')
#6 /home/rgusomuk/posbillingwala.com/adminpanel/vendor/laravel/framework/src/Illuminate/Support/Facades/Facade.php(222): Illuminate\\Container\\Container->offsetGet('view')
#7 /home/rgusomuk/posbillingwala.com/adminpanel/vendor/laravel/framework/src/Illuminate/Support/Facades/Facade.php(193): Illuminate\\Support\\Facades\\Facade::resolveFacadeInstance('view')
#8 /home/rgusomuk/posbillingwala.com/adminpanel/vendor/laravel/framework/src/Illuminate/Support/Facades/Facade.php(332): Illuminate\\Support\\Facades\\Facade::getFacadeRoot()
#9 /home/rgusomuk/posbillingwala.com/adminpanel/vendor/laravel/framework/src/Illuminate/Foundation/Exceptions/RegisterErrorViewPaths.php(16): Illuminate\\Support\\Facades\\Facade::__callStatic('replaceNamespac...', Array)
#10 /home/rgusomuk/posbillingwala.com/adminpanel/vendor/laravel/framework/src/Illuminate/Foundation/Exceptions/Handler.php(642): Illuminate\\Foundation\\Exceptions\\RegisterErrorViewPaths->__invoke()
#11 /home/rgusomuk/posbillingwala.com/adminpanel/vendor/laravel/framework/src/Illuminate/Foundation/Exceptions/Handler.php(623): Illuminate\\Foundation\\Exceptions\\Handler->registerErrorViewPaths()
#12 /home/rgusomuk/posbillingwala.com/adminpanel/vendor/laravel/framework/src/Illuminate/Foundation/Exceptions/Handler.php(554): Illuminate\\Foundation\\Exceptions\\Handler->renderHttpException(Object(Symfony\\Component\\HttpKernel\\Exception\\HttpException))
#13 /home/rgusomuk/posbillingwala.com/adminpanel/vendor/laravel/framework/src/Illuminate/Foundation/Exceptions/Handler.php(460): Illuminate\\Foundation\\Exceptions\\Handler->prepareResponse(Object(Illuminate\\Http\\Request), Object(Symfony\\Component\\HttpKernel\\Exception\\HttpException))
#14 /home/rgusomuk/posbillingwala.com/adminpanel/vendor/laravel/framework/src/Illuminate/Foundation/Exceptions/Handler.php(377): Illuminate\\Foundation\\Exceptions\\Handler->renderExceptionResponse(Object(Illuminate\\Http\\Request), Object(Illuminate\\Contracts\\Container\\BindingResolutionException))
#15 /home/rgusomuk/posbillingwala.com/adminpanel/vendor/laravel/framework/src/Illuminate/Foundation/Bootstrap/HandleExceptions.php(229): Illuminate\\Foundation\\Exceptions\\Handler->render(Object(Illuminate\\Http\\Request), Object(Illuminate\\Contracts\\Container\\BindingResolutionException))
#16 /home/rgusomuk/posbillingwala.com/adminpanel/vendor/laravel/framework/src/Illuminate/Foundation/Bootstrap/HandleExceptions.php(206): Illuminate\\Foundation\\Bootstrap\\HandleExceptions->renderHttpResponse(Object(Illuminate\\Contracts\\Container\\BindingResolutionException))
#17 /home/rgusomuk/posbillingwala.com/adminpanel/vendor/laravel/framework/src/Illuminate/Foundation/Bootstrap/HandleExceptions.php(266): Illuminate\\Foundation\\Bootstrap\\HandleExceptions->handleException(Object(Illuminate\\Contracts\\Container\\BindingResolutionException))
#18 [internal function]: Illuminate\\Foundation\\Bootstrap\\HandleExceptions->Illuminate\\Foundation\\Bootstrap\\{closure}(Object(Illuminate\\Contracts\\Container\\BindingResolutionException))
#19 {main}

Next Illuminate\\Contracts\\Container\\BindingResolutionException: Target class [view] does not exist. in /home/rgusomuk/posbillingwala.com/adminpanel/vendor/laravel/framework/src/Illuminate/Container/Container.php:891
Stack trace:
#0 /home/rgusomuk/posbillingwala.com/adminpanel/vendor/laravel/framework/src/Illuminate/Container/Container.php(770): Illuminate\\Container\\Container->build('view')
#1 /home/rgusomuk/posbillingwala.com/adminpanel/vendor/laravel/framework/src/Illuminate/Foundation/Application.php(856): Illuminate\\Container\\Container->resolve('view', Array, true)
#2 /home/rgusomuk/posbillingwala.com/adminpanel/vendor/laravel/framework/src/Illuminate/Container/Container.php(706): Illuminate\\Foundation\\Application->resolve('view', Array)
#3 /home/rgusomuk/posbillingwala.com/adminpanel/vendor/laravel/framework/src/Illuminate/Foundation/Application.php(841): Illuminate\\Container\\Container->make('view', Array)
#4 /home/rgusomuk/posbillingwala.com/adminpanel/vendor/laravel/framework/src/Illuminate/Container/Container.php(1431): Illuminate\\Foundation\\Application->make('view')
#5 /home/rgusomuk/posbillingwala.com/adminpanel/vendor/laravel/framework/src/Illuminate/Support/Facades/Facade.php(222): Illuminate\\Container\\Container->offsetGet('view')
#6 /home/rgusomuk/posbillingwala.com/adminpanel/vendor/laravel/framework/src/Illuminate/Support/Facades/Facade.php(193): Illuminate\\Support\\Facades\\Facade::resolveFacadeInstance('view')
#7 /home/rgusomuk/posbillingwala.com/adminpanel/vendor/laravel/framework/src/Illuminate/Support/Facades/Facade.php(332): Illuminate\\Support\\Facades\\Facade::getFacadeRoot()
#8 /home/rgusomuk/posbillingwala.com/adminpanel/vendor/laravel/framework/src/Illuminate/Foundation/Exceptions/RegisterErrorViewPaths.php(16): Illuminate\\Support\\Facades\\Facade::__callStatic('replaceNamespac...', Array)
#9 /home/rgusomuk/posbillingwala.com/adminpanel/vendor/laravel/framework/src/Illuminate/Foundation/Exceptions/Handler.php(642): Illuminate\\Foundation\\Exceptions\\RegisterErrorViewPaths->__invoke()
#10 /home/rgusomuk/posbillingwala.com/adminpanel/vendor/laravel/framework/src/Illuminate/Foundation/Exceptions/Handler.php(623): Illuminate\\Foundation\\Exceptions\\Handler->registerErrorViewPaths()
#11 /home/rgusomuk/posbillingwala.com/adminpanel/vendor/laravel/framework/src/Illuminate/Foundation/Exceptions/Handler.php(554): Illuminate\\Foundation\\Exceptions\\Handler->renderHttpException(Object(Symfony\\Component\\HttpKernel\\Exception\\HttpException))
#12 /home/rgusomuk/posbillingwala.com/adminpanel/vendor/laravel/framework/src/Illuminate/Foundation/Exceptions/Handler.php(460): Illuminate\\Foundation\\Exceptions\\Handler->prepareResponse(Object(Illuminate\\Http\\Request), Object(Symfony\\Component\\HttpKernel\\Exception\\HttpException))
#13 /home/rgusomuk/posbillingwala.com/adminpanel/vendor/laravel/framework/src/Illuminate/Foundation/Exceptions/Handler.php(377): Illuminate\\Foundation\\Exceptions\\Handler->renderExceptionResponse(Object(Illuminate\\Http\\Request), Object(Illuminate\\Contracts\\Container\\BindingResolutionException))
#14 /home/rgusomuk/posbillingwala.com/adminpanel/vendor/laravel/framework/src/Illuminate/Foundation/Bootstrap/HandleExceptions.php(229): Illuminate\\Foundation\\Exceptions\\Handler->render(Object(Illuminate\\Http\\Request), Object(Illuminate\\Contracts\\Container\\BindingResolutionException))
#15 /home/rgusomuk/posbillingwala.com/adminpanel/vendor/laravel/framework/src/Illuminate/Foundation/Bootstrap/HandleExceptions.php(206): Illuminate\\Foundation\\Bootstrap\\HandleExceptions->renderHttpResponse(Object(Illuminate\\Contracts\\Container\\BindingResolutionException))
#16 /home/rgusomuk/posbillingwala.com/adminpanel/vendor/laravel/framework/src/Illuminate/Foundation/Bootstrap/HandleExceptions.php(266): Illuminate\\Foundation\\Bootstrap\\HandleExceptions->handleException(Object(Illuminate\\Contracts\\Container\\BindingResolutionException))
#17 [internal function]: Illuminate\\Foundation\\Bootstrap\\HandleExceptions->Illuminate\\Foundation\\Bootstrap\\{closure}(Object(Illuminate\\Contracts\\Container\\BindingResolutionException))
#18 {main}
  thrown at /home/rgusomuk/posbillingwala.com/adminpanel/vendor/laravel/framework/src/Illuminate/Container/Container.php:891)
[stacktrace]
#0 {main}
"} 
[2026-08-24 17:56:46] local.ERROR: The /home/rgusomuk/posbillingwala.com/adminpanel/bootstrap/cache directory must be present and writable. {"exception":"[object] (Exception(code: 0): The /home/rgusomuk/posbillingwala.com/adminpanel/bootstrap/cache directory must be present and writable. at /home/rgusomuk/posbillingwala.com/adminpanel/vendor/laravel/framework/src/Illuminate/Foundation/PackageManifest.php:178)
[stacktrace]
#0 /home/rgusomuk/posbillingwala.com/adminpanel/vendor/laravel/framework/src/Illuminate/Foundation/PackageManifest.php(131): Illuminate\\Foundation\\PackageManifest->write(Array)
#1 /home/rgusomuk/posbillingwala.com/adminpanel/vendor/laravel/framework/src/Illuminate/Foundation/PackageManifest.php(107): Illuminate\\Foundation\\PackageManifest->build()
#2 /home/rgusomuk/posbillingwala.com/adminpanel/vendor/laravel/framework/src/Illuminate/Foundation/PackageManifest.php(90): Illuminate\\Foundation\\PackageManifest->getManifest()
#3 /home/rgusomuk/posbillingwala.com/adminpanel/vendor/laravel/framework/src/Illuminate/Foundation/PackageManifest.php(79): Illuminate\\Foundation\\PackageManifest->config('aliases')
#4 /home/rgusomuk/posbillingwala.com/adminpanel/vendor/laravel/framework/src/Illuminate/Foundation/Bootstrap/RegisterFacades.php(26): Illuminate\\Foundation\\PackageManifest->aliases()
#5 /home/rgusomuk/posbillingwala.com/adminpanel/vendor/laravel/framework/src/Illuminate/Foundation/Application.php(242): Illuminate\\Foundation\\Bootstrap\\RegisterFacades->bootstrap(Object(Illuminate\\Foundation\\Application))
#6 /home/rgusomuk/posbillingwala.com/adminpanel/vendor/laravel/framework/src/Illuminate/Foundation/Http/Kernel.php(176): Illuminate\\Foundation\\Application->bootstrapWith(Array)
#7 /home/rgusomuk/posbillingwala.com/adminpanel/vendor/laravel/framework/src/Illuminate/Foundation/Http/Kernel.php(160): Illuminate\\Foundation\\Http\\Kernel->bootstrap()
#8 /home/rgusomuk/posbillingwala.com/adminpanel/vendor/laravel/framework/src/Illuminate/Foundation/Http/Kernel.php(134): Illuminate\\Foundation\\Http\\Kernel->sendRequestThroughRouter(Object(Illuminate\\Http\\Request))
#9 /home/rgusomuk/posbillingwala.com/adminpanel/public/index.php(51): Illuminate\\Foundation\\Http\\Kernel->handle(Object(Illuminate\\Http\\Request))
#10 /home/rgusomuk/posbillingwala.com/adminpanel/index.php(21): require_once('/home/rgusomuk/...')
#11 {main}
"} 
[2026-08-24 17:56:46] local.ERROR: Target class [view] does not exist. {"exception":"[object] (Illuminate\\Contracts\\Container\\BindingResolutionException(code: 0): Target class [view] does not exist. at /home/rgusomuk/posbillingwala.com/adminpanel/vendor/laravel/framework/src/Illuminate/Container/Container.php:891)
[stacktrace]
#0 /home/rgusomuk/posbillingwala.com/adminpanel/vendor/laravel/framework/src/Illuminate/Container/Container.php(770): Illuminate\\Container\\Container->build('view')
#1 /home/rgusomuk/posbillingwala.com/adminpanel/vendor/laravel/framework/src/Illuminate/Foundation/Application.php(856): Illuminate\\Container\\Container->resolve('view', Array, true)
#2 /home/rgusomuk/posbillingwala.com/adminpanel/vendor/laravel/framework/src/Illuminate/Container/Container.php(706): Illuminate\\Foundation\\Application->resolve('view', Array)
#3 /home/rgusomuk/posbillingwala.com/adminpanel/vendor/laravel/framework/src/Illuminate/Foundation/Application.php(841): Illuminate\\Container\\Container->make('view', Array)
#4 /home/rgusomuk/posbillingwala.com/adminpanel/vendor/laravel/framework/src/Illuminate/Container/Container.php(1431): Illuminate\\Foundation\\Application->make('view')
#5 /home/rgusomuk/posbillingwala.com/adminpanel/vendor/laravel/framework/src/Illuminate/Support/Facades/Facade.php(222): Illuminate\\Container\\Container->offsetGet('view')
#6 /home/rgusomuk/posbillingwala.com/adminpanel/vendor/laravel/framework/src/Illuminate/Support/Facades/Facade.php(193): Illuminate\\Support\\Facades\\Facade::resolveFacadeInstance('view')
#7 /home/rgusomuk/posbillingwala.com/adminpanel/vendor/laravel/framework/src/Illuminate/Support/Facades/Facade.php(332): Illuminate\\Support\\Facades\\Facade::getFacadeRoot()
#8 /home/rgusomuk/posbillingwala.com/adminpanel/vendor/laravel/framework/src/Illuminate/Foundation/Exceptions/RegisterErrorViewPaths.php(16): Illuminate\\Support\\Facades\\Facade::__callStatic('replaceNamespac...', Array)
#9 /home/rgusomuk/posbillingwala.com/adminpanel/vendor/laravel/framework/src/Illuminate/Foundation/Exceptions/Handler.php(642): Illuminate\\Foundation\\Exceptions\\RegisterErrorViewPaths->__invoke()
#10 /home/rgusomuk/posbillingwala.com/adminpanel/vendor/laravel/framework/src/Illuminate/Foundation/Exceptions/Handler.php(623): Illuminate\\Foundation\\Exceptions\\Handler->registerErrorViewPaths()
#11 /home/rgusomuk/posbillingwala.com/adminpanel/vendor/laravel/framework/src/Illuminate/Foundation/Exceptions/Handler.php(554): Illuminate\\Foundation\\Exceptions\\Handler->renderHttpException(Object(Symfony\\Component\\HttpKernel\\Exception\\HttpException))
#12 /home/rgusomuk/posbillingwala.com/adminpanel/vendor/laravel/framework/src/Illuminate/Foundation/Exceptions/Handler.php(460): Illuminate\\Foundation\\Exceptions\\Handler->prepareResponse(Object(Illuminate\\Http\\Request), Object(Symfony\\Component\\HttpKernel\\Exception\\HttpException))
#13 /home/rgusomuk/posbillingwala.com/adminpanel/vendor/laravel/framework/src/Illuminate/Foundation/Exceptions/Handler.php(377): Illuminate\\Foundation\\Exceptions\\Handler->renderExceptionResponse(Object(Illuminate\\Http\\Request), Object(Exception))
#14 /home/rgusomuk/posbillingwala.com/adminpanel/vendor/laravel/framework/src/Illuminate/Foundation/Http/Kernel.php(493): Illuminate\\Foundation\\Exceptions\\Handler->render(Object(Illuminate\\Http\\Request), Object(Exception))
#15 /home/rgusomuk/posbillingwala.com/adminpanel/vendor/laravel/framework/src/Illuminate/Foundation/Http/Kernel.php(138): Illuminate\\Foundation\\Http\\Kernel->renderException(Object(Illuminate\\Http\\Request), Object(Exception))
#16 /home/rgusomuk/posbillingwala.com/adminpanel/public/index.php(51): Illuminate\\Foundation\\Http\\Kernel->handle(Object(Illuminate\\Http\\Request))
#17 /home/rgusomuk/posbillingwala.com/adminpanel/index.php(21): require_once('/home/rgusomuk/...')
#18 {main}

[previous exception] [object] (ReflectionException(code: -1): Class \"view\" does not exist at /home/rgusomuk/posbillingwala.com/adminpanel/vendor/laravel/framework/src/Illuminate/Container/Container.php:889)
[stacktrace]
#0 /home/rgusomuk/posbillingwala.com/adminpanel/vendor/laravel/framework/src/Illuminate/Container/Container.php(889): ReflectionClass->__construct('view')
#1 /home/rgusomuk/posbillingwala.com/adminpanel/vendor/laravel/framework/src/Illuminate/Container/Container.php(770): Illuminate\\Container\\Container->build('view')
#2 /home/rgusomuk/posbillingwala.com/adminpanel/vendor/laravel/framework/src/Illuminate/Foundation/Application.php(856): Illuminate\\Container\\Container->resolve('view', Array, true)
#3 /home/rgusomuk/posbillingwala.com/adminpanel/vendor/laravel/framework/src/Illuminate/Container/Container.php(706): Illuminate\\Foundation\\Application->resolve('view', Array)
#4 /home/rgusomuk/posbillingwala.com/adminpanel/vendor/laravel/framework/src/Illuminate/Foundation/Application.php(841): Illuminate\\Container\\Container->make('view', Array)
#5 /home/rgusomuk/posbillingwala.com/adminpanel/vendor/laravel/framework/src/Illuminate/Container/Container.php(1431): Illuminate\\Foundation\\Application->make('view')
#6 /home/rgusomuk/posbillingwala.com/adminpanel/vendor/laravel/framework/src/Illuminate/Support/Facades/Facade.php(222): Illuminate\\Container\\Container->offsetGet('view')
#7 /home/rgusomuk/posbillingwala.com/adminpanel/vendor/laravel/framework/src/Illuminate/Support/Facades/Facade.php(193): Illuminate\\Support\\Facades\\Facade::resolveFacadeInstance('view')
#8 /home/rgusomuk/posbillingwala.com/adminpanel/vendor/laravel/framework/src/Illuminate/Support/Facades/Facade.php(332): Illuminate\\Support\\Facades\\Facade::getFacadeRoot()
#9 /home/rgusomuk/posbillingwala.com/adminpanel/vendor/laravel/framework/src/Illuminate/Foundation/Exceptions/RegisterErrorViewPaths.php(16): Illuminate\\Support\\Facades\\Facade::__callStatic('replaceNamespac...', Array)
#10 /home/rgusomuk/posbillingwala.com/adminpanel/vendor/laravel/framework/src/Illuminate/Foundation/Exceptions/Handler.php(642): Illuminate\\Foundation\\Exceptions\\RegisterErrorViewPaths->__invoke()
#11 /home/rgusomuk/posbillingwala.com/adminpanel/vendor/laravel/framework/src/Illuminate/Foundation/Exceptions/Handler.php(623): Illuminate\\Foundation\\Exceptions\\Handler->registerErrorViewPaths()
#12 /home/rgusomuk/posbillingwala.com/adminpanel/vendor/laravel/framework/src/Illuminate/Foundation/Exceptions/Handler.php(554): Illuminate\\Foundation\\Exceptions\\Handler->renderHttpException(Object(Symfony\\Component\\HttpKernel\\Exception\\HttpException))
#13 /home/rgusomuk/posbillingwala.com/adminpanel/vendor/laravel/framework/src/Illuminate/Foundation/Exceptions/Handler.php(460): Illuminate\\Foundation\\Exceptions\\Handler->prepareResponse(Object(Illuminate\\Http\\Request), Object(Symfony\\Component\\HttpKernel\\Exception\\HttpException))
#14 /home/rgusomuk/posbillingwala.com/adminpanel/vendor/laravel/framework/src/Illuminate/Foundation/Exceptions/Handler.php(377): Illuminate\\Foundation\\Exceptions\\Handler->renderExceptionResponse(Object(Illuminate\\Http\\Request), Object(Exception))
#15 /home/rgusomuk/posbillingwala.com/adminpanel/vendor/laravel/framework/src/Illuminate/Foundation/Http/Kernel.php(493): Illuminate\\Foundation\\Exceptions\\Handler->render(Object(Illuminate\\Http\\Request), Object(Exception))
#16 /home/rgusomuk/posbillingwala.com/adminpanel/vendor/laravel/framework/src/Illuminate/Foundation/Http/Kernel.php(138): Illuminate\\Foundation\\Http\\Kernel->renderException(Object(Illuminate\\Http\\Request), Object(Exception))
#17 /home/rgusomuk/posbillingwala.com/adminpanel/public/index.php(51): Illuminate\\Foundation\\Http\\Kernel->handle(Object(Illuminate\\Http\\Request))
#18 /home/rgusomuk/posbillingwala.com/adminpanel/index.php(21): require_once('/home/rgusomuk/...')
#19 {main}
"} 
[2026-08-24 17:56:46] local.ERROR: Uncaught ReflectionException: Class "view" does not exist in /home/rgusomuk/posbillingwala.com/adminpanel/vendor/laravel/framework/src/Illuminate/Container/Container.php:889
Stack trace:
#0 /home/rgusomuk/posbillingwala.com/adminpanel/vendor/laravel/framework/src/Illuminate/Container/Container.php(889): ReflectionClass->__construct('view')
#1 /home/rgusomuk/posbillingwala.com/adminpanel/vendor/laravel/framework/src/Illuminate/Container/Container.php(770): Illuminate\Container\Container->build('view')
#2 /home/rgusomuk/posbillingwala.com/adminpanel/vendor/laravel/framework/src/Illuminate/Foundation/Application.php(856): Illuminate\Container\Container->resolve('view', Array, true)
#3 /home/rgusomuk/posbillingwala.com/adminpanel/vendor/laravel/framework/src/Illuminate/Container/Container.php(706): Illuminate\Foundation\Application->resolve('view', Array)
#4 /home/rgusomuk/posbillingwala.com/adminpanel/vendor/laravel/framework/src/Illuminate/Foundation/Application.php(841): Illuminate\Container\Container->make('view', Array)
#5 /home/rgusomuk/posbillingwala.com/adminpanel/vendor/laravel/framework/src/Illuminate/Container/Container.php(1431): Illuminate\Foundation\Application->make('view')
#6 /home/rgusomuk/posbillingwala.com/adminpanel/vendor/laravel/framework/src/Illuminate/Support/Facades/Facade.php(222): Illuminate\Container\Container->offsetGet('view')
#7 /home/rgusomuk/posbillingwala.com/adminpanel/vendor/laravel/framework/src/Illuminate/Support/Facades/Facade.php(193): Illuminate\Support\Facades\Facade::resolveFacadeInstance('view')
#8 /home/rgusomuk/posbillingwala.com/adminpanel/vendor/laravel/framework/src/Illuminate/Support/Facades/Facade.php(332): Illuminate\Support\Facades\Facade::getFacadeRoot()
#9 /home/rgusomuk/posbillingwala.com/adminpanel/vendor/laravel/framework/src/Illuminate/Foundation/Exceptions/RegisterErrorViewPaths.php(16): Illuminate\Support\Facades\Facade::__callStatic('replaceNamespac...', Array)
#10 /home/rgusomuk/posbillingwala.com/adminpanel/vendor/laravel/framework/src/Illuminate/Foundation/Exceptions/Handler.php(642): Illuminate\Foundation\Exceptions\RegisterErrorViewPaths->__invoke()
#11 /home/rgusomuk/posbillingwala.com/adminpanel/vendor/laravel/framework/src/Illuminate/Foundation/Exceptions/Handler.php(623): Illuminate\Foundation\Exceptions\Handler->registerErrorViewPaths()
#12 /home/rgusomuk/posbillingwala.com/adminpanel/vendor/laravel/framework/src/Illuminate/Foundation/Exceptions/Handler.php(554): Illuminate\Foundation\Exceptions\Handler->renderHttpException(Object(Symfony\Component\HttpKernel\Exception\HttpException))
#13 /home/rgusomuk/posbillingwala.com/adminpanel/vendor/laravel/framework/src/Illuminate/Foundation/Exceptions/Handler.php(460): Illuminate\Foundation\Exceptions\Handler->prepareResponse(Object(Illuminate\Http\Request), Object(Symfony\Component\HttpKernel\Exception\HttpException))
#14 /home/rgusomuk/posbillingwala.com/adminpanel/vendor/laravel/framework/src/Illuminate/Foundation/Exceptions/Handler.php(377): Illuminate\Foundation\Exceptions\Handler->renderExceptionResponse(Object(Illuminate\Http\Request), Object(Illuminate\Contracts\Container\BindingResolutionException))
#15 /home/rgusomuk/posbillingwala.com/adminpanel/vendor/laravel/framework/src/Illuminate/Foundation/Bootstrap/HandleExceptions.php(229): Illuminate\Foundation\Exceptions\Handler->render(Object(Illuminate\Http\Request), Object(Illuminate\Contracts\Container\BindingResolutionException))
#16 /home/rgusomuk/posbillingwala.com/adminpanel/vendor/laravel/framework/src/Illuminate/Foundation/Bootstrap/HandleExceptions.php(206): Illuminate\Foundation\Bootstrap\HandleExceptions->renderHttpResponse(Object(Illuminate\Contracts\Container\BindingResolutionException))
#17 /home/rgusomuk/posbillingwala.com/adminpanel/vendor/laravel/framework/src/Illuminate/Foundation/Bootstrap/HandleExceptions.php(266): Illuminate\Foundation\Bootstrap\HandleExceptions->handleException(Object(Illuminate\Contracts\Container\BindingResolutionException))
#18 [internal function]: Illuminate\Foundation\Bootstrap\HandleExceptions->Illuminate\Foundation\Bootstrap\{closure}(Object(Illuminate\Contracts\Container\BindingResolutionException))
#19 {main}

Next Illuminate\Contracts\Container\BindingResolutionException: Target class [view] does not exist. in /home/rgusomuk/posbillingwala.com/adminpanel/vendor/laravel/framework/src/Illuminate/Container/Container.php:891
Stack trace:
#0 /home/rgusomuk/posbillingwala.com/adminpanel/vendor/laravel/framework/src/Illuminate/Container/Container.php(770): Illuminate\Container\Container->build('view')
#1 /home/rgusomuk/posbillingwala.com/adminpanel/vendor/laravel/framework/src/Illuminate/Foundation/Application.php(856): Illuminate\Container\Container->resolve('view', Array, true)
#2 /home/rgusomuk/posbillingwala.com/adminpanel/vendor/laravel/framework/src/Illuminate/Container/Container.php(706): Illuminate\Foundation\Application->resolve('view', Array)
#3 /home/rgusomuk/posbillingwala.com/adminpanel/vendor/laravel/framework/src/Illuminate/Foundation/Application.php(841): Illuminate\Container\Container->make('view', Array)
#4 /home/rgusomuk/posbillingwala.com/adminpanel/vendor/laravel/framework/src/Illuminate/Container/Container.php(1431): Illuminate\Foundation\Application->make('view')
#5 /home/rgusomuk/posbillingwala.com/adminpanel/vendor/laravel/framework/src/Illuminate/Support/Facades/Facade.php(222): Illuminate\Container\Container->offsetGet('view')
#6 /home/rgusomuk/posbillingwala.com/adminpanel/vendor/laravel/framework/src/Illuminate/Support/Facades/Facade.php(193): Illuminate\Support\Facades\Facade::resolveFacadeInstance('view')
#7 /home/rgusomuk/posbillingwala.com/adminpanel/vendor/laravel/framework/src/Illuminate/Support/Facades/Facade.php(332): Illuminate\Support\Facades\Facade::getFacadeRoot()
#8 /home/rgusomuk/posbillingwala.com/adminpanel/vendor/laravel/framework/src/Illuminate/Foundation/Exceptions/RegisterErrorViewPaths.php(16): Illuminate\Support\Facades\Facade::__callStatic('replaceNamespac...', Array)
#9 /home/rgusomuk/posbillingwala.com/adminpanel/vendor/laravel/framework/src/Illuminate/Foundation/Exceptions/Handler.php(642): Illuminate\Foundation\Exceptions\RegisterErrorViewPaths->__invoke()
#10 /home/rgusomuk/posbillingwala.com/adminpanel/vendor/laravel/framework/src/Illuminate/Foundation/Exceptions/Handler.php(623): Illuminate\Foundation\Exceptions\Handler->registerErrorViewPaths()
#11 /home/rgusomuk/posbillingwala.com/adminpanel/vendor/laravel/framework/src/Illuminate/Foundation/Exceptions/Handler.php(554): Illuminate\Foundation\Exceptions\Handler->renderHttpException(Object(Symfony\Component\HttpKernel\Exception\HttpException))
#12 /home/rgusomuk/posbillingwala.com/adminpanel/vendor/laravel/framework/src/Illuminate/Foundation/Exceptions/Handler.php(460): Illuminate\Foundation\Exceptions\Handler->prepareResponse(Object(Illuminate\Http\Request), Object(Symfony\Component\HttpKernel\Exception\HttpException))
#13 /home/rgusomuk/posbillingwala.com/adminpanel/vendor/laravel/framework/src/Illuminate/Foundation/Exceptions/Handler.php(377): Illuminate\Foundation\Exceptions\Handler->renderExceptionResponse(Object(Illuminate\Http\Request), Object(Illuminate\Contracts\Container\BindingResolutionException))
#14 /home/rgusomuk/posbillingwala.com/adminpanel/vendor/laravel/framework/src/Illuminate/Foundation/Bootstrap/HandleExceptions.php(229): Illuminate\Foundation\Exceptions\Handler->render(Object(Illuminate\Http\Request), Object(Illuminate\Contracts\Container\BindingResolutionException))
#15 /home/rgusomuk/posbillingwala.com/adminpanel/vendor/laravel/framework/src/Illuminate/Foundation/Bootstrap/HandleExceptions.php(206): Illuminate\Foundation\Bootstrap\HandleExceptions->renderHttpResponse(Object(Illuminate\Contracts\Container\BindingResolutionException))
#16 /home/rgusomuk/posbillingwala.com/adminpanel/vendor/laravel/framework/src/Illuminate/Foundation/Bootstrap/HandleExceptions.php(266): Illuminate\Foundation\Bootstrap\HandleExceptions->handleException(Object(Illuminate\Contracts\Container\BindingResolutionException))
#17 [internal function]: Illuminate\Foundation\Bootstrap\HandleExceptions->Illuminate\Foundation\Bootstrap\{closure}(Object(Illuminate\Contracts\Container\BindingResolutionException))
#18 {main}
  thrown {"exception":"[object] (Symfony\\Component\\ErrorHandler\\Error\\FatalError(code: 0): Uncaught ReflectionException: Class \"view\" does not exist in /home/rgusomuk/posbillingwala.com/adminpanel/vendor/laravel/framework/src/Illuminate/Container/Container.php:889
Stack trace:
#0 /home/rgusomuk/posbillingwala.com/adminpanel/vendor/laravel/framework/src/Illuminate/Container/Container.php(889): ReflectionClass->__construct('view')
#1 /home/rgusomuk/posbillingwala.com/adminpanel/vendor/laravel/framework/src/Illuminate/Container/Container.php(770): Illuminate\\Container\\Container->build('view')
#2 /home/rgusomuk/posbillingwala.com/adminpanel/vendor/laravel/framework/src/Illuminate/Foundation/Application.php(856): Illuminate\\Container\\Container->resolve('view', Array, true)
#3 /home/rgusomuk/posbillingwala.com/adminpanel/vendor/laravel/framework/src/Illuminate/Container/Container.php(706): Illuminate\\Foundation\\Application->resolve('view', Array)
#4 /home/rgusomuk/posbillingwala.com/adminpanel/vendor/laravel/framework/src/Illuminate/Foundation/Application.php(841): Illuminate\\Container\\Container->make('view', Array)
#5 /home/rgusomuk/posbillingwala.com/adminpanel/vendor/laravel/framework/src/Illuminate/Container/Container.php(1431): Illuminate\\Foundation\\Application->make('view')
#6 /home/rgusomuk/posbillingwala.com/adminpanel/vendor/laravel/framework/src/Illuminate/Support/Facades/Facade.php(222): Illuminate\\Container\\Container->offsetGet('view')
#7 /home/rgusomuk/posbillingwala.com/adminpanel/vendor/laravel/framework/src/Illuminate/Support/Facades/Facade.php(193): Illuminate\\Support\\Facades\\Facade::resolveFacadeInstance('view')
#8 /home/rgusomuk/posbillingwala.com/adminpanel/vendor/laravel/framework/src/Illuminate/Support/Facades/Facade.php(332): Illuminate\\Support\\Facades\\Facade::getFacadeRoot()
#9 /home/rgusomuk/posbillingwala.com/adminpanel/vendor/laravel/framework/src/Illuminate/Foundation/Exceptions/RegisterErrorViewPaths.php(16): Illuminate\\Support\\Facades\\Facade::__callStatic('replaceNamespac...', Array)
#10 /home/rgusomuk/posbillingwala.com/adminpanel/vendor/laravel/framework/src/Illuminate/Foundation/Exceptions/Handler.php(642): Illuminate\\Foundation\\Exceptions\\RegisterErrorViewPaths->__invoke()
#11 /home/rgusomuk/posbillingwala.com/adminpanel/vendor/laravel/framework/src/Illuminate/Foundation/Exceptions/Handler.php(623): Illuminate\\Foundation\\Exceptions\\Handler->registerErrorViewPaths()
#12 /home/rgusomuk/posbillingwala.com/adminpanel/vendor/laravel/framework/src/Illuminate/Foundation/Exceptions/Handler.php(554): Illuminate\\Foundation\\Exceptions\\Handler->renderHttpException(Object(Symfony\\Component\\HttpKernel\\Exception\\HttpException))
#13 /home/rgusomuk/posbillingwala.com/adminpanel/vendor/laravel/framework/src/Illuminate/Foundation/Exceptions/Handler.php(460): Illuminate\\Foundation\\Exceptions\\Handler->prepareResponse(Object(Illuminate\\Http\\Request), Object(Symfony\\Component\\HttpKernel\\Exception\\HttpException))
#14 /home/rgusomuk/posbillingwala.com/adminpanel/vendor/laravel/framework/src/Illuminate/Foundation/Exceptions/Handler.php(377): Illuminate\\Foundation\\Exceptions\\Handler->renderExceptionResponse(Object(Illuminate\\Http\\Request), Object(Illuminate\\Contracts\\Container\\BindingResolutionException))
#15 /home/rgusomuk/posbillingwala.com/adminpanel/vendor/laravel/framework/src/Illuminate/Foundation/Bootstrap/HandleExceptions.php(229): Illuminate\\Foundation\\Exceptions\\Handler->render(Object(Illuminate\\Http\\Request), Object(Illuminate\\Contracts\\Container\\BindingResolutionException))
#16 /home/rgusomuk/posbillingwala.com/adminpanel/vendor/laravel/framework/src/Illuminate/Foundation/Bootstrap/HandleExceptions.php(206): Illuminate\\Foundation\\Bootstrap\\HandleExceptions->renderHttpResponse(Object(Illuminate\\Contracts\\Container\\BindingResolutionException))
#17 /home/rgusomuk/posbillingwala.com/adminpanel/vendor/laravel/framework/src/Illuminate/Foundation/Bootstrap/HandleExceptions.php(266): Illuminate\\Foundation\\Bootstrap\\HandleExceptions->handleException(Object(Illuminate\\Contracts\\Container\\BindingResolutionException))
#18 [internal function]: Illuminate\\Foundation\\Bootstrap\\HandleExceptions->Illuminate\\Foundation\\Bootstrap\\{closure}(Object(Illuminate\\Contracts\\Container\\BindingResolutionException))
#19 {main}

Next Illuminate\\Contracts\\Container\\BindingResolutionException: Target class [view] does not exist. in /home/rgusomuk/posbillingwala.com/adminpanel/vendor/laravel/framework/src/Illuminate/Container/Container.php:891
Stack trace:
#0 /home/rgusomuk/posbillingwala.com/adminpanel/vendor/laravel/framework/src/Illuminate/Container/Container.php(770): Illuminate\\Container\\Container->build('view')
#1 /home/rgusomuk/posbillingwala.com/adminpanel/vendor/laravel/framework/src/Illuminate/Foundation/Application.php(856): Illuminate\\Container\\Container->resolve('view', Array, true)
#2 /home/rgusomuk/posbillingwala.com/adminpanel/vendor/laravel/framework/src/Illuminate/Container/Container.php(706): Illuminate\\Foundation\\Application->resolve('view', Array)
#3 /home/rgusomuk/posbillingwala.com/adminpanel/vendor/laravel/framework/src/Illuminate/Foundation/Application.php(841): Illuminate\\Container\\Container->make('view', Array)
#4 /home/rgusomuk/posbillingwala.com/adminpanel/vendor/laravel/framework/src/Illuminate/Container/Container.php(1431): Illuminate\\Foundation\\Application->make('view')
#5 /home/rgusomuk/posbillingwala.com/adminpanel/vendor/laravel/framework/src/Illuminate/Support/Facades/Facade.php(222): Illuminate\\Container\\Container->offsetGet('view')
#6 /home/rgusomuk/posbillingwala.com/adminpanel/vendor/laravel/framework/src/Illuminate/Support/Facades/Facade.php(193): Illuminate\\Support\\Facades\\Facade::resolveFacadeInstance('view')
#7 /home/rgusomuk/posbillingwala.com/adminpanel/vendor/laravel/framework/src/Illuminate/Support/Facades/Facade.php(332): Illuminate\\Support\\Facades\\Facade::getFacadeRoot()
#8 /home/rgusomuk/posbillingwala.com/adminpanel/vendor/laravel/framework/src/Illuminate/Foundation/Exceptions/RegisterErrorViewPaths.php(16): Illuminate\\Support\\Facades\\Facade::__callStatic('replaceNamespac...', Array)
#9 /home/rgusomuk/posbillingwala.com/adminpanel/vendor/laravel/framework/src/Illuminate/Foundation/Exceptions/Handler.php(642): Illuminate\\Foundation\\Exceptions\\RegisterErrorViewPaths->__invoke()
#10 /home/rgusomuk/posbillingwala.com/adminpanel/vendor/laravel/framework/src/Illuminate/Foundation/Exceptions/Handler.php(623): Illuminate\\Foundation\\Exceptions\\Handler->registerErrorViewPaths()
#11 /home/rgusomuk/posbillingwala.com/adminpanel/vendor/laravel/framework/src/Illuminate/Foundation/Exceptions/Handler.php(554): Illuminate\\Foundation\\Exceptions\\Handler->renderHttpException(Object(Symfony\\Component\\HttpKernel\\Exception\\HttpException))
#12 /home/rgusomuk/posbillingwala.com/adminpanel/vendor/laravel/framework/src/Illuminate/Foundation/Exceptions/Handler.php(460): Illuminate\\Foundation\\Exceptions\\Handler->prepareResponse(Object(Illuminate\\Http\\Request), Object(Symfony\\Component\\HttpKernel\\Exception\\HttpException))
#13 /home/rgusomuk/posbillingwala.com/adminpanel/vendor/laravel/framework/src/Illuminate/Foundation/Exceptions/Handler.php(377): Illuminate\\Foundation\\Exceptions\\Handler->renderExceptionResponse(Object(Illuminate\\Http\\Request), Object(Illuminate\\Contracts\\Container\\BindingResolutionException))
#14 /home/rgusomuk/posbillingwala.com/adminpanel/vendor/laravel/framework/src/Illuminate/Foundation/Bootstrap/HandleExceptions.php(229): Illuminate\\Foundation\\Exceptions\\Handler->render(Object(Illuminate\\Http\\Request), Object(Illuminate\\Contracts\\Container\\BindingResolutionException))
#15 /home/rgusomuk/posbillingwala.com/adminpanel/vendor/laravel/framework/src/Illuminate/Foundation/Bootstrap/HandleExceptions.php(206): Illuminate\\Foundation\\Bootstrap\\HandleExceptions->renderHttpResponse(Object(Illuminate\\Contracts\\Container\\BindingResolutionException))
#16 /home/rgusomuk/posbillingwala.com/adminpanel/vendor/laravel/framework/src/Illuminate/Foundation/Bootstrap/HandleExceptions.php(266): Illuminate\\Foundation\\Bootstrap\\HandleExceptions->handleException(Object(Illuminate\\Contracts\\Container\\BindingResolutionException))
#17 [internal function]: Illuminate\\Foundation\\Bootstrap\\HandleExceptions->Illuminate\\Foundation\\Bootstrap\\{closure}(Object(Illuminate\\Contracts\\Container\\BindingResolutionException))
#18 {main}
  thrown at /home/rgusomuk/posbillingwala.com/adminpanel/vendor/laravel/framework/src/Illuminate/Container/Container.php:891)
[stacktrace]
#0 {main}
"} 
[2026-08-24 18:34:54] local.ERROR: The /home/rgusomuk/posbillingwala.com/adminpanel/bootstrap/cache directory must be present and writable. {"exception":"[object] (Exception(code: 0): The /home/rgusomuk/posbillingwala.com/adminpanel/bootstrap/cache directory must be present and writable. at /home/rgusomuk/posbillingwala.com/adminpanel/vendor/laravel/framework/src/Illuminate/Foundation/PackageManifest.php:178)
[stacktrace]
#0 /home/rgusomuk/posbillingwala.com/adminpanel/vendor/laravel/framework/src/Illuminate/Foundation/PackageManifest.php(131): Illuminate\\Foundation\\PackageManifest->write(Array)
#1 /home/rgusomuk/posbillingwala.com/adminpanel/vendor/laravel/framework/src/Illuminate/Foundation/PackageManifest.php(107): Illuminate\\Foundation\\PackageManifest->build()
#2 /home/rgusomuk/posbillingwala.com/adminpanel/vendor/laravel/framework/src/Illuminate/Foundation/PackageManifest.php(90): Illuminate\\Foundation\\PackageManifest->getManifest()
#3 /home/rgusomuk/posbillingwala.com/adminpanel/vendor/laravel/framework/src/Illuminate/Foundation/PackageManifest.php(79): Illuminate\\Foundation\\PackageManifest->config('aliases')
#4 /home/rgusomuk/posbillingwala.com/adminpanel/vendor/laravel/framework/src/Illuminate/Foundation/Bootstrap/RegisterFacades.php(26): Illuminate\\Foundation\\PackageManifest->aliases()
#5 /home/rgusomuk/posbillingwala.com/adminpanel/vendor/laravel/framework/src/Illuminate/Foundation/Application.php(242): Illuminate\\Foundation\\Bootstrap\\RegisterFacades->bootstrap(Object(Illuminate\\Foundation\\Application))
#6 /home/rgusomuk/posbillingwala.com/adminpanel/vendor/laravel/framework/src/Illuminate/Foundation/Http/Kernel.php(176): Illuminate\\Foundation\\Application->bootstrapWith(Array)
#7 /home/rgusomuk/posbillingwala.com/adminpanel/vendor/laravel/framework/src/Illuminate/Foundation/Http/Kernel.php(160): Illuminate\\Foundation\\Http\\Kernel->bootstrap()
#8 /home/rgusomuk/posbillingwala.com/adminpanel/vendor/laravel/framework/src/Illuminate/Foundation/Http/Kernel.php(134): Illuminate\\Foundation\\Http\\Kernel->sendRequestThroughRouter(Object(Illuminate\\Http\\Request))
#9 /home/rgusomuk/posbillingwala.com/adminpanel/public/index.php(51): Illuminate\\Foundation\\Http\\Kernel->handle(Object(Illuminate\\Http\\Request))
#10 /home/rgusomuk/posbillingwala.com/adminpanel/index.php(21): require_once('/home/rgusomuk/...')
#11 {main}
"} 
[2026-08-24 18:34:54] local.ERROR: Target class [view] does not exist. {"exception":"[object] (Illuminate\\Contracts\\Container\\BindingResolutionException(code: 0): Target class [view] does not exist. at /home/rgusomuk/posbillingwala.com/adminpanel/vendor/laravel/framework/src/Illuminate/Container/Container.php:891)
[stacktrace]
#0 /home/rgusomuk/posbillingwala.com/adminpanel/vendor/laravel/framework/src/Illuminate/Container/Container.php(770): Illuminate\\Container\\Container->build('view')
#1 /home/rgusomuk/posbillingwala.com/adminpanel/vendor/laravel/framework/src/Illuminate/Foundation/Application.php(856): Illuminate\\Container\\Container->resolve('view', Array, true)
#2 /home/rgusomuk/posbillingwala.com/adminpanel/vendor/laravel/framework/src/Illuminate/Container/Container.php(706): Illuminate\\Foundation\\Application->resolve('view', Array)
#3 /home/rgusomuk/posbillingwala.com/adminpanel/vendor/laravel/framework/src/Illuminate/Foundation/Application.php(841): Illuminate\\Container\\Container->make('view', Array)
#4 /home/rgusomuk/posbillingwala.com/adminpanel/vendor/laravel/framework/src/Illuminate/Container/Container.php(1431): Illuminate\\Foundation\\Application->make('view')
#5 /home/rgusomuk/posbillingwala.com/adminpanel/vendor/laravel/framework/src/Illuminate/Support/Facades/Facade.php(222): Illuminate\\Container\\Container->offsetGet('view')
#6 /home/rgusomuk/posbillingwala.com/adminpanel/vendor/laravel/framework/src/Illuminate/Support/Facades/Facade.php(193): Illuminate\\Support\\Facades\\Facade::resolveFacadeInstance('view')
#7 /home/rgusomuk/posbillingwala.com/adminpanel/vendor/laravel/framework/src/Illuminate/Support/Facades/Facade.php(332): Illuminate\\Support\\Facades\\Facade::getFacadeRoot()
#8 /home/rgusomuk/posbillingwala.com/adminpanel/vendor/laravel/framework/src/Illuminate/Foundation/Exceptions/RegisterErrorViewPaths.php(16): Illuminate\\Support\\Facades\\Facade::__callStatic('replaceNamespac...', Array)
#9 /home/rgusomuk/posbillingwala.com/adminpanel/vendor/laravel/framework/src/Illuminate/Foundation/Exceptions/Handler.php(642): Illuminate\\Foundation\\Exceptions\\RegisterErrorViewPaths->__invoke()
#10 /home/rgusomuk/posbillingwala.com/adminpanel/vendor/laravel/framework/src/Illuminate/Foundation/Exceptions/Handler.php(623): Illuminate\\Foundation\\Exceptions\\Handler->registerErrorViewPaths()
#11 /home/rgusomuk/posbillingwala.com/adminpanel/vendor/laravel/framework/src/Illuminate/Foundation/Exceptions/Handler.php(554): Illuminate\\Foundation\\Exceptions\\Handler->renderHttpException(Object(Symfony\\Component\\HttpKernel\\Exception\\HttpException))
#12 /home/rgusomuk/posbillingwala.com/adminpanel/vendor/laravel/framework/src/Illuminate/Foundation/Exceptions/Handler.php(460): Illuminate\\Foundation\\Exceptions\\Handler->prepareResponse(Object(Illuminate\\Http\\Request), Object(Symfony\\Component\\HttpKernel\\Exception\\HttpException))
#13 /home/rgusomuk/posbillingwala.com/adminpanel/vendor/laravel/framework/src/Illuminate/Foundation/Exceptions/Handler.php(377): Illuminate\\Foundation\\Exceptions\\Handler->renderExceptionResponse(Object(Illuminate\\Http\\Request), Object(Exception))
#14 /home/rgusomuk/posbillingwala.com/adminpanel/vendor/laravel/framework/src/Illuminate/Foundation/Http/Kernel.php(493): Illuminate\\Foundation\\Exceptions\\Handler->render(Object(Illuminate\\Http\\Request), Object(Exception))
#15 /home/rgusomuk/posbillingwala.com/adminpanel/vendor/laravel/framework/src/Illuminate/Foundation/Http/Kernel.php(138): Illuminate\\Foundation\\Http\\Kernel->renderException(Object(Illuminate\\Http\\Request), Object(Exception))
#16 /home/rgusomuk/posbillingwala.com/adminpanel/public/index.php(51): Illuminate\\Foundation\\Http\\Kernel->handle(Object(Illuminate\\Http\\Request))
#17 /home/rgusomuk/posbillingwala.com/adminpanel/index.php(21): require_once('/home/rgusomuk/...')
#18 {main}

[previous exception] [object] (ReflectionException(code: -1): Class \"view\" does not exist at /home/rgusomuk/posbillingwala.com/adminpanel/vendor/laravel/framework/src/Illuminate/Container/Container.php:889)
[stacktrace]
#0 /home/rgusomuk/posbillingwala.com/adminpanel/vendor/laravel/framework/src/Illuminate/Container/Container.php(889): ReflectionClass->__construct('view')
#1 /home/rgusomuk/posbillingwala.com/adminpanel/vendor/laravel/framework/src/Illuminate/Container/Container.php(770): Illuminate\\Container\\Container->build('view')
#2 /home/rgusomuk/posbillingwala.com/adminpanel/vendor/laravel/framework/src/Illuminate/Foundation/Application.php(856): Illuminate\\Container\\Container->resolve('view', Array, true)
#3 /home/rgusomuk/posbillingwala.com/adminpanel/vendor/laravel/framework/src/Illuminate/Container/Container.php(706): Illuminate\\Foundation\\Application->resolve('view', Array)
#4 /home/rgusomuk/posbillingwala.com/adminpanel/vendor/laravel/framework/src/Illuminate/Foundation/Application.php(841): Illuminate\\Container\\Container->make('view', Array)
#5 /home/rgusomuk/posbillingwala.com/adminpanel/vendor/laravel/framework/src/Illuminate/Container/Container.php(1431): Illuminate\\Foundation\\Application->make('view')
#6 /home/rgusomuk/posbillingwala.com/adminpanel/vendor/laravel/framework/src/Illuminate/Support/Facades/Facade.php(222): Illuminate\\Container\\Container->offsetGet('view')
#7 /home/rgusomuk/posbillingwala.com/adminpanel/vendor/laravel/framework/src/Illuminate/Support/Facades/Facade.php(193): Illuminate\\Support\\Facades\\Facade::resolveFacadeInstance('view')
#8 /home/rgusomuk/posbillingwala.com/adminpanel/vendor/laravel/framework/src/Illuminate/Support/Facades/Facade.php(332): Illuminate\\Support\\Facades\\Facade::getFacadeRoot()
#9 /home/rgusomuk/posbillingwala.com/adminpanel/vendor/laravel/framework/src/Illuminate/Foundation/Exceptions/RegisterErrorViewPaths.php(16): Illuminate\\Support\\Facades\\Facade::__callStatic('replaceNamespac...', Array)
#10 /home/rgusomuk/posbillingwala.com/adminpanel/vendor/laravel/framework/src/Illuminate/Foundation/Exceptions/Handler.php(642): Illuminate\\Foundation\\Exceptions\\RegisterErrorViewPaths->__invoke()
#11 /home/rgusomuk/posbillingwala.com/adminpanel/vendor/laravel/framework/src/Illuminate/Foundation/Exceptions/Handler.php(623): Illuminate\\Foundation\\Exceptions\\Handler->registerErrorViewPaths()
#12 /home/rgusomuk/posbillingwala.com/adminpanel/vendor/laravel/framework/src/Illuminate/Foundation/Exceptions/Handler.php(554): Illuminate\\Foundation\\Exceptions\\Handler->renderHttpException(Object(Symfony\\Component\\HttpKernel\\Exception\\HttpException))
#13 /home/rgusomuk/posbillingwala.com/adminpanel/vendor/laravel/framework/src/Illuminate/Foundation/Exceptions/Handler.php(460): Illuminate\\Foundation\\Exceptions\\Handler->prepareResponse(Object(Illuminate\\Http\\Request), Object(Symfony\\Component\\HttpKernel\\Exception\\HttpException))
#14 /home/rgusomuk/posbillingwala.com/adminpanel/vendor/laravel/framework/src/Illuminate/Foundation/Exceptions/Handler.php(377): Illuminate\\Foundation\\Exceptions\\Handler->renderExceptionResponse(Object(Illuminate\\Http\\Request), Object(Exception))
#15 /home/rgusomuk/posbillingwala.com/adminpanel/vendor/laravel/framework/src/Illuminate/Foundation/Http/Kernel.php(493): Illuminate\\Foundation\\Exceptions\\Handler->render(Object(Illuminate\\Http\\Request), Object(Exception))
#16 /home/rgusomuk/posbillingwala.com/adminpanel/vendor/laravel/framework/src/Illuminate/Foundation/Http/Kernel.php(138): Illuminate\\Foundation\\Http\\Kernel->renderException(Object(Illuminate\\Http\\Request), Object(Exception))
#17 /home/rgusomuk/posbillingwala.com/adminpanel/public/index.php(51): Illuminate\\Foundation\\Http\\Kernel->handle(Object(Illuminate\\Http\\Request))
#18 /home/rgusomuk/posbillingwala.com/adminpanel/index.php(21): require_once('/home/rgusomuk/...')
#19 {main}
"} 
[2026-08-24 18:34:54] local.ERROR: Uncaught ReflectionException: Class "view" does not exist in /home/rgusomuk/posbillingwala.com/adminpanel/vendor/laravel/framework/src/Illuminate/Container/Container.php:889
Stack trace:
#0 /home/rgusomuk/posbillingwala.com/adminpanel/vendor/laravel/framework/src/Illuminate/Container/Container.php(889): ReflectionClass->__construct('view')
#1 /home/rgusomuk/posbillingwala.com/adminpanel/vendor/laravel/framework/src/Illuminate/Container/Container.php(770): Illuminate\Container\Container->build('view')
#2 /home/rgusomuk/posbillingwala.com/adminpanel/vendor/laravel/framework/src/Illuminate/Foundation/Application.php(856): Illuminate\Container\Container->resolve('view', Array, true)
#3 /home/rgusomuk/posbillingwala.com/adminpanel/vendor/laravel/framework/src/Illuminate/Container/Container.php(706): Illuminate\Foundation\Application->resolve('view', Array)
#4 /home/rgusomuk/posbillingwala.com/adminpanel/vendor/laravel/framework/src/Illuminate/Foundation/Application.php(841): Illuminate\Container\Container->make('view', Array)
#5 /home/rgusomuk/posbillingwala.com/adminpanel/vendor/laravel/framework/src/Illuminate/Container/Container.php(1431): Illuminate\Foundation\Application->make('view')
#6 /home/rgusomuk/posbillingwala.com/adminpanel/vendor/laravel/framework/src/Illuminate/Support/Facades/Facade.php(222): Illuminate\Container\Container->offsetGet('view')
#7 /home/rgusomuk/posbillingwala.com/adminpanel/vendor/laravel/framework/src/Illuminate/Support/Facades/Facade.php(193): Illuminate\Support\Facades\Facade::resolveFacadeInstance('view')
#8 /home/rgusomuk/posbillingwala.com/adminpanel/vendor/laravel/framework/src/Illuminate/Support/Facades/Facade.php(332): Illuminate\Support\Facades\Facade::getFacadeRoot()
#9 /home/rgusomuk/posbillingwala.com/adminpanel/vendor/laravel/framework/src/Illuminate/Foundation/Exceptions/RegisterErrorViewPaths.php(16): Illuminate\Support\Facades\Facade::__callStatic('replaceNamespac...', Array)
#10 /home/rgusomuk/posbillingwala.com/adminpanel/vendor/laravel/framework/src/Illuminate/Foundation/Exceptions/Handler.php(642): Illuminate\Foundation\Exceptions\RegisterErrorViewPaths->__invoke()
#11 /home/rgusomuk/posbillingwala.com/adminpanel/vendor/laravel/framework/src/Illuminate/Foundation/Exceptions/Handler.php(623): Illuminate\Foundation\Exceptions\Handler->registerErrorViewPaths()
#12 /home/rgusomuk/posbillingwala.com/adminpanel/vendor/laravel/framework/src/Illuminate/Foundation/Exceptions/Handler.php(554): Illuminate\Foundation\Exceptions\Handler->renderHttpException(Object(Symfony\Component\HttpKernel\Exception\HttpException))
#13 /home/rgusomuk/posbillingwala.com/adminpanel/vendor/laravel/framework/src/Illuminate/Foundation/Exceptions/Handler.php(460): Illuminate\Foundation\Exceptions\Handler->prepareResponse(Object(Illuminate\Http\Request), Object(Symfony\Component\HttpKernel\Exception\HttpException))
#14 /home/rgusomuk/posbillingwala.com/adminpanel/vendor/laravel/framework/src/Illuminate/Foundation/Exceptions/Handler.php(377): Illuminate\Foundation\Exceptions\Handler->renderExceptionResponse(Object(Illuminate\Http\Request), Object(Illuminate\Contracts\Container\BindingResolutionException))
#15 /home/rgusomuk/posbillingwala.com/adminpanel/vendor/laravel/framework/src/Illuminate/Foundation/Bootstrap/HandleExceptions.php(229): Illuminate\Foundation\Exceptions\Handler->render(Object(Illuminate\Http\Request), Object(Illuminate\Contracts\Container\BindingResolutionException))
#16 /home/rgusomuk/posbillingwala.com/adminpanel/vendor/laravel/framework/src/Illuminate/Foundation/Bootstrap/HandleExceptions.php(206): Illuminate\Foundation\Bootstrap\HandleExceptions->renderHttpResponse(Object(Illuminate\Contracts\Container\BindingResolutionException))
#17 /home/rgusomuk/posbillingwala.com/adminpanel/vendor/laravel/framework/src/Illuminate/Foundation/Bootstrap/HandleExceptions.php(266): Illuminate\Foundation\Bootstrap\HandleExceptions->handleException(Object(Illuminate\Contracts\Container\BindingResolutionException))
#18 [internal function]: Illuminate\Foundation\Bootstrap\HandleExceptions->Illuminate\Foundation\Bootstrap\{closure}(Object(Illuminate\Contracts\Container\BindingResolutionException))
#19 {main}

Next Illuminate\Contracts\Container\BindingResolutionException: Target class [view] does not exist. in /home/rgusomuk/posbillingwala.com/adminpanel/vendor/laravel/framework/src/Illuminate/Container/Container.php:891
Stack trace:
#0 /home/rgusomuk/posbillingwala.com/adminpanel/vendor/laravel/framework/src/Illuminate/Container/Container.php(770): Illuminate\Container\Container->build('view')
#1 /home/rgusomuk/posbillingwala.com/adminpanel/vendor/laravel/framework/src/Illuminate/Foundation/Application.php(856): Illuminate\Container\Container->resolve('view', Array, true)
#2 /home/rgusomuk/posbillingwala.com/adminpanel/vendor/laravel/framework/src/Illuminate/Container/Container.php(706): Illuminate\Foundation\Application->resolve('view', Array)
#3 /home/rgusomuk/posbillingwala.com/adminpanel/vendor/laravel/framework/src/Illuminate/Foundation/Application.php(841): Illuminate\Container\Container->make('view', Array)
#4 /home/rgusomuk/posbillingwala.com/adminpanel/vendor/laravel/framework/src/Illuminate/Container/Container.php(1431): Illuminate\Foundation\Application->make('view')
#5 /home/rgusomuk/posbillingwala.com/adminpanel/vendor/laravel/framework/src/Illuminate/Support/Facades/Facade.php(222): Illuminate\Container\Container->offsetGet('view')
#6 /home/rgusomuk/posbillingwala.com/adminpanel/vendor/laravel/framework/src/Illuminate/Support/Facades/Facade.php(193): Illuminate\Support\Facades\Facade::resolveFacadeInstance('view')
#7 /home/rgusomuk/posbillingwala.com/adminpanel/vendor/laravel/framework/src/Illuminate/Support/Facades/Facade.php(332): Illuminate\Support\Facades\Facade::getFacadeRoot()
#8 /home/rgusomuk/posbillingwala.com/adminpanel/vendor/laravel/framework/src/Illuminate/Foundation/Exceptions/RegisterErrorViewPaths.php(16): Illuminate\Support\Facades\Facade::__callStatic('replaceNamespac...', Array)
#9 /home/rgusomuk/posbillingwala.com/adminpanel/vendor/laravel/framework/src/Illuminate/Foundation/Exceptions/Handler.php(642): Illuminate\Foundation\Exceptions\RegisterErrorViewPaths->__invoke()
#10 /home/rgusomuk/posbillingwala.com/adminpanel/vendor/laravel/framework/src/Illuminate/Foundation/Exceptions/Handler.php(623): Illuminate\Foundation\Exceptions\Handler->registerErrorViewPaths()
#11 /home/rgusomuk/posbillingwala.com/adminpanel/vendor/laravel/framework/src/Illuminate/Foundation/Exceptions/Handler.php(554): Illuminate\Foundation\Exceptions\Handler->renderHttpException(Object(Symfony\Component\HttpKernel\Exception\HttpException))
#12 /home/rgusomuk/posbillingwala.com/adminpanel/vendor/laravel/framework/src/Illuminate/Foundation/Exceptions/Handler.php(460): Illuminate\Foundation\Exceptions\Handler->prepareResponse(Object(Illuminate\Http\Request), Object(Symfony\Component\HttpKernel\Exception\HttpException))
#13 /home/rgusomuk/posbillingwala.com/adminpanel/vendor/laravel/framework/src/Illuminate/Foundation/Exceptions/Handler.php(377): Illuminate\Foundation\Exceptions\Handler->renderExceptionResponse(Object(Illuminate\Http\Request), Object(Illuminate\Contracts\Container\BindingResolutionException))
#14 /home/rgusomuk/posbillingwala.com/adminpanel/vendor/laravel/framework/src/Illuminate/Foundation/Bootstrap/HandleExceptions.php(229): Illuminate\Foundation\Exceptions\Handler->render(Object(Illuminate\Http\Request), Object(Illuminate\Contracts\Container\BindingResolutionException))
#15 /home/rgusomuk/posbillingwala.com/adminpanel/vendor/laravel/framework/src/Illuminate/Foundation/Bootstrap/HandleExceptions.php(206): Illuminate\Foundation\Bootstrap\HandleExceptions->renderHttpResponse(Object(Illuminate\Contracts\Container\BindingResolutionException))
#16 /home/rgusomuk/posbillingwala.com/adminpanel/vendor/laravel/framework/src/Illuminate/Foundation/Bootstrap/HandleExceptions.php(266): Illuminate\Foundation\Bootstrap\HandleExceptions->handleException(Object(Illuminate\Contracts\Container\BindingResolutionException))
#17 [internal function]: Illuminate\Foundation\Bootstrap\HandleExceptions->Illuminate\Foundation\Bootstrap\{closure}(Object(Illuminate\Contracts\Container\BindingResolutionException))
#18 {main}
  thrown {"exception":"[object] (Symfony\\Component\\ErrorHandler\\Error\\FatalError(code: 0): Uncaught ReflectionException: Class \"view\" does not exist in /home/rgusomuk/posbillingwala.com/adminpanel/vendor/laravel/framework/src/Illuminate/Container/Container.php:889
Stack trace:
#0 /home/rgusomuk/posbillingwala.com/adminpanel/vendor/laravel/framework/src/Illuminate/Container/Container.php(889): ReflectionClass->__construct('view')
#1 /home/rgusomuk/posbillingwala.com/adminpanel/vendor/laravel/framework/src/Illuminate/Container/Container.php(770): Illuminate\\Container\\Container->build('view')
#2 /home/rgusomuk/posbillingwala.com/adminpanel/vendor/laravel/framework/src/Illuminate/Foundation/Application.php(856): Illuminate\\Container\\Container->resolve('view', Array, true)
#3 /home/rgusomuk/posbillingwala.com/adminpanel/vendor/laravel/framework/src/Illuminate/Container/Container.php(706): Illuminate\\Foundation\\Application->resolve('view', Array)
#4 /home/rgusomuk/posbillingwala.com/adminpanel/vendor/laravel/framework/src/Illuminate/Foundation/Application.php(841): Illuminate\\Container\\Container->make('view', Array)
#5 /home/rgusomuk/posbillingwala.com/adminpanel/vendor/laravel/framework/src/Illuminate/Container/Container.php(1431): Illuminate\\Foundation\\Application->make('view')
#6 /home/rgusomuk/posbillingwala.com/adminpanel/vendor/laravel/framework/src/Illuminate/Support/Facades/Facade.php(222): Illuminate\\Container\\Container->offsetGet('view')
#7 /home/rgusomuk/posbillingwala.com/adminpanel/vendor/laravel/framework/src/Illuminate/Support/Facades/Facade.php(193): Illuminate\\Support\\Facades\\Facade::resolveFacadeInstance('view')
#8 /home/rgusomuk/posbillingwala.com/adminpanel/vendor/laravel/framework/src/Illuminate/Support/Facades/Facade.php(332): Illuminate\\Support\\Facades\\Facade::getFacadeRoot()
#9 /home/rgusomuk/posbillingwala.com/adminpanel/vendor/laravel/framework/src/Illuminate/Foundation/Exceptions/RegisterErrorViewPaths.php(16): Illuminate\\Support\\Facades\\Facade::__callStatic('replaceNamespac...', Array)
#10 /home/rgusomuk/posbillingwala.com/adminpanel/vendor/laravel/framework/src/Illuminate/Foundation/Exceptions/Handler.php(642): Illuminate\\Foundation\\Exceptions\\RegisterErrorViewPaths->__invoke()
#11 /home/rgusomuk/posbillingwala.com/adminpanel/vendor/laravel/framework/src/Illuminate/Foundation/Exceptions/Handler.php(623): Illuminate\\Foundation\\Exceptions\\Handler->registerErrorViewPaths()
#12 /home/rgusomuk/posbillingwala.com/adminpanel/vendor/laravel/framework/src/Illuminate/Foundation/Exceptions/Handler.php(554): Illuminate\\Foundation\\Exceptions\\Handler->renderHttpException(Object(Symfony\\Component\\HttpKernel\\Exception\\HttpException))
#13 /home/rgusomuk/posbillingwala.com/adminpanel/vendor/laravel/framework/src/Illuminate/Foundation/Exceptions/Handler.php(460): Illuminate\\Foundation\\Exceptions\\Handler->prepareResponse(Object(Illuminate\\Http\\Request), Object(Symfony\\Component\\HttpKernel\\Exception\\HttpException))
#14 /home/rgusomuk/posbillingwala.com/adminpanel/vendor/laravel/framework/src/Illuminate/Foundation/Exceptions/Handler.php(377): Illuminate\\Foundation\\Exceptions\\Handler->renderExceptionResponse(Object(Illuminate\\Http\\Request), Object(Illuminate\\Contracts\\Container\\BindingResolutionException))
#15 /home/rgusomuk/posbillingwala.com/adminpanel/vendor/laravel/framework/src/Illuminate/Foundation/Bootstrap/HandleExceptions.php(229): Illuminate\\Foundation\\Exceptions\\Handler->render(Object(Illuminate\\Http\\Request), Object(Illuminate\\Contracts\\Container\\BindingResolutionException))
#16 /home/rgusomuk/posbillingwala.com/adminpanel/vendor/laravel/framework/src/Illuminate/Foundation/Bootstrap/HandleExceptions.php(206): Illuminate\\Foundation\\Bootstrap\\HandleExceptions->renderHttpResponse(Object(Illuminate\\Contracts\\Container\\BindingResolutionException))
#17 /home/rgusomuk/posbillingwala.com/adminpanel/vendor/laravel/framework/src/Illuminate/Foundation/Bootstrap/HandleExceptions.php(266): Illuminate\\Foundation\\Bootstrap\\HandleExceptions->handleException(Object(Illuminate\\Contracts\\Container\\BindingResolutionException))
#18 [internal function]: Illuminate\\Foundation\\Bootstrap\\HandleExceptions->Illuminate\\Foundation\\Bootstrap\\{closure}(Object(Illuminate\\Contracts\\Container\\BindingResolutionException))
#19 {main}

Next Illuminate\\Contracts\\Container\\BindingResolutionException: Target class [view] does not exist. in /home/rgusomuk/posbillingwala.com/adminpanel/vendor/laravel/framework/src/Illuminate/Container/Container.php:891
Stack trace:
#0 /home/rgusomuk/posbillingwala.com/adminpanel/vendor/laravel/framework/src/Illuminate/Container/Container.php(770): Illuminate\\Container\\Container->build('view')
#1 /home/rgusomuk/posbillingwala.com/adminpanel/vendor/laravel/framework/src/Illuminate/Foundation/Application.php(856): Illuminate\\Container\\Container->resolve('view', Array, true)
#2 /home/rgusomuk/posbillingwala.com/adminpanel/vendor/laravel/framework/src/Illuminate/Container/Container.php(706): Illuminate\\Foundation\\Application->resolve('view', Array)
#3 /home/rgusomuk/posbillingwala.com/adminpanel/vendor/laravel/framework/src/Illuminate/Foundation/Application.php(841): Illuminate\\Container\\Container->make('view', Array)
#4 /home/rgusomuk/posbillingwala.com/adminpanel/vendor/laravel/framework/src/Illuminate/Container/Container.php(1431): Illuminate\\Foundation\\Application->make('view')
#5 /home/rgusomuk/posbillingwala.com/adminpanel/vendor/laravel/framework/src/Illuminate/Support/Facades/Facade.php(222): Illuminate\\Container\\Container->offsetGet('view')
#6 /home/rgusomuk/posbillingwala.com/adminpanel/vendor/laravel/framework/src/Illuminate/Support/Facades/Facade.php(193): Illuminate\\Support\\Facades\\Facade::resolveFacadeInstance('view')
#7 /home/rgusomuk/posbillingwala.com/adminpanel/vendor/laravel/framework/src/Illuminate/Support/Facades/Facade.php(332): Illuminate\\Support\\Facades\\Facade::getFacadeRoot()
#8 /home/rgusomuk/posbillingwala.com/adminpanel/vendor/laravel/framework/src/Illuminate/Foundation/Exceptions/RegisterErrorViewPaths.php(16): Illuminate\\Support\\Facades\\Facade::__callStatic('replaceNamespac...', Array)
#9 /home/rgusomuk/posbillingwala.com/adminpanel/vendor/laravel/framework/src/Illuminate/Foundation/Exceptions/Handler.php(642): Illuminate\\Foundation\\Exceptions\\RegisterErrorViewPaths->__invoke()
#10 /home/rgusomuk/posbillingwala.com/adminpanel/vendor/laravel/framework/src/Illuminate/Foundation/Exceptions/Handler.php(623): Illuminate\\Foundation\\Exceptions\\Handler->registerErrorViewPaths()
#11 /home/rgusomuk/posbillingwala.com/adminpanel/vendor/laravel/framework/src/Illuminate/Foundation/Exceptions/Handler.php(554): Illuminate\\Foundation\\Exceptions\\Handler->renderHttpException(Object(Symfony\\Component\\HttpKernel\\Exception\\HttpException))
#12 /home/rgusomuk/posbillingwala.com/adminpanel/vendor/laravel/framework/src/Illuminate/Foundation/Exceptions/Handler.php(460): Illuminate\\Foundation\\Exceptions\\Handler->prepareResponse(Object(Illuminate\\Http\\Request), Object(Symfony\\Component\\HttpKernel\\Exception\\HttpException))
#13 /home/rgusomuk/posbillingwala.com/adminpanel/vendor/laravel/framework/src/Illuminate/Foundation/Exceptions/Handler.php(377): Illuminate\\Foundation\\Exceptions\\Handler->renderExceptionResponse(Object(Illuminate\\Http\\Request), Object(Illuminate\\Contracts\\Container\\BindingResolutionException))
#14 /home/rgusomuk/posbillingwala.com/adminpanel/vendor/laravel/framework/src/Illuminate/Foundation/Bootstrap/HandleExceptions.php(229): Illuminate\\Foundation\\Exceptions\\Handler->render(Object(Illuminate\\Http\\Request), Object(Illuminate\\Contracts\\Container\\BindingResolutionException))
#15 /home/rgusomuk/posbillingwala.com/adminpanel/vendor/laravel/framework/src/Illuminate/Foundation/Bootstrap/HandleExceptions.php(206): Illuminate\\Foundation\\Bootstrap\\HandleExceptions->renderHttpResponse(Object(Illuminate\\Contracts\\Container\\BindingResolutionException))
#16 /home/rgusomuk/posbillingwala.com/adminpanel/vendor/laravel/framework/src/Illuminate/Foundation/Bootstrap/HandleExceptions.php(266): Illuminate\\Foundation\\Bootstrap\\HandleExceptions->handleException(Object(Illuminate\\Contracts\\Container\\BindingResolutionException))
#17 [internal function]: Illuminate\\Foundation\\Bootstrap\\HandleExceptions->Illuminate\\Foundation\\Bootstrap\\{closure}(Object(Illuminate\\Contracts\\Container\\BindingResolutionException))
#18 {main}
  thrown at /home/rgusomuk/posbillingwala.com/adminpanel/vendor/laravel/framework/src/Illuminate/Container/Container.php:891)
[stacktrace]
#0 {main}
"} 
[2026-08-25 01:33:24] local.ERROR: The /home/rgusomuk/posbillingwala.com/adminpanel/bootstrap/cache directory must be present and writable. {"exception":"[object] (Exception(code: 0): The /home/rgusomuk/posbillingwala.com/adminpanel/bootstrap/cache directory must be present and writable. at /home/rgusomuk/posbillingwala.com/adminpanel/vendor/laravel/framework/src/Illuminate/Foundation/PackageManifest.php:178)
[stacktrace]
#0 /home/rgusomuk/posbillingwala.com/adminpanel/vendor/laravel/framework/src/Illuminate/Foundation/PackageManifest.php(131): Illuminate\\Foundation\\PackageManifest->write(Array)
#1 /home/rgusomuk/posbillingwala.com/adminpanel/vendor/laravel/framework/src/Illuminate/Foundation/PackageManifest.php(107): Illuminate\\Foundation\\PackageManifest->build()
#2 /home/rgusomuk/posbillingwala.com/adminpanel/vendor/laravel/framework/src/Illuminate/Foundation/PackageManifest.php(90): Illuminate\\Foundation\\PackageManifest->getManifest()
#3 /home/rgusomuk/posbillingwala.com/adminpanel/vendor/laravel/framework/src/Illuminate/Foundation/PackageManifest.php(79): Illuminate\\Foundation\\PackageManifest->config('aliases')
#4 /home/rgusomuk/posbillingwala.com/adminpanel/vendor/laravel/framework/src/Illuminate/Foundation/Bootstrap/RegisterFacades.php(26): Illuminate\\Foundation\\PackageManifest->aliases()
#5 /home/rgusomuk/posbillingwala.com/adminpanel/vendor/laravel/framework/src/Illuminate/Foundation/Application.php(242): Illuminate\\Foundation\\Bootstrap\\RegisterFacades->bootstrap(Object(Illuminate\\Foundation\\Application))
#6 /home/rgusomuk/posbillingwala.com/adminpanel/vendor/laravel/framework/src/Illuminate/Foundation/Http/Kernel.php(176): Illuminate\\Foundation\\Application->bootstrapWith(Array)
#7 /home/rgusomuk/posbillingwala.com/adminpanel/vendor/laravel/framework/src/Illuminate/Foundation/Http/Kernel.php(160): Illuminate\\Foundation\\Http\\Kernel->bootstrap()
#8 /home/rgusomuk/posbillingwala.com/adminpanel/vendor/laravel/framework/src/Illuminate/Foundation/Http/Kernel.php(134): Illuminate\\Foundation\\Http\\Kernel->sendRequestThroughRouter(Object(Illuminate\\Http\\Request))
#9 /home/rgusomuk/posbillingwala.com/adminpanel/public/index.php(51): Illuminate\\Foundation\\Http\\Kernel->handle(Object(Illuminate\\Http\\Request))
#10 /home/rgusomuk/posbillingwala.com/adminpanel/index.php(21): require_once('/home/rgusomuk/...')
#11 {main}
"} 
[2026-08-25 01:33:24] local.ERROR: Target class [view] does not exist. {"exception":"[object] (Illuminate\\Contracts\\Container\\BindingResolutionException(code: 0): Target class [view] does not exist. at /home/rgusomuk/posbillingwala.com/adminpanel/vendor/laravel/framework/src/Illuminate/Container/Container.php:891)
[stacktrace]
#0 /home/rgusomuk/posbillingwala.com/adminpanel/vendor/laravel/framework/src/Illuminate/Container/Container.php(770): Illuminate\\Container\\Container->build('view')
#1 /home/rgusomuk/posbillingwala.com/adminpanel/vendor/laravel/framework/src/Illuminate/Foundation/Application.php(856): Illuminate\\Container\\Container->resolve('view', Array, true)
#2 /home/rgusomuk/posbillingwala.com/adminpanel/vendor/laravel/framework/src/Illuminate/Container/Container.php(706): Illuminate\\Foundation\\Application->resolve('view', Array)
#3 /home/rgusomuk/posbillingwala.com/adminpanel/vendor/laravel/framework/src/Illuminate/Foundation/Application.php(841): Illuminate\\Container\\Container->make('view', Array)
#4 /home/rgusomuk/posbillingwala.com/adminpanel/vendor/laravel/framework/src/Illuminate/Container/Container.php(1431): Illuminate\\Foundation\\Application->make('view')
#5 /home/rgusomuk/posbillingwala.com/adminpanel/vendor/laravel/framework/src/Illuminate/Support/Facades/Facade.php(222): Illuminate\\Container\\Container->offsetGet('view')
#6 /home/rgusomuk/posbillingwala.com/adminpanel/vendor/laravel/framework/src/Illuminate/Support/Facades/Facade.php(193): Illuminate\\Support\\Facades\\Facade::resolveFacadeInstance('view')
#7 /home/rgusomuk/posbillingwala.com/adminpanel/vendor/laravel/framework/src/Illuminate/Support/Facades/Facade.php(332): Illuminate\\Support\\Facades\\Facade::getFacadeRoot()
#8 /home/rgusomuk/posbillingwala.com/adminpanel/vendor/laravel/framework/src/Illuminate/Foundation/Exceptions/RegisterErrorViewPaths.php(16): Illuminate\\Support\\Facades\\Facade::__callStatic('replaceNamespac...', Array)
#9 /home/rgusomuk/posbillingwala.com/adminpanel/vendor/laravel/framework/src/Illuminate/Foundation/Exceptions/Handler.php(642): Illuminate\\Foundation\\Exceptions\\RegisterErrorViewPaths->__invoke()
#10 /home/rgusomuk/posbillingwala.com/adminpanel/vendor/laravel/framework/src/Illuminate/Foundation/Exceptions/Handler.php(623): Illuminate\\Foundation\\Exceptions\\Handler->registerErrorViewPaths()
#11 /home/rgusomuk/posbillingwala.com/adminpanel/vendor/laravel/framework/src/Illuminate/Foundation/Exceptions/Handler.php(554): Illuminate\\Foundation\\Exceptions\\Handler->renderHttpException(Object(Symfony\\Component\\HttpKernel\\Exception\\HttpException))
#12 /home/rgusomuk/posbillingwala.com/adminpanel/vendor/laravel/framework/src/Illuminate/Foundation/Exceptions/Handler.php(460): Illuminate\\Foundation\\Exceptions\\Handler->prepareResponse(Object(Illuminate\\Http\\Request), Object(Symfony\\Component\\HttpKernel\\Exception\\HttpException))
#13 /home/rgusomuk/posbillingwala.com/adminpanel/vendor/laravel/framework/src/Illuminate/Foundation/Exceptions/Handler.php(377): Illuminate\\Foundation\\Exceptions\\Handler->renderExceptionResponse(Object(Illuminate\\Http\\Request), Object(Exception))
#14 /home/rgusomuk/posbillingwala.com/adminpanel/vendor/laravel/framework/src/Illuminate/Foundation/Http/Kernel.php(493): Illuminate\\Foundation\\Exceptions\\Handler->render(Object(Illuminate\\Http\\Request), Object(Exception))
#15 /home/rgusomuk/posbillingwala.com/adminpanel/vendor/laravel/framework/src/Illuminate/Foundation/Http/Kernel.php(138): Illuminate\\Foundation\\Http\\Kernel->renderException(Object(Illuminate\\Http\\Request), Object(Exception))
#16 /home/rgusomuk/posbillingwala.com/adminpanel/public/index.php(51): Illuminate\\Foundation\\Http\\Kernel->handle(Object(Illuminate\\Http\\Request))
#17 /home/rgusomuk/posbillingwala.com/adminpanel/index.php(21): require_once('/home/rgusomuk/...')
#18 {main}

[previous exception] [object] (ReflectionException(code: -1): Class \"view\" does not exist at /home/rgusomuk/posbillingwala.com/adminpanel/vendor/laravel/framework/src/Illuminate/Container/Container.php:889)
[stacktrace]
#0 /home/rgusomuk/posbillingwala.com/adminpanel/vendor/laravel/framework/src/Illuminate/Container/Container.php(889): ReflectionClass->__construct('view')
#1 /home/rgusomuk/posbillingwala.com/adminpanel/vendor/laravel/framework/src/Illuminate/Container/Container.php(770): Illuminate\\Container\\Container->build('view')
#2 /home/rgusomuk/posbillingwala.com/adminpanel/vendor/laravel/framework/src/Illuminate/Foundation/Application.php(856): Illuminate\\Container\\Container->resolve('view', Array, true)
#3 /home/rgusomuk/posbillingwala.com/adminpanel/vendor/laravel/framework/src/Illuminate/Container/Container.php(706): Illuminate\\Foundation\\Application->resolve('view', Array)
#4 /home/rgusomuk/posbillingwala.com/adminpanel/vendor/laravel/framework/src/Illuminate/Foundation/Application.php(841): Illuminate\\Container\\Container->make('view', Array)
#5 /home/rgusomuk/posbillingwala.com/adminpanel/vendor/laravel/framework/src/Illuminate/Container/Container.php(1431): Illuminate\\Foundation\\Application->make('view')
#6 /home/rgusomuk/posbillingwala.com/adminpanel/vendor/laravel/framework/src/Illuminate/Support/Facades/Facade.php(222): Illuminate\\Container\\Container->offsetGet('view')
#7 /home/rgusomuk/posbillingwala.com/adminpanel/vendor/laravel/framework/src/Illuminate/Support/Facades/Facade.php(193): Illuminate\\Support\\Facades\\Facade::resolveFacadeInstance('view')
#8 /home/rgusomuk/posbillingwala.com/adminpanel/vendor/laravel/framework/src/Illuminate/Support/Facades/Facade.php(332): Illuminate\\Support\\Facades\\Facade::getFacadeRoot()
#9 /home/rgusomuk/posbillingwala.com/adminpanel/vendor/laravel/framework/src/Illuminate/Foundation/Exceptions/RegisterErrorViewPaths.php(16): Illuminate\\Support\\Facades\\Facade::__callStatic('replaceNamespac...', Array)
#10 /home/rgusomuk/posbillingwala.com/adminpanel/vendor/laravel/framework/src/Illuminate/Foundation/Exceptions/Handler.php(642): Illuminate\\Foundation\\Exceptions\\RegisterErrorViewPaths->__invoke()
#11 /home/rgusomuk/posbillingwala.com/adminpanel/vendor/laravel/framework/src/Illuminate/Foundation/Exceptions/Handler.php(623): Illuminate\\Foundation\\Exceptions\\Handler->registerErrorViewPaths()
#12 /home/rgusomuk/posbillingwala.com/adminpanel/vendor/laravel/framework/src/Illuminate/Foundation/Exceptions/Handler.php(554): Illuminate\\Foundation\\Exceptions\\Handler->renderHttpException(Object(Symfony\\Component\\HttpKernel\\Exception\\HttpException))
#13 /home/rgusomuk/posbillingwala.com/adminpanel/vendor/laravel/framework/src/Illuminate/Foundation/Exceptions/Handler.php(460): Illuminate\\Foundation\\Exceptions\\Handler->prepareResponse(Object(Illuminate\\Http\\Request), Object(Symfony\\Component\\HttpKernel\\Exception\\HttpException))
#14 /home/rgusomuk/posbillingwala.com/adminpanel/vendor/laravel/framework/src/Illuminate/Foundation/Exceptions/Handler.php(377): Illuminate\\Foundation\\Exceptions\\Handler->renderExceptionResponse(Object(Illuminate\\Http\\Request), Object(Exception))
#15 /home/rgusomuk/posbillingwala.com/adminpanel/vendor/laravel/framework/src/Illuminate/Foundation/Http/Kernel.php(493): Illuminate\\Foundation\\Exceptions\\Handler->render(Object(Illuminate\\Http\\Request), Object(Exception))
#16 /home/rgusomuk/posbillingwala.com/adminpanel/vendor/laravel/framework/src/Illuminate/Foundation/Http/Kernel.php(138): Illuminate\\Foundation\\Http\\Kernel->renderException(Object(Illuminate\\Http\\Request), Object(Exception))
#17 /home/rgusomuk/posbillingwala.com/adminpanel/public/index.php(51): Illuminate\\Foundation\\Http\\Kernel->handle(Object(Illuminate\\Http\\Request))
#18 /home/rgusomuk/posbillingwala.com/adminpanel/index.php(21): require_once('/home/rgusomuk/...')
#19 {main}
"} 
[2026-08-25 01:33:24] local.ERROR: Uncaught ReflectionException: Class "view" does not exist in /home/rgusomuk/posbillingwala.com/adminpanel/vendor/laravel/framework/src/Illuminate/Container/Container.php:889
Stack trace:
#0 /home/rgusomuk/posbillingwala.com/adminpanel/vendor/laravel/framework/src/Illuminate/Container/Container.php(889): ReflectionClass->__construct('view')
#1 /home/rgusomuk/posbillingwala.com/adminpanel/vendor/laravel/framework/src/Illuminate/Container/Container.php(770): Illuminate\Container\Container->build('view')
#2 /home/rgusomuk/posbillingwala.com/adminpanel/vendor/laravel/framework/src/Illuminate/Foundation/Application.php(856): Illuminate\Container\Container->resolve('view', Array, true)
#3 /home/rgusomuk/posbillingwala.com/adminpanel/vendor/laravel/framework/src/Illuminate/Container/Container.php(706): Illuminate\Foundation\Application->resolve('view', Array)
#4 /home/rgusomuk/posbillingwala.com/adminpanel/vendor/laravel/framework/src/Illuminate/Foundation/Application.php(841): Illuminate\Container\Container->make('view', Array)
#5 /home/rgusomuk/posbillingwala.com/adminpanel/vendor/laravel/framework/src/Illuminate/Container/Container.php(1431): Illuminate\Foundation\Application->make('view')
#6 /home/rgusomuk/posbillingwala.com/adminpanel/vendor/laravel/framework/src/Illuminate/Support/Facades/Facade.php(222): Illuminate\Container\Container->offsetGet('view')
#7 /home/rgusomuk/posbillingwala.com/adminpanel/vendor/laravel/framework/src/Illuminate/Support/Facades/Facade.php(193): Illuminate\Support\Facades\Facade::resolveFacadeInstance('view')
#8 /home/rgusomuk/posbillingwala.com/adminpanel/vendor/laravel/framework/src/Illuminate/Support/Facades/Facade.php(332): Illuminate\Support\Facades\Facade::getFacadeRoot()
#9 /home/rgusomuk/posbillingwala.com/adminpanel/vendor/laravel/framework/src/Illuminate/Foundation/Exceptions/RegisterErrorViewPaths.php(16): Illuminate\Support\Facades\Facade::__callStatic('replaceNamespac...', Array)
#10 /home/rgusomuk/posbillingwala.com/adminpanel/vendor/laravel/framework/src/Illuminate/Foundation/Exceptions/Handler.php(642): Illuminate\Foundation\Exceptions\RegisterErrorViewPaths->__invoke()
#11 /home/rgusomuk/posbillingwala.com/adminpanel/vendor/laravel/framework/src/Illuminate/Foundation/Exceptions/Handler.php(623): Illuminate\Foundation\Exceptions\Handler->registerErrorViewPaths()
#12 /home/rgusomuk/posbillingwala.com/adminpanel/vendor/laravel/framework/src/Illuminate/Foundation/Exceptions/Handler.php(554): Illuminate\Foundation\Exceptions\Handler->renderHttpException(Object(Symfony\Component\HttpKernel\Exception\HttpException))
#13 /home/rgusomuk/posbillingwala.com/adminpanel/vendor/laravel/framework/src/Illuminate/Foundation/Exceptions/Handler.php(460): Illuminate\Foundation\Exceptions\Handler->prepareResponse(Object(Illuminate\Http\Request), Object(Symfony\Component\HttpKernel\Exception\HttpException))
#14 /home/rgusomuk/posbillingwala.com/adminpanel/vendor/laravel/framework/src/Illuminate/Foundation/Exceptions/Handler.php(377): Illuminate\Foundation\Exceptions\Handler->renderExceptionResponse(Object(Illuminate\Http\Request), Object(Illuminate\Contracts\Container\BindingResolutionException))
#15 /home/rgusomuk/posbillingwala.com/adminpanel/vendor/laravel/framework/src/Illuminate/Foundation/Bootstrap/HandleExceptions.php(229): Illuminate\Foundation\Exceptions\Handler->render(Object(Illuminate\Http\Request), Object(Illuminate\Contracts\Container\BindingResolutionException))
#16 /home/rgusomuk/posbillingwala.com/adminpanel/vendor/laravel/framework/src/Illuminate/Foundation/Bootstrap/HandleExceptions.php(206): Illuminate\Foundation\Bootstrap\HandleExceptions->renderHttpResponse(Object(Illuminate\Contracts\Container\BindingResolutionException))
#17 /home/rgusomuk/posbillingwala.com/adminpanel/vendor/laravel/framework/src/Illuminate/Foundation/Bootstrap/HandleExceptions.php(266): Illuminate\Foundation\Bootstrap\HandleExceptions->handleException(Object(Illuminate\Contracts\Container\BindingResolutionException))
#18 [internal function]: Illuminate\Foundation\Bootstrap\HandleExceptions->Illuminate\Foundation\Bootstrap\{closure}(Object(Illuminate\Contracts\Container\BindingResolutionException))
#19 {main}

Next Illuminate\Contracts\Container\BindingResolutionException: Target class [view] does not exist. in /home/rgusomuk/posbillingwala.com/adminpanel/vendor/laravel/framework/src/Illuminate/Container/Container.php:891
Stack trace:
#0 /home/rgusomuk/posbillingwala.com/adminpanel/vendor/laravel/framework/src/Illuminate/Container/Container.php(770): Illuminate\Container\Container->build('view')
#1 /home/rgusomuk/posbillingwala.com/adminpanel/vendor/laravel/framework/src/Illuminate/Foundation/Application.php(856): Illuminate\Container\Container->resolve('view', Array, true)
#2 /home/rgusomuk/posbillingwala.com/adminpanel/vendor/laravel/framework/src/Illuminate/Container/Container.php(706): Illuminate\Foundation\Application->resolve('view', Array)
#3 /home/rgusomuk/posbillingwala.com/adminpanel/vendor/laravel/framework/src/Illuminate/Foundation/Application.php(841): Illuminate\Container\Container->make('view', Array)
#4 /home/rgusomuk/posbillingwala.com/adminpanel/vendor/laravel/framework/src/Illuminate/Container/Container.php(1431): Illuminate\Foundation\Application->make('view')
#5 /home/rgusomuk/posbillingwala.com/adminpanel/vendor/laravel/framework/src/Illuminate/Support/Facades/Facade.php(222): Illuminate\Container\Container->offsetGet('view')
#6 /home/rgusomuk/posbillingwala.com/adminpanel/vendor/laravel/framework/src/Illuminate/Support/Facades/Facade.php(193): Illuminate\Support\Facades\Facade::resolveFacadeInstance('view')
#7 /home/rgusomuk/posbillingwala.com/adminpanel/vendor/laravel/framework/src/Illuminate/Support/Facades/Facade.php(332): Illuminate\Support\Facades\Facade::getFacadeRoot()
#8 /home/rgusomuk/posbillingwala.com/adminpanel/vendor/laravel/framework/src/Illuminate/Foundation/Exceptions/RegisterErrorViewPaths.php(16): Illuminate\Support\Facades\Facade::__callStatic('replaceNamespac...', Array)
#9 /home/rgusomuk/posbillingwala.com/adminpanel/vendor/laravel/framework/src/Illuminate/Foundation/Exceptions/Handler.php(642): Illuminate\Foundation\Exceptions\RegisterErrorViewPaths->__invoke()
#10 /home/rgusomuk/posbillingwala.com/adminpanel/vendor/laravel/framework/src/Illuminate/Foundation/Exceptions/Handler.php(623): Illuminate\Foundation\Exceptions\Handler->registerErrorViewPaths()
#11 /home/rgusomuk/posbillingwala.com/adminpanel/vendor/laravel/framework/src/Illuminate/Foundation/Exceptions/Handler.php(554): Illuminate\Foundation\Exceptions\Handler->renderHttpException(Object(Symfony\Component\HttpKernel\Exception\HttpException))
#12 /home/rgusomuk/posbillingwala.com/adminpanel/vendor/laravel/framework/src/Illuminate/Foundation/Exceptions/Handler.php(460): Illuminate\Foundation\Exceptions\Handler->prepareResponse(Object(Illuminate\Http\Request), Object(Symfony\Component\HttpKernel\Exception\HttpException))
#13 /home/rgusomuk/posbillingwala.com/adminpanel/vendor/laravel/framework/src/Illuminate/Foundation/Exceptions/Handler.php(377): Illuminate\Foundation\Exceptions\Handler->renderExceptionResponse(Object(Illuminate\Http\Request), Object(Illuminate\Contracts\Container\BindingResolutionException))
#14 /home/rgusomuk/posbillingwala.com/adminpanel/vendor/laravel/framework/src/Illuminate/Foundation/Bootstrap/HandleExceptions.php(229): Illuminate\Foundation\Exceptions\Handler->render(Object(Illuminate\Http\Request), Object(Illuminate\Contracts\Container\BindingResolutionException))
#15 /home/rgusomuk/posbillingwala.com/adminpanel/vendor/laravel/framework/src/Illuminate/Foundation/Bootstrap/HandleExceptions.php(206): Illuminate\Foundation\Bootstrap\HandleExceptions->renderHttpResponse(Object(Illuminate\Contracts\Container\BindingResolutionException))
#16 /home/rgusomuk/posbillingwala.com/adminpanel/vendor/laravel/framework/src/Illuminate/Foundation/Bootstrap/HandleExceptions.php(266): Illuminate\Foundation\Bootstrap\HandleExceptions->handleException(Object(Illuminate\Contracts\Container\BindingResolutionException))
#17 [internal function]: Illuminate\Foundation\Bootstrap\HandleExceptions->Illuminate\Foundation\Bootstrap\{closure}(Object(Illuminate\Contracts\Container\BindingResolutionException))
#18 {main}
  thrown {"exception":"[object] (Symfony\\Component\\ErrorHandler\\Error\\FatalError(code: 0): Uncaught ReflectionException: Class \"view\" does not exist in /home/rgusomuk/posbillingwala.com/adminpanel/vendor/laravel/framework/src/Illuminate/Container/Container.php:889
Stack trace:
#0 /home/rgusomuk/posbillingwala.com/adminpanel/vendor/laravel/framework/src/Illuminate/Container/Container.php(889): ReflectionClass->__construct('view')
#1 /home/rgusomuk/posbillingwala.com/adminpanel/vendor/laravel/framework/src/Illuminate/Container/Container.php(770): Illuminate\\Container\\Container->build('view')
#2 /home/rgusomuk/posbillingwala.com/adminpanel/vendor/laravel/framework/src/Illuminate/Foundation/Application.php(856): Illuminate\\Container\\Container->resolve('view', Array, true)
#3 /home/rgusomuk/posbillingwala.com/adminpanel/vendor/laravel/framework/src/Illuminate/Container/Container.php(706): Illuminate\\Foundation\\Application->resolve('view', Array)
#4 /home/rgusomuk/posbillingwala.com/adminpanel/vendor/laravel/framework/src/Illuminate/Foundation/Application.php(841): Illuminate\\Container\\Container->make('view', Array)
#5 /home/rgusomuk/posbillingwala.com/adminpanel/vendor/laravel/framework/src/Illuminate/Container/Container.php(1431): Illuminate\\Foundation\\Application->make('view')
#6 /home/rgusomuk/posbillingwala.com/adminpanel/vendor/laravel/framework/src/Illuminate/Support/Facades/Facade.php(222): Illuminate\\Container\\Container->offsetGet('view')
#7 /home/rgusomuk/posbillingwala.com/adminpanel/vendor/laravel/framework/src/Illuminate/Support/Facades/Facade.php(193): Illuminate\\Support\\Facades\\Facade::resolveFacadeInstance('view')
#8 /home/rgusomuk/posbillingwala.com/adminpanel/vendor/laravel/framework/src/Illuminate/Support/Facades/Facade.php(332): Illuminate\\Support\\Facades\\Facade::getFacadeRoot()
#9 /home/rgusomuk/posbillingwala.com/adminpanel/vendor/laravel/framework/src/Illuminate/Foundation/Exceptions/RegisterErrorViewPaths.php(16): Illuminate\\Support\\Facades\\Facade::__callStatic('replaceNamespac...', Array)
#10 /home/rgusomuk/posbillingwala.com/adminpanel/vendor/laravel/framework/src/Illuminate/Foundation/Exceptions/Handler.php(642): Illuminate\\Foundation\\Exceptions\\RegisterErrorViewPaths->__invoke()
#11 /home/rgusomuk/posbillingwala.com/adminpanel/vendor/laravel/framework/src/Illuminate/Foundation/Exceptions/Handler.php(623): Illuminate\\Foundation\\Exceptions\\Handler->registerErrorViewPaths()
#12 /home/rgusomuk/posbillingwala.com/adminpanel/vendor/laravel/framework/src/Illuminate/Foundation/Exceptions/Handler.php(554): Illuminate\\Foundation\\Exceptions\\Handler->renderHttpException(Object(Symfony\\Component\\HttpKernel\\Exception\\HttpException))
#13 /home/rgusomuk/posbillingwala.com/adminpanel/vendor/laravel/framework/src/Illuminate/Foundation/Exceptions/Handler.php(460): Illuminate\\Foundation\\Exceptions\\Handler->prepareResponse(Object(Illuminate\\Http\\Request), Object(Symfony\\Component\\HttpKernel\\Exception\\HttpException))
#14 /home/rgusomuk/posbillingwala.com/adminpanel/vendor/laravel/framework/src/Illuminate/Foundation/Exceptions/Handler.php(377): Illuminate\\Foundation\\Exceptions\\Handler->renderExceptionResponse(Object(Illuminate\\Http\\Request), Object(Illuminate\\Contracts\\Container\\BindingResolutionException))
#15 /home/rgusomuk/posbillingwala.com/adminpanel/vendor/laravel/framework/src/Illuminate/Foundation/Bootstrap/HandleExceptions.php(229): Illuminate\\Foundation\\Exceptions\\Handler->render(Object(Illuminate\\Http\\Request), Object(Illuminate\\Contracts\\Container\\BindingResolutionException))
#16 /home/rgusomuk/posbillingwala.com/adminpanel/vendor/laravel/framework/src/Illuminate/Foundation/Bootstrap/HandleExceptions.php(206): Illuminate\\Foundation\\Bootstrap\\HandleExceptions->renderHttpResponse(Object(Illuminate\\Contracts\\Container\\BindingResolutionException))
#17 /home/rgusomuk/posbillingwala.com/adminpanel/vendor/laravel/framework/src/Illuminate/Foundation/Bootstrap/HandleExceptions.php(266): Illuminate\\Foundation\\Bootstrap\\HandleExceptions->handleException(Object(Illuminate\\Contracts\\Container\\BindingResolutionException))
#18 [internal function]: Illuminate\\Foundation\\Bootstrap\\HandleExceptions->Illuminate\\Foundation\\Bootstrap\\{closure}(Object(Illuminate\\Contracts\\Container\\BindingResolutionException))
#19 {main}

Next Illuminate\\Contracts\\Container\\BindingResolutionException: Target class [view] does not exist. in /home/rgusomuk/posbillingwala.com/adminpanel/vendor/laravel/framework/src/Illuminate/Container/Container.php:891
Stack trace:
#0 /home/rgusomuk/posbillingwala.com/adminpanel/vendor/laravel/framework/src/Illuminate/Container/Container.php(770): Illuminate\\Container\\Container->build('view')
#1 /home/rgusomuk/posbillingwala.com/adminpanel/vendor/laravel/framework/src/Illuminate/Foundation/Application.php(856): Illuminate\\Container\\Container->resolve('view', Array, true)
#2 /home/rgusomuk/posbillingwala.com/adminpanel/vendor/laravel/framework/src/Illuminate/Container/Container.php(706): Illuminate\\Foundation\\Application->resolve('view', Array)
#3 /home/rgusomuk/posbillingwala.com/adminpanel/vendor/laravel/framework/src/Illuminate/Foundation/Application.php(841): Illuminate\\Container\\Container->make('view', Array)
#4 /home/rgusomuk/posbillingwala.com/adminpanel/vendor/laravel/framework/src/Illuminate/Container/Container.php(1431): Illuminate\\Foundation\\Application->make('view')
#5 /home/rgusomuk/posbillingwala.com/adminpanel/vendor/laravel/framework/src/Illuminate/Support/Facades/Facade.php(222): Illuminate\\Container\\Container->offsetGet('view')
#6 /home/rgusomuk/posbillingwala.com/adminpanel/vendor/laravel/framework/src/Illuminate/Support/Facades/Facade.php(193): Illuminate\\Support\\Facades\\Facade::resolveFacadeInstance('view')
#7 /home/rgusomuk/posbillingwala.com/adminpanel/vendor/laravel/framework/src/Illuminate/Support/Facades/Facade.php(332): Illuminate\\Support\\Facades\\Facade::getFacadeRoot()
#8 /home/rgusomuk/posbillingwala.com/adminpanel/vendor/laravel/framework/src/Illuminate/Foundation/Exceptions/RegisterErrorViewPaths.php(16): Illuminate\\Support\\Facades\\Facade::__callStatic('replaceNamespac...', Array)
#9 /home/rgusomuk/posbillingwala.com/adminpanel/vendor/laravel/framework/src/Illuminate/Foundation/Exceptions/Handler.php(642): Illuminate\\Foundation\\Exceptions\\RegisterErrorViewPaths->__invoke()
#10 /home/rgusomuk/posbillingwala.com/adminpanel/vendor/laravel/framework/src/Illuminate/Foundation/Exceptions/Handler.php(623): Illuminate\\Foundation\\Exceptions\\Handler->registerErrorViewPaths()
#11 /home/rgusomuk/posbillingwala.com/adminpanel/vendor/laravel/framework/src/Illuminate/Foundation/Exceptions/Handler.php(554): Illuminate\\Foundation\\Exceptions\\Handler->renderHttpException(Object(Symfony\\Component\\HttpKernel\\Exception\\HttpException))
#12 /home/rgusomuk/posbillingwala.com/adminpanel/vendor/laravel/framework/src/Illuminate/Foundation/Exceptions/Handler.php(460): Illuminate\\Foundation\\Exceptions\\Handler->prepareResponse(Object(Illuminate\\Http\\Request), Object(Symfony\\Component\\HttpKernel\\Exception\\HttpException))
#13 /home/rgusomuk/posbillingwala.com/adminpanel/vendor/laravel/framework/src/Illuminate/Foundation/Exceptions/Handler.php(377): Illuminate\\Foundation\\Exceptions\\Handler->renderExceptionResponse(Object(Illuminate\\Http\\Request), Object(Illuminate\\Contracts\\Container\\BindingResolutionException))
#14 /home/rgusomuk/posbillingwala.com/adminpanel/vendor/laravel/framework/src/Illuminate/Foundation/Bootstrap/HandleExceptions.php(229): Illuminate\\Foundation\\Exceptions\\Handler->render(Object(Illuminate\\Http\\Request), Object(Illuminate\\Contracts\\Container\\BindingResolutionException))
#15 /home/rgusomuk/posbillingwala.com/adminpanel/vendor/laravel/framework/src/Illuminate/Foundation/Bootstrap/HandleExceptions.php(206): Illuminate\\Foundation\\Bootstrap\\HandleExceptions->renderHttpResponse(Object(Illuminate\\Contracts\\Container\\BindingResolutionException))
#16 /home/rgusomuk/posbillingwala.com/adminpanel/vendor/laravel/framework/src/Illuminate/Foundation/Bootstrap/HandleExceptions.php(266): Illuminate\\Foundation\\Bootstrap\\HandleExceptions->handleException(Object(Illuminate\\Contracts\\Container\\BindingResolutionException))
#17 [internal function]: Illuminate\\Foundation\\Bootstrap\\HandleExceptions->Illuminate\\Foundation\\Bootstrap\\{closure}(Object(Illuminate\\Contracts\\Container\\BindingResolutionException))
#18 {main}
  thrown at /home/rgusomuk/posbillingwala.com/adminpanel/vendor/laravel/framework/src/Illuminate/Container/Container.php:891)
[stacktrace]
#0 {main}
"} 
[2026-08-25 03:20:54] local.ERROR: The /home/rgusomuk/posbillingwala.com/adminpanel/bootstrap/cache directory must be present and writable. {"exception":"[object] (Exception(code: 0): The /home/rgusomuk/posbillingwala.com/adminpanel/bootstrap/cache directory must be present and writable. at /home/rgusomuk/posbillingwala.com/adminpanel/vendor/laravel/framework/src/Illuminate/Foundation/PackageManifest.php:178)
[stacktrace]
#0 /home/rgusomuk/posbillingwala.com/adminpanel/vendor/laravel/framework/src/Illuminate/Foundation/PackageManifest.php(131): Illuminate\\Foundation\\PackageManifest->write(Array)
#1 /home/rgusomuk/posbillingwala.com/adminpanel/vendor/laravel/framework/src/Illuminate/Foundation/PackageManifest.php(107): Illuminate\\Foundation\\PackageManifest->build()
#2 /home/rgusomuk/posbillingwala.com/adminpanel/vendor/laravel/framework/src/Illuminate/Foundation/PackageManifest.php(90): Illuminate\\Foundation\\PackageManifest->getManifest()
#3 /home/rgusomuk/posbillingwala.com/adminpanel/vendor/laravel/framework/src/Illuminate/Foundation/PackageManifest.php(79): Illuminate\\Foundation\\PackageManifest->config('aliases')
#4 /home/rgusomuk/posbillingwala.com/adminpanel/vendor/laravel/framework/src/Illuminate/Foundation/Bootstrap/RegisterFacades.php(26): Illuminate\\Foundation\\PackageManifest->aliases()
#5 /home/rgusomuk/posbillingwala.com/adminpanel/vendor/laravel/framework/src/Illuminate/Foundation/Application.php(242): Illuminate\\Foundation\\Bootstrap\\RegisterFacades->bootstrap(Object(Illuminate\\Foundation\\Application))
#6 /home/rgusomuk/posbillingwala.com/adminpanel/vendor/laravel/framework/src/Illuminate/Foundation/Http/Kernel.php(176): Illuminate\\Foundation\\Application->bootstrapWith(Array)
#7 /home/rgusomuk/posbillingwala.com/adminpanel/vendor/laravel/framework/src/Illuminate/Foundation/Http/Kernel.php(160): Illuminate\\Foundation\\Http\\Kernel->bootstrap()
#8 /home/rgusomuk/posbillingwala.com/adminpanel/vendor/laravel/framework/src/Illuminate/Foundation/Http/Kernel.php(134): Illuminate\\Foundation\\Http\\Kernel->sendRequestThroughRouter(Object(Illuminate\\Http\\Request))
#9 /home/rgusomuk/posbillingwala.com/adminpanel/public/index.php(51): Illuminate\\Foundation\\Http\\Kernel->handle(Object(Illuminate\\Http\\Request))
#10 /home/rgusomuk/posbillingwala.com/adminpanel/index.php(21): require_once('/home/rgusomuk/...')
#11 {main}
"} 
[2026-08-25 03:20:54] local.ERROR: Target class [view] does not exist. {"exception":"[object] (Illuminate\\Contracts\\Container\\BindingResolutionException(code: 0): Target class [view] does not exist. at /home/rgusomuk/posbillingwala.com/adminpanel/vendor/laravel/framework/src/Illuminate/Container/Container.php:891)
[stacktrace]
#0 /home/rgusomuk/posbillingwala.com/adminpanel/vendor/laravel/framework/src/Illuminate/Container/Container.php(770): Illuminate\\Container\\Container->build('view')
#1 /home/rgusomuk/posbillingwala.com/adminpanel/vendor/laravel/framework/src/Illuminate/Foundation/Application.php(856): Illuminate\\Container\\Container->resolve('view', Array, true)
#2 /home/rgusomuk/posbillingwala.com/adminpanel/vendor/laravel/framework/src/Illuminate/Container/Container.php(706): Illuminate\\Foundation\\Application->resolve('view', Array)
#3 /home/rgusomuk/posbillingwala.com/adminpanel/vendor/laravel/framework/src/Illuminate/Foundation/Application.php(841): Illuminate\\Container\\Container->make('view', Array)
#4 /home/rgusomuk/posbillingwala.com/adminpanel/vendor/laravel/framework/src/Illuminate/Container/Container.php(1431): Illuminate\\Foundation\\Application->make('view')
#5 /home/rgusomuk/posbillingwala.com/adminpanel/vendor/laravel/framework/src/Illuminate/Support/Facades/Facade.php(222): Illuminate\\Container\\Container->offsetGet('view')
#6 /home/rgusomuk/posbillingwala.com/adminpanel/vendor/laravel/framework/src/Illuminate/Support/Facades/Facade.php(193): Illuminate\\Support\\Facades\\Facade::resolveFacadeInstance('view')
#7 /home/rgusomuk/posbillingwala.com/adminpanel/vendor/laravel/framework/src/Illuminate/Support/Facades/Facade.php(332): Illuminate\\Support\\Facades\\Facade::getFacadeRoot()
#8 /home/rgusomuk/posbillingwala.com/adminpanel/vendor/laravel/framework/src/Illuminate/Foundation/Exceptions/RegisterErrorViewPaths.php(16): Illuminate\\Support\\Facades\\Facade::__callStatic('replaceNamespac...', Array)
#9 /home/rgusomuk/posbillingwala.com/adminpanel/vendor/laravel/framework/src/Illuminate/Foundation/Exceptions/Handler.php(642): Illuminate\\Foundation\\Exceptions\\RegisterErrorViewPaths->__invoke()
#10 /home/rgusomuk/posbillingwala.com/adminpanel/vendor/laravel/framework/src/Illuminate/Foundation/Exceptions/Handler.php(623): Illuminate\\Foundation\\Exceptions\\Handler->registerErrorViewPaths()
#11 /home/rgusomuk/posbillingwala.com/adminpanel/vendor/laravel/framework/src/Illuminate/Foundation/Exceptions/Handler.php(554): Illuminate\\Foundation\\Exceptions\\Handler->renderHttpException(Object(Symfony\\Component\\HttpKernel\\Exception\\HttpException))
#12 /home/rgusomuk/posbillingwala.com/adminpanel/vendor/laravel/framework/src/Illuminate/Foundation/Exceptions/Handler.php(460): Illuminate\\Foundation\\Exceptions\\Handler->prepareResponse(Object(Illuminate\\Http\\Request), Object(Symfony\\Component\\HttpKernel\\Exception\\HttpException))
#13 /home/rgusomuk/posbillingwala.com/adminpanel/vendor/laravel/framework/src/Illuminate/Foundation/Exceptions/Handler.php(377): Illuminate\\Foundation\\Exceptions\\Handler->renderExceptionResponse(Object(Illuminate\\Http\\Request), Object(Exception))
#14 /home/rgusomuk/posbillingwala.com/adminpanel/vendor/laravel/framework/src/Illuminate/Foundation/Http/Kernel.php(493): Illuminate\\Foundation\\Exceptions\\Handler->render(Object(Illuminate\\Http\\Request), Object(Exception))
#15 /home/rgusomuk/posbillingwala.com/adminpanel/vendor/laravel/framework/src/Illuminate/Foundation/Http/Kernel.php(138): Illuminate\\Foundation\\Http\\Kernel->renderException(Object(Illuminate\\Http\\Request), Object(Exception))
#16 /home/rgusomuk/posbillingwala.com/adminpanel/public/index.php(51): Illuminate\\Foundation\\Http\\Kernel->handle(Object(Illuminate\\Http\\Request))
#17 /home/rgusomuk/posbillingwala.com/adminpanel/index.php(21): require_once('/home/rgusomuk/...')
#18 {main}

[previous exception] [object] (ReflectionException(code: -1): Class \"view\" does not exist at /home/rgusomuk/posbillingwala.com/adminpanel/vendor/laravel/framework/src/Illuminate/Container/Container.php:889)
[stacktrace]
#0 /home/rgusomuk/posbillingwala.com/adminpanel/vendor/laravel/framework/src/Illuminate/Container/Container.php(889): ReflectionClass->__construct('view')
#1 /home/rgusomuk/posbillingwala.com/adminpanel/vendor/laravel/framework/src/Illuminate/Container/Container.php(770): Illuminate\\Container\\Container->build('view')
#2 /home/rgusomuk/posbillingwala.com/adminpanel/vendor/laravel/framework/src/Illuminate/Foundation/Application.php(856): Illuminate\\Container\\Container->resolve('view', Array, true)
#3 /home/rgusomuk/posbillingwala.com/adminpanel/vendor/laravel/framework/src/Illuminate/Container/Container.php(706): Illuminate\\Foundation\\Application->resolve('view', Array)
#4 /home/rgusomuk/posbillingwala.com/adminpanel/vendor/laravel/framework/src/Illuminate/Foundation/Application.php(841): Illuminate\\Container\\Container->make('view', Array)
#5 /home/rgusomuk/posbillingwala.com/adminpanel/vendor/laravel/framework/src/Illuminate/Container/Container.php(1431): Illuminate\\Foundation\\Application->make('view')
#6 /home/rgusomuk/posbillingwala.com/adminpanel/vendor/laravel/framework/src/Illuminate/Support/Facades/Facade.php(222): Illuminate\\Container\\Container->offsetGet('view')
#7 /home/rgusomuk/posbillingwala.com/adminpanel/vendor/laravel/framework/src/Illuminate/Support/Facades/Facade.php(193): Illuminate\\Support\\Facades\\Facade::resolveFacadeInstance('view')
#8 /home/rgusomuk/posbillingwala.com/adminpanel/vendor/laravel/framework/src/Illuminate/Support/Facades/Facade.php(332): Illuminate\\Support\\Facades\\Facade::getFacadeRoot()
#9 /home/rgusomuk/posbillingwala.com/adminpanel/vendor/laravel/framework/src/Illuminate/Foundation/Exceptions/RegisterErrorViewPaths.php(16): Illuminate\\Support\\Facades\\Facade::__callStatic('replaceNamespac...', Array)
#10 /home/rgusomuk/posbillingwala.com/adminpanel/vendor/laravel/framework/src/Illuminate/Foundation/Exceptions/Handler.php(642): Illuminate\\Foundation\\Exceptions\\RegisterErrorViewPaths->__invoke()
#11 /home/rgusomuk/posbillingwala.com/adminpanel/vendor/laravel/framework/src/Illuminate/Foundation/Exceptions/Handler.php(623): Illuminate\\Foundation\\Exceptions\\Handler->registerErrorViewPaths()
#12 /home/rgusomuk/posbillingwala.com/adminpanel/vendor/laravel/framework/src/Illuminate/Foundation/Exceptions/Handler.php(554): Illuminate\\Foundation\\Exceptions\\Handler->renderHttpException(Object(Symfony\\Component\\HttpKernel\\Exception\\HttpException))
#13 /home/rgusomuk/posbillingwala.com/adminpanel/vendor/laravel/framework/src/Illuminate/Foundation/Exceptions/Handler.php(460): Illuminate\\Foundation\\Exceptions\\Handler->prepareResponse(Object(Illuminate\\Http\\Request), Object(Symfony\\Component\\HttpKernel\\Exception\\HttpException))
#14 /home/rgusomuk/posbillingwala.com/adminpanel/vendor/laravel/framework/src/Illuminate/Foundation/Exceptions/Handler.php(377): Illuminate\\Foundation\\Exceptions\\Handler->renderExceptionResponse(Object(Illuminate\\Http\\Request), Object(Exception))
#15 /home/rgusomuk/posbillingwala.com/adminpanel/vendor/laravel/framework/src/Illuminate/Foundation/Http/Kernel.php(493): Illuminate\\Foundation\\Exceptions\\Handler->render(Object(Illuminate\\Http\\Request), Object(Exception))
#16 /home/rgusomuk/posbillingwala.com/adminpanel/vendor/laravel/framework/src/Illuminate/Foundation/Http/Kernel.php(138): Illuminate\\Foundation\\Http\\Kernel->renderException(Object(Illuminate\\Http\\Request), Object(Exception))
#17 /home/rgusomuk/posbillingwala.com/adminpanel/public/index.php(51): Illuminate\\Foundation\\Http\\Kernel->handle(Object(Illuminate\\Http\\Request))
#18 /home/rgusomuk/posbillingwala.com/adminpanel/index.php(21): require_once('/home/rgusomuk/...')
#19 {main}
"} 
[2026-08-25 03:20:54] local.ERROR: Uncaught ReflectionException: Class "view" does not exist in /home/rgusomuk/posbillingwala.com/adminpanel/vendor/laravel/framework/src/Illuminate/Container/Container.php:889
Stack trace:
#0 /home/rgusomuk/posbillingwala.com/adminpanel/vendor/laravel/framework/src/Illuminate/Container/Container.php(889): ReflectionClass->__construct('view')
#1 /home/rgusomuk/posbillingwala.com/adminpanel/vendor/laravel/framework/src/Illuminate/Container/Container.php(770): Illuminate\Container\Container->build('view')
#2 /home/rgusomuk/posbillingwala.com/adminpanel/vendor/laravel/framework/src/Illuminate/Foundation/Application.php(856): Illuminate\Container\Container->resolve('view', Array, true)
#3 /home/rgusomuk/posbillingwala.com/adminpanel/vendor/laravel/framework/src/Illuminate/Container/Container.php(706): Illuminate\Foundation\Application->resolve('view', Array)
#4 /home/rgusomuk/posbillingwala.com/adminpanel/vendor/laravel/framework/src/Illuminate/Foundation/Application.php(841): Illuminate\Container\Container->make('view', Array)
#5 /home/rgusomuk/posbillingwala.com/adminpanel/vendor/laravel/framework/src/Illuminate/Container/Container.php(1431): Illuminate\Foundation\Application->make('view')
#6 /home/rgusomuk/posbillingwala.com/adminpanel/vendor/laravel/framework/src/Illuminate/Support/Facades/Facade.php(222): Illuminate\Container\Container->offsetGet('view')
#7 /home/rgusomuk/posbillingwala.com/adminpanel/vendor/laravel/framework/src/Illuminate/Support/Facades/Facade.php(193): Illuminate\Support\Facades\Facade::resolveFacadeInstance('view')
#8 /home/rgusomuk/posbillingwala.com/adminpanel/vendor/laravel/framework/src/Illuminate/Support/Facades/Facade.php(332): Illuminate\Support\Facades\Facade::getFacadeRoot()
#9 /home/rgusomuk/posbillingwala.com/adminpanel/vendor/laravel/framework/src/Illuminate/Foundation/Exceptions/RegisterErrorViewPaths.php(16): Illuminate\Support\Facades\Facade::__callStatic('replaceNamespac...', Array)
#10 /home/rgusomuk/posbillingwala.com/adminpanel/vendor/laravel/framework/src/Illuminate/Foundation/Exceptions/Handler.php(642): Illuminate\Foundation\Exceptions\RegisterErrorViewPaths->__invoke()
#11 /home/rgusomuk/posbillingwala.com/adminpanel/vendor/laravel/framework/src/Illuminate/Foundation/Exceptions/Handler.php(623): Illuminate\Foundation\Exceptions\Handler->registerErrorViewPaths()
#12 /home/rgusomuk/posbillingwala.com/adminpanel/vendor/laravel/framework/src/Illuminate/Foundation/Exceptions/Handler.php(554): Illuminate\Foundation\Exceptions\Handler->renderHttpException(Object(Symfony\Component\HttpKernel\Exception\HttpException))
#13 /home/rgusomuk/posbillingwala.com/adminpanel/vendor/laravel/framework/src/Illuminate/Foundation/Exceptions/Handler.php(460): Illuminate\Foundation\Exceptions\Handler->prepareResponse(Object(Illuminate\Http\Request), Object(Symfony\Component\HttpKernel\Exception\HttpException))
#14 /home/rgusomuk/posbillingwala.com/adminpanel/vendor/laravel/framework/src/Illuminate/Foundation/Exceptions/Handler.php(377): Illuminate\Foundation\Exceptions\Handler->renderExceptionResponse(Object(Illuminate\Http\Request), Object(Illuminate\Contracts\Container\BindingResolutionException))
#15 /home/rgusomuk/posbillingwala.com/adminpanel/vendor/laravel/framework/src/Illuminate/Foundation/Bootstrap/HandleExceptions.php(229): Illuminate\Foundation\Exceptions\Handler->render(Object(Illuminate\Http\Request), Object(Illuminate\Contracts\Container\BindingResolutionException))
#16 /home/rgusomuk/posbillingwala.com/adminpanel/vendor/laravel/framework/src/Illuminate/Foundation/Bootstrap/HandleExceptions.php(206): Illuminate\Foundation\Bootstrap\HandleExceptions->renderHttpResponse(Object(Illuminate\Contracts\Container\BindingResolutionException))
#17 /home/rgusomuk/posbillingwala.com/adminpanel/vendor/laravel/framework/src/Illuminate/Foundation/Bootstrap/HandleExceptions.php(266): Illuminate\Foundation\Bootstrap\HandleExceptions->handleException(Object(Illuminate\Contracts\Container\BindingResolutionException))
#18 [internal function]: Illuminate\Foundation\Bootstrap\HandleExceptions->Illuminate\Foundation\Bootstrap\{closure}(Object(Illuminate\Contracts\Container\BindingResolutionException))
#19 {main}

Next Illuminate\Contracts\Container\BindingResolutionException: Target class [view] does not exist. in /home/rgusomuk/posbillingwala.com/adminpanel/vendor/laravel/framework/src/Illuminate/Container/Container.php:891
Stack trace:
#0 /home/rgusomuk/posbillingwala.com/adminpanel/vendor/laravel/framework/src/Illuminate/Container/Container.php(770): Illuminate\Container\Container->build('view')
#1 /home/rgusomuk/posbillingwala.com/adminpanel/vendor/laravel/framework/src/Illuminate/Foundation/Application.php(856): Illuminate\Container\Container->resolve('view', Array, true)
#2 /home/rgusomuk/posbillingwala.com/adminpanel/vendor/laravel/framework/src/Illuminate/Container/Container.php(706): Illuminate\Foundation\Application->resolve('view', Array)
#3 /home/rgusomuk/posbillingwala.com/adminpanel/vendor/laravel/framework/src/Illuminate/Foundation/Application.php(841): Illuminate\Container\Container->make('view', Array)
#4 /home/rgusomuk/posbillingwala.com/adminpanel/vendor/laravel/framework/src/Illuminate/Container/Container.php(1431): Illuminate\Foundation\Application->make('view')
#5 /home/rgusomuk/posbillingwala.com/adminpanel/vendor/laravel/framework/src/Illuminate/Support/Facades/Facade.php(222): Illuminate\Container\Container->offsetGet('view')
#6 /home/rgusomuk/posbillingwala.com/adminpanel/vendor/laravel/framework/src/Illuminate/Support/Facades/Facade.php(193): Illuminate\Support\Facades\Facade::resolveFacadeInstance('view')
#7 /home/rgusomuk/posbillingwala.com/adminpanel/vendor/laravel/framework/src/Illuminate/Support/Facades/Facade.php(332): Illuminate\Support\Facades\Facade::getFacadeRoot()
#8 /home/rgusomuk/posbillingwala.com/adminpanel/vendor/laravel/framework/src/Illuminate/Foundation/Exceptions/RegisterErrorViewPaths.php(16): Illuminate\Support\Facades\Facade::__callStatic('replaceNamespac...', Array)
#9 /home/rgusomuk/posbillingwala.com/adminpanel/vendor/laravel/framework/src/Illuminate/Foundation/Exceptions/Handler.php(642): Illuminate\Foundation\Exceptions\RegisterErrorViewPaths->__invoke()
#10 /home/rgusomuk/posbillingwala.com/adminpanel/vendor/laravel/framework/src/Illuminate/Foundation/Exceptions/Handler.php(623): Illuminate\Foundation\Exceptions\Handler->registerErrorViewPaths()
#11 /home/rgusomuk/posbillingwala.com/adminpanel/vendor/laravel/framework/src/Illuminate/Foundation/Exceptions/Handler.php(554): Illuminate\Foundation\Exceptions\Handler->renderHttpException(Object(Symfony\Component\HttpKernel\Exception\HttpException))
#12 /home/rgusomuk/posbillingwala.com/adminpanel/vendor/laravel/framework/src/Illuminate/Foundation/Exceptions/Handler.php(460): Illuminate\Foundation\Exceptions\Handler->prepareResponse(Object(Illuminate\Http\Request), Object(Symfony\Component\HttpKernel\Exception\HttpException))
#13 /home/rgusomuk/posbillingwala.com/adminpanel/vendor/laravel/framework/src/Illuminate/Foundation/Exceptions/Handler.php(377): Illuminate\Foundation\Exceptions\Handler->renderExceptionResponse(Object(Illuminate\Http\Request), Object(Illuminate\Contracts\Container\BindingResolutionException))
#14 /home/rgusomuk/posbillingwala.com/adminpanel/vendor/laravel/framework/src/Illuminate/Foundation/Bootstrap/HandleExceptions.php(229): Illuminate\Foundation\Exceptions\Handler->render(Object(Illuminate\Http\Request), Object(Illuminate\Contracts\Container\BindingResolutionException))
#15 /home/rgusomuk/posbillingwala.com/adminpanel/vendor/laravel/framework/src/Illuminate/Foundation/Bootstrap/HandleExceptions.php(206): Illuminate\Foundation\Bootstrap\HandleExceptions->renderHttpResponse(Object(Illuminate\Contracts\Container\BindingResolutionException))
#16 /home/rgusomuk/posbillingwala.com/adminpanel/vendor/laravel/framework/src/Illuminate/Foundation/Bootstrap/HandleExceptions.php(266): Illuminate\Foundation\Bootstrap\HandleExceptions->handleException(Object(Illuminate\Contracts\Container\BindingResolutionException))
#17 [internal function]: Illuminate\Foundation\Bootstrap\HandleExceptions->Illuminate\Foundation\Bootstrap\{closure}(Object(Illuminate\Contracts\Container\BindingResolutionException))
#18 {main}
  thrown {"exception":"[object] (Symfony\\Component\\ErrorHandler\\Error\\FatalError(code: 0): Uncaught ReflectionException: Class \"view\" does not exist in /home/rgusomuk/posbillingwala.com/adminpanel/vendor/laravel/framework/src/Illuminate/Container/Container.php:889
Stack trace:
#0 /home/rgusomuk/posbillingwala.com/adminpanel/vendor/laravel/framework/src/Illuminate/Container/Container.php(889): ReflectionClass->__construct('view')
#1 /home/rgusomuk/posbillingwala.com/adminpanel/vendor/laravel/framework/src/Illuminate/Container/Container.php(770): Illuminate\\Container\\Container->build('view')
#2 /home/rgusomuk/posbillingwala.com/adminpanel/vendor/laravel/framework/src/Illuminate/Foundation/Application.php(856): Illuminate\\Container\\Container->resolve('view', Array, true)
#3 /home/rgusomuk/posbillingwala.com/adminpanel/vendor/laravel/framework/src/Illuminate/Container/Container.php(706): Illuminate\\Foundation\\Application->resolve('view', Array)
#4 /home/rgusomuk/posbillingwala.com/adminpanel/vendor/laravel/framework/src/Illuminate/Foundation/Application.php(841): Illuminate\\Container\\Container->make('view', Array)
#5 /home/rgusomuk/posbillingwala.com/adminpanel/vendor/laravel/framework/src/Illuminate/Container/Container.php(1431): Illuminate\\Foundation\\Application->make('view')
#6 /home/rgusomuk/posbillingwala.com/adminpanel/vendor/laravel/framework/src/Illuminate/Support/Facades/Facade.php(222): Illuminate\\Container\\Container->offsetGet('view')
#7 /home/rgusomuk/posbillingwala.com/adminpanel/vendor/laravel/framework/src/Illuminate/Support/Facades/Facade.php(193): Illuminate\\Support\\Facades\\Facade::resolveFacadeInstance('view')
#8 /home/rgusomuk/posbillingwala.com/adminpanel/vendor/laravel/framework/src/Illuminate/Support/Facades/Facade.php(332): Illuminate\\Support\\Facades\\Facade::getFacadeRoot()
#9 /home/rgusomuk/posbillingwala.com/adminpanel/vendor/laravel/framework/src/Illuminate/Foundation/Exceptions/RegisterErrorViewPaths.php(16): Illuminate\\Support\\Facades\\Facade::__callStatic('replaceNamespac...', Array)
#10 /home/rgusomuk/posbillingwala.com/adminpanel/vendor/laravel/framework/src/Illuminate/Foundation/Exceptions/Handler.php(642): Illuminate\\Foundation\\Exceptions\\RegisterErrorViewPaths->__invoke()
#11 /home/rgusomuk/posbillingwala.com/adminpanel/vendor/laravel/framework/src/Illuminate/Foundation/Exceptions/Handler.php(623): Illuminate\\Foundation\\Exceptions\\Handler->registerErrorViewPaths()
#12 /home/rgusomuk/posbillingwala.com/adminpanel/vendor/laravel/framework/src/Illuminate/Foundation/Exceptions/Handler.php(554): Illuminate\\Foundation\\Exceptions\\Handler->renderHttpException(Object(Symfony\\Component\\HttpKernel\\Exception\\HttpException))
#13 /home/rgusomuk/posbillingwala.com/adminpanel/vendor/laravel/framework/src/Illuminate/Foundation/Exceptions/Handler.php(460): Illuminate\\Foundation\\Exceptions\\Handler->prepareResponse(Object(Illuminate\\Http\\Request), Object(Symfony\\Component\\HttpKernel\\Exception\\HttpException))
#14 /home/rgusomuk/posbillingwala.com/adminpanel/vendor/laravel/framework/src/Illuminate/Foundation/Exceptions/Handler.php(377): Illuminate\\Foundation\\Exceptions\\Handler->renderExceptionResponse(Object(Illuminate\\Http\\Request), Object(Illuminate\\Contracts\\Container\\BindingResolutionException))
#15 /home/rgusomuk/posbillingwala.com/adminpanel/vendor/laravel/framework/src/Illuminate/Foundation/Bootstrap/HandleExceptions.php(229): Illuminate\\Foundation\\Exceptions\\Handler->render(Object(Illuminate\\Http\\Request), Object(Illuminate\\Contracts\\Container\\BindingResolutionException))
#16 /home/rgusomuk/posbillingwala.com/adminpanel/vendor/laravel/framework/src/Illuminate/Foundation/Bootstrap/HandleExceptions.php(206): Illuminate\\Foundation\\Bootstrap\\HandleExceptions->renderHttpResponse(Object(Illuminate\\Contracts\\Container\\BindingResolutionException))
#17 /home/rgusomuk/posbillingwala.com/adminpanel/vendor/laravel/framework/src/Illuminate/Foundation/Bootstrap/HandleExceptions.php(266): Illuminate\\Foundation\\Bootstrap\\HandleExceptions->handleException(Object(Illuminate\\Contracts\\Container\\BindingResolutionException))
#18 [internal function]: Illuminate\\Foundation\\Bootstrap\\HandleExceptions->Illuminate\\Foundation\\Bootstrap\\{closure}(Object(Illuminate\\Contracts\\Container\\BindingResolutionException))
#19 {main}

Next Illuminate\\Contracts\\Container\\BindingResolutionException: Target class [view] does not exist. in /home/rgusomuk/posbillingwala.com/adminpanel/vendor/laravel/framework/src/Illuminate/Container/Container.php:891
Stack trace:
#0 /home/rgusomuk/posbillingwala.com/adminpanel/vendor/laravel/framework/src/Illuminate/Container/Container.php(770): Illuminate\\Container\\Container->build('view')
#1 /home/rgusomuk/posbillingwala.com/adminpanel/vendor/laravel/framework/src/Illuminate/Foundation/Application.php(856): Illuminate\\Container\\Container->resolve('view', Array, true)
#2 /home/rgusomuk/posbillingwala.com/adminpanel/vendor/laravel/framework/src/Illuminate/Container/Container.php(706): Illuminate\\Foundation\\Application->resolve('view', Array)
#3 /home/rgusomuk/posbillingwala.com/adminpanel/vendor/laravel/framework/src/Illuminate/Foundation/Application.php(841): Illuminate\\Container\\Container->make('view', Array)
#4 /home/rgusomuk/posbillingwala.com/adminpanel/vendor/laravel/framework/src/Illuminate/Container/Container.php(1431): Illuminate\\Foundation\\Application->make('view')
#5 /home/rgusomuk/posbillingwala.com/adminpanel/vendor/laravel/framework/src/Illuminate/Support/Facades/Facade.php(222): Illuminate\\Container\\Container->offsetGet('view')
#6 /home/rgusomuk/posbillingwala.com/adminpanel/vendor/laravel/framework/src/Illuminate/Support/Facades/Facade.php(193): Illuminate\\Support\\Facades\\Facade::resolveFacadeInstance('view')
#7 /home/rgusomuk/posbillingwala.com/adminpanel/vendor/laravel/framework/src/Illuminate/Support/Facades/Facade.php(332): Illuminate\\Support\\Facades\\Facade::getFacadeRoot()
#8 /home/rgusomuk/posbillingwala.com/adminpanel/vendor/laravel/framework/src/Illuminate/Foundation/Exceptions/RegisterErrorViewPaths.php(16): Illuminate\\Support\\Facades\\Facade::__callStatic('replaceNamespac...', Array)
#9 /home/rgusomuk/posbillingwala.com/adminpanel/vendor/laravel/framework/src/Illuminate/Foundation/Exceptions/Handler.php(642): Illuminate\\Foundation\\Exceptions\\RegisterErrorViewPaths->__invoke()
#10 /home/rgusomuk/posbillingwala.com/adminpanel/vendor/laravel/framework/src/Illuminate/Foundation/Exceptions/Handler.php(623): Illuminate\\Foundation\\Exceptions\\Handler->registerErrorViewPaths()
#11 /home/rgusomuk/posbillingwala.com/adminpanel/vendor/laravel/framework/src/Illuminate/Foundation/Exceptions/Handler.php(554): Illuminate\\Foundation\\Exceptions\\Handler->renderHttpException(Object(Symfony\\Component\\HttpKernel\\Exception\\HttpException))
#12 /home/rgusomuk/posbillingwala.com/adminpanel/vendor/laravel/framework/src/Illuminate/Foundation/Exceptions/Handler.php(460): Illuminate\\Foundation\\Exceptions\\Handler->prepareResponse(Object(Illuminate\\Http\\Request), Object(Symfony\\Component\\HttpKernel\\Exception\\HttpException))
#13 /home/rgusomuk/posbillingwala.com/adminpanel/vendor/laravel/framework/src/Illuminate/Foundation/Exceptions/Handler.php(377): Illuminate\\Foundation\\Exceptions\\Handler->renderExceptionResponse(Object(Illuminate\\Http\\Request), Object(Illuminate\\Contracts\\Container\\BindingResolutionException))
#14 /home/rgusomuk/posbillingwala.com/adminpanel/vendor/laravel/framework/src/Illuminate/Foundation/Bootstrap/HandleExceptions.php(229): Illuminate\\Foundation\\Exceptions\\Handler->render(Object(Illuminate\\Http\\Request), Object(Illuminate\\Contracts\\Container\\BindingResolutionException))
#15 /home/rgusomuk/posbillingwala.com/adminpanel/vendor/laravel/framework/src/Illuminate/Foundation/Bootstrap/HandleExceptions.php(206): Illuminate\\Foundation\\Bootstrap\\HandleExceptions->renderHttpResponse(Object(Illuminate\\Contracts\\Container\\BindingResolutionException))
#16 /home/rgusomuk/posbillingwala.com/adminpanel/vendor/laravel/framework/src/Illuminate/Foundation/Bootstrap/HandleExceptions.php(266): Illuminate\\Foundation\\Bootstrap\\HandleExceptions->handleException(Object(Illuminate\\Contracts\\Container\\BindingResolutionException))
#17 [internal function]: Illuminate\\Foundation\\Bootstrap\\HandleExceptions->Illuminate\\Foundation\\Bootstrap\\{closure}(Object(Illuminate\\Contracts\\Container\\BindingResolutionException))
#18 {main}
  thrown at /home/rgusomuk/posbillingwala.com/adminpanel/vendor/laravel/framework/src/Illuminate/Container/Container.php:891)
[stacktrace]
#0 {main}
"} 
[2026-08-25 03:25:32] local.ERROR: The /home/rgusomuk/posbillingwala.com/adminpanel/bootstrap/cache directory must be present and writable. {"exception":"[object] (Exception(code: 0): The /home/rgusomuk/posbillingwala.com/adminpanel/bootstrap/cache directory must be present and writable. at /home/rgusomuk/posbillingwala.com/adminpanel/vendor/laravel/framework/src/Illuminate/Foundation/PackageManifest.php:178)
[stacktrace]
#0 /home/rgusomuk/posbillingwala.com/adminpanel/vendor/laravel/framework/src/Illuminate/Foundation/PackageManifest.php(131): Illuminate\\Foundation\\PackageManifest->write(Array)
#1 /home/rgusomuk/posbillingwala.com/adminpanel/vendor/laravel/framework/src/Illuminate/Foundation/PackageManifest.php(107): Illuminate\\Foundation\\PackageManifest->build()
#2 /home/rgusomuk/posbillingwala.com/adminpanel/vendor/laravel/framework/src/Illuminate/Foundation/PackageManifest.php(90): Illuminate\\Foundation\\PackageManifest->getManifest()
#3 /home/rgusomuk/posbillingwala.com/adminpanel/vendor/laravel/framework/src/Illuminate/Foundation/PackageManifest.php(79): Illuminate\\Foundation\\PackageManifest->config('aliases')
#4 /home/rgusomuk/posbillingwala.com/adminpanel/vendor/laravel/framework/src/Illuminate/Foundation/Bootstrap/RegisterFacades.php(26): Illuminate\\Foundation\\PackageManifest->aliases()
#5 /home/rgusomuk/posbillingwala.com/adminpanel/vendor/laravel/framework/src/Illuminate/Foundation/Application.php(242): Illuminate\\Foundation\\Bootstrap\\RegisterFacades->bootstrap(Object(Illuminate\\Foundation\\Application))
#6 /home/rgusomuk/posbillingwala.com/adminpanel/vendor/laravel/framework/src/Illuminate/Foundation/Http/Kernel.php(176): Illuminate\\Foundation\\Application->bootstrapWith(Array)
#7 /home/rgusomuk/posbillingwala.com/adminpanel/vendor/laravel/framework/src/Illuminate/Foundation/Http/Kernel.php(160): Illuminate\\Foundation\\Http\\Kernel->bootstrap()
#8 /home/rgusomuk/posbillingwala.com/adminpanel/vendor/laravel/framework/src/Illuminate/Foundation/Http/Kernel.php(134): Illuminate\\Foundation\\Http\\Kernel->sendRequestThroughRouter(Object(Illuminate\\Http\\Request))
#9 /home/rgusomuk/posbillingwala.com/adminpanel/public/index.php(51): Illuminate\\Foundation\\Http\\Kernel->handle(Object(Illuminate\\Http\\Request))
#10 /home/rgusomuk/posbillingwala.com/adminpanel/index.php(21): require_once('/home/rgusomuk/...')
#11 {main}
"} 
[2026-08-25 03:25:32] local.ERROR: Target class [view] does not exist. {"exception":"[object] (Illuminate\\Contracts\\Container\\BindingResolutionException(code: 0): Target class [view] does not exist. at /home/rgusomuk/posbillingwala.com/adminpanel/vendor/laravel/framework/src/Illuminate/Container/Container.php:891)
[stacktrace]
#0 /home/rgusomuk/posbillingwala.com/adminpanel/vendor/laravel/framework/src/Illuminate/Container/Container.php(770): Illuminate\\Container\\Container->build('view')
#1 /home/rgusomuk/posbillingwala.com/adminpanel/vendor/laravel/framework/src/Illuminate/Foundation/Application.php(856): Illuminate\\Container\\Container->resolve('view', Array, true)
#2 /home/rgusomuk/posbillingwala.com/adminpanel/vendor/laravel/framework/src/Illuminate/Container/Container.php(706): Illuminate\\Foundation\\Application->resolve('view', Array)
#3 /home/rgusomuk/posbillingwala.com/adminpanel/vendor/laravel/framework/src/Illuminate/Foundation/Application.php(841): Illuminate\\Container\\Container->make('view', Array)
#4 /home/rgusomuk/posbillingwala.com/adminpanel/vendor/laravel/framework/src/Illuminate/Container/Container.php(1431): Illuminate\\Foundation\\Application->make('view')
#5 /home/rgusomuk/posbillingwala.com/adminpanel/vendor/laravel/framework/src/Illuminate/Support/Facades/Facade.php(222): Illuminate\\Container\\Container->offsetGet('view')
#6 /home/rgusomuk/posbillingwala.com/adminpanel/vendor/laravel/framework/src/Illuminate/Support/Facades/Facade.php(193): Illuminate\\Support\\Facades\\Facade::resolveFacadeInstance('view')
#7 /home/rgusomuk/posbillingwala.com/adminpanel/vendor/laravel/framework/src/Illuminate/Support/Facades/Facade.php(332): Illuminate\\Support\\Facades\\Facade::getFacadeRoot()
#8 /home/rgusomuk/posbillingwala.com/adminpanel/vendor/laravel/framework/src/Illuminate/Foundation/Exceptions/RegisterErrorViewPaths.php(16): Illuminate\\Support\\Facades\\Facade::__callStatic('replaceNamespac...', Array)
#9 /home/rgusomuk/posbillingwala.com/adminpanel/vendor/laravel/framework/src/Illuminate/Foundation/Exceptions/Handler.php(642): Illuminate\\Foundation\\Exceptions\\RegisterErrorViewPaths->__invoke()
#10 /home/rgusomuk/posbillingwala.com/adminpanel/vendor/laravel/framework/src/Illuminate/Foundation/Exceptions/Handler.php(623): Illuminate\\Foundation\\Exceptions\\Handler->registerErrorViewPaths()
#11 /home/rgusomuk/posbillingwala.com/adminpanel/vendor/laravel/framework/src/Illuminate/Foundation/Exceptions/Handler.php(554): Illuminate\\Foundation\\Exceptions\\Handler->renderHttpException(Object(Symfony\\Component\\HttpKernel\\Exception\\HttpException))
#12 /home/rgusomuk/posbillingwala.com/adminpanel/vendor/laravel/framework/src/Illuminate/Foundation/Exceptions/Handler.php(460): Illuminate\\Foundation\\Exceptions\\Handler->prepareResponse(Object(Illuminate\\Http\\Request), Object(Symfony\\Component\\HttpKernel\\Exception\\HttpException))
#13 /home/rgusomuk/posbillingwala.com/adminpanel/vendor/laravel/framework/src/Illuminate/Foundation/Exceptions/Handler.php(377): Illuminate\\Foundation\\Exceptions\\Handler->renderExceptionResponse(Object(Illuminate\\Http\\Request), Object(Exception))
#14 /home/rgusomuk/posbillingwala.com/adminpanel/vendor/laravel/framework/src/Illuminate/Foundation/Http/Kernel.php(493): Illuminate\\Foundation\\Exceptions\\Handler->render(Object(Illuminate\\Http\\Request), Object(Exception))
#15 /home/rgusomuk/posbillingwala.com/adminpanel/vendor/laravel/framework/src/Illuminate/Foundation/Http/Kernel.php(138): Illuminate\\Foundation\\Http\\Kernel->renderException(Object(Illuminate\\Http\\Request), Object(Exception))
#16 /home/rgusomuk/posbillingwala.com/adminpanel/public/index.php(51): Illuminate\\Foundation\\Http\\Kernel->handle(Object(Illuminate\\Http\\Request))
#17 /home/rgusomuk/posbillingwala.com/adminpanel/index.php(21): require_once('/home/rgusomuk/...')
#18 {main}

[previous exception] [object] (ReflectionException(code: -1): Class \"view\" does not exist at /home/rgusomuk/posbillingwala.com/adminpanel/vendor/laravel/framework/src/Illuminate/Container/Container.php:889)
[stacktrace]
#0 /home/rgusomuk/posbillingwala.com/adminpanel/vendor/laravel/framework/src/Illuminate/Container/Container.php(889): ReflectionClass->__construct('view')
#1 /home/rgusomuk/posbillingwala.com/adminpanel/vendor/laravel/framework/src/Illuminate/Container/Container.php(770): Illuminate\\Container\\Container->build('view')
#2 /home/rgusomuk/posbillingwala.com/adminpanel/vendor/laravel/framework/src/Illuminate/Foundation/Application.php(856): Illuminate\\Container\\Container->resolve('view', Array, true)
#3 /home/rgusomuk/posbillingwala.com/adminpanel/vendor/laravel/framework/src/Illuminate/Container/Container.php(706): Illuminate\\Foundation\\Application->resolve('view', Array)
#4 /home/rgusomuk/posbillingwala.com/adminpanel/vendor/laravel/framework/src/Illuminate/Foundation/Application.php(841): Illuminate\\Container\\Container->make('view', Array)
#5 /home/rgusomuk/posbillingwala.com/adminpanel/vendor/laravel/framework/src/Illuminate/Container/Container.php(1431): Illuminate\\Foundation\\Application->make('view')
#6 /home/rgusomuk/posbillingwala.com/adminpanel/vendor/laravel/framework/src/Illuminate/Support/Facades/Facade.php(222): Illuminate\\Container\\Container->offsetGet('view')
#7 /home/rgusomuk/posbillingwala.com/adminpanel/vendor/laravel/framework/src/Illuminate/Support/Facades/Facade.php(193): Illuminate\\Support\\Facades\\Facade::resolveFacadeInstance('view')
#8 /home/rgusomuk/posbillingwala.com/adminpanel/vendor/laravel/framework/src/Illuminate/Support/Facades/Facade.php(332): Illuminate\\Support\\Facades\\Facade::getFacadeRoot()
#9 /home/rgusomuk/posbillingwala.com/adminpanel/vendor/laravel/framework/src/Illuminate/Foundation/Exceptions/RegisterErrorViewPaths.php(16): Illuminate\\Support\\Facades\\Facade::__callStatic('replaceNamespac...', Array)
#10 /home/rgusomuk/posbillingwala.com/adminpanel/vendor/laravel/framework/src/Illuminate/Foundation/Exceptions/Handler.php(642): Illuminate\\Foundation\\Exceptions\\RegisterErrorViewPaths->__invoke()
#11 /home/rgusomuk/posbillingwala.com/adminpanel/vendor/laravel/framework/src/Illuminate/Foundation/Exceptions/Handler.php(623): Illuminate\\Foundation\\Exceptions\\Handler->registerErrorViewPaths()
#12 /home/rgusomuk/posbillingwala.com/adminpanel/vendor/laravel/framework/src/Illuminate/Foundation/Exceptions/Handler.php(554): Illuminate\\Foundation\\Exceptions\\Handler->renderHttpException(Object(Symfony\\Component\\HttpKernel\\Exception\\HttpException))
#13 /home/rgusomuk/posbillingwala.com/adminpanel/vendor/laravel/framework/src/Illuminate/Foundation/Exceptions/Handler.php(460): Illuminate\\Foundation\\Exceptions\\Handler->prepareResponse(Object(Illuminate\\Http\\Request), Object(Symfony\\Component\\HttpKernel\\Exception\\HttpException))
#14 /home/rgusomuk/posbillingwala.com/adminpanel/vendor/laravel/framework/src/Illuminate/Foundation/Exceptions/Handler.php(377): Illuminate\\Foundation\\Exceptions\\Handler->renderExceptionResponse(Object(Illuminate\\Http\\Request), Object(Exception))
#15 /home/rgusomuk/posbillingwala.com/adminpanel/vendor/laravel/framework/src/Illuminate/Foundation/Http/Kernel.php(493): Illuminate\\Foundation\\Exceptions\\Handler->render(Object(Illuminate\\Http\\Request), Object(Exception))
#16 /home/rgusomuk/posbillingwala.com/adminpanel/vendor/laravel/framework/src/Illuminate/Foundation/Http/Kernel.php(138): Illuminate\\Foundation\\Http\\Kernel->renderException(Object(Illuminate\\Http\\Request), Object(Exception))
#17 /home/rgusomuk/posbillingwala.com/adminpanel/public/index.php(51): Illuminate\\Foundation\\Http\\Kernel->handle(Object(Illuminate\\Http\\Request))
#18 /home/rgusomuk/posbillingwala.com/adminpanel/index.php(21): require_once('/home/rgusomuk/...')
#19 {main}
"} 
[2026-08-25 03:25:32] local.ERROR: Uncaught ReflectionException: Class "view" does not exist in /home/rgusomuk/posbillingwala.com/adminpanel/vendor/laravel/framework/src/Illuminate/Container/Container.php:889
Stack trace:
#0 /home/rgusomuk/posbillingwala.com/adminpanel/vendor/laravel/framework/src/Illuminate/Container/Container.php(889): ReflectionClass->__construct('view')
#1 /home/rgusomuk/posbillingwala.com/adminpanel/vendor/laravel/framework/src/Illuminate/Container/Container.php(770): Illuminate\Container\Container->build('view')
#2 /home/rgusomuk/posbillingwala.com/adminpanel/vendor/laravel/framework/src/Illuminate/Foundation/Application.php(856): Illuminate\Container\Container->resolve('view', Array, true)
#3 /home/rgusomuk/posbillingwala.com/adminpanel/vendor/laravel/framework/src/Illuminate/Container/Container.php(706): Illuminate\Foundation\Application->resolve('view', Array)
#4 /home/rgusomuk/posbillingwala.com/adminpanel/vendor/laravel/framework/src/Illuminate/Foundation/Application.php(841): Illuminate\Container\Container->make('view', Array)
#5 /home/rgusomuk/posbillingwala.com/adminpanel/vendor/laravel/framework/src/Illuminate/Container/Container.php(1431): Illuminate\Foundation\Application->make('view')
#6 /home/rgusomuk/posbillingwala.com/adminpanel/vendor/laravel/framework/src/Illuminate/Support/Facades/Facade.php(222): Illuminate\Container\Container->offsetGet('view')
#7 /home/rgusomuk/posbillingwala.com/adminpanel/vendor/laravel/framework/src/Illuminate/Support/Facades/Facade.php(193): Illuminate\Support\Facades\Facade::resolveFacadeInstance('view')
#8 /home/rgusomuk/posbillingwala.com/adminpanel/vendor/laravel/framework/src/Illuminate/Support/Facades/Facade.php(332): Illuminate\Support\Facades\Facade::getFacadeRoot()
#9 /home/rgusomuk/posbillingwala.com/adminpanel/vendor/laravel/framework/src/Illuminate/Foundation/Exceptions/RegisterErrorViewPaths.php(16): Illuminate\Support\Facades\Facade::__callStatic('replaceNamespac...', Array)
#10 /home/rgusomuk/posbillingwala.com/adminpanel/vendor/laravel/framework/src/Illuminate/Foundation/Exceptions/Handler.php(642): Illuminate\Foundation\Exceptions\RegisterErrorViewPaths->__invoke()
#11 /home/rgusomuk/posbillingwala.com/adminpanel/vendor/laravel/framework/src/Illuminate/Foundation/Exceptions/Handler.php(623): Illuminate\Foundation\Exceptions\Handler->registerErrorViewPaths()
#12 /home/rgusomuk/posbillingwala.com/adminpanel/vendor/laravel/framework/src/Illuminate/Foundation/Exceptions/Handler.php(554): Illuminate\Foundation\Exceptions\Handler->renderHttpException(Object(Symfony\Component\HttpKernel\Exception\HttpException))
#13 /home/rgusomuk/posbillingwala.com/adminpanel/vendor/laravel/framework/src/Illuminate/Foundation/Exceptions/Handler.php(460): Illuminate\Foundation\Exceptions\Handler->prepareResponse(Object(Illuminate\Http\Request), Object(Symfony\Component\HttpKernel\Exception\HttpException))
#14 /home/rgusomuk/posbillingwala.com/adminpanel/vendor/laravel/framework/src/Illuminate/Foundation/Exceptions/Handler.php(377): Illuminate\Foundation\Exceptions\Handler->renderExceptionResponse(Object(Illuminate\Http\Request), Object(Illuminate\Contracts\Container\BindingResolutionException))
#15 /home/rgusomuk/posbillingwala.com/adminpanel/vendor/laravel/framework/src/Illuminate/Foundation/Bootstrap/HandleExceptions.php(229): Illuminate\Foundation\Exceptions\Handler->render(Object(Illuminate\Http\Request), Object(Illuminate\Contracts\Container\BindingResolutionException))
#16 /home/rgusomuk/posbillingwala.com/adminpanel/vendor/laravel/framework/src/Illuminate/Foundation/Bootstrap/HandleExceptions.php(206): Illuminate\Foundation\Bootstrap\HandleExceptions->renderHttpResponse(Object(Illuminate\Contracts\Container\BindingResolutionException))
#17 /home/rgusomuk/posbillingwala.com/adminpanel/vendor/laravel/framework/src/Illuminate/Foundation/Bootstrap/HandleExceptions.php(266): Illuminate\Foundation\Bootstrap\HandleExceptions->handleException(Object(Illuminate\Contracts\Container\BindingResolutionException))
#18 [internal function]: Illuminate\Foundation\Bootstrap\HandleExceptions->Illuminate\Foundation\Bootstrap\{closure}(Object(Illuminate\Contracts\Container\BindingResolutionException))
#19 {main}

Next Illuminate\Contracts\Container\BindingResolutionException: Target class [view] does not exist. in /home/rgusomuk/posbillingwala.com/adminpanel/vendor/laravel/framework/src/Illuminate/Container/Container.php:891
Stack trace:
#0 /home/rgusomuk/posbillingwala.com/adminpanel/vendor/laravel/framework/src/Illuminate/Container/Container.php(770): Illuminate\Container\Container->build('view')
#1 /home/rgusomuk/posbillingwala.com/adminpanel/vendor/laravel/framework/src/Illuminate/Foundation/Application.php(856): Illuminate\Container\Container->resolve('view', Array, true)
#2 /home/rgusomuk/posbillingwala.com/adminpanel/vendor/laravel/framework/src/Illuminate/Container/Container.php(706): Illuminate\Foundation\Application->resolve('view', Array)
#3 /home/rgusomuk/posbillingwala.com/adminpanel/vendor/laravel/framework/src/Illuminate/Foundation/Application.php(841): Illuminate\Container\Container->make('view', Array)
#4 /home/rgusomuk/posbillingwala.com/adminpanel/vendor/laravel/framework/src/Illuminate/Container/Container.php(1431): Illuminate\Foundation\Application->make('view')
#5 /home/rgusomuk/posbillingwala.com/adminpanel/vendor/laravel/framework/src/Illuminate/Support/Facades/Facade.php(222): Illuminate\Container\Container->offsetGet('view')
#6 /home/rgusomuk/posbillingwala.com/adminpanel/vendor/laravel/framework/src/Illuminate/Support/Facades/Facade.php(193): Illuminate\Support\Facades\Facade::resolveFacadeInstance('view')
#7 /home/rgusomuk/posbillingwala.com/adminpanel/vendor/laravel/framework/src/Illuminate/Support/Facades/Facade.php(332): Illuminate\Support\Facades\Facade::getFacadeRoot()
#8 /home/rgusomuk/posbillingwala.com/adminpanel/vendor/laravel/framework/src/Illuminate/Foundation/Exceptions/RegisterErrorViewPaths.php(16): Illuminate\Support\Facades\Facade::__callStatic('replaceNamespac...', Array)
#9 /home/rgusomuk/posbillingwala.com/adminpanel/vendor/laravel/framework/src/Illuminate/Foundation/Exceptions/Handler.php(642): Illuminate\Foundation\Exceptions\RegisterErrorViewPaths->__invoke()
#10 /home/rgusomuk/posbillingwala.com/adminpanel/vendor/laravel/framework/src/Illuminate/Foundation/Exceptions/Handler.php(623): Illuminate\Foundation\Exceptions\Handler->registerErrorViewPaths()
#11 /home/rgusomuk/posbillingwala.com/adminpanel/vendor/laravel/framework/src/Illuminate/Foundation/Exceptions/Handler.php(554): Illuminate\Foundation\Exceptions\Handler->renderHttpException(Object(Symfony\Component\HttpKernel\Exception\HttpException))
#12 /home/rgusomuk/posbillingwala.com/adminpanel/vendor/laravel/framework/src/Illuminate/Foundation/Exceptions/Handler.php(460): Illuminate\Foundation\Exceptions\Handler->prepareResponse(Object(Illuminate\Http\Request), Object(Symfony\Component\HttpKernel\Exception\HttpException))
#13 /home/rgusomuk/posbillingwala.com/adminpanel/vendor/laravel/framework/src/Illuminate/Foundation/Exceptions/Handler.php(377): Illuminate\Foundation\Exceptions\Handler->renderExceptionResponse(Object(Illuminate\Http\Request), Object(Illuminate\Contracts\Container\BindingResolutionException))
#14 /home/rgusomuk/posbillingwala.com/adminpanel/vendor/laravel/framework/src/Illuminate/Foundation/Bootstrap/HandleExceptions.php(229): Illuminate\Foundation\Exceptions\Handler->render(Object(Illuminate\Http\Request), Object(Illuminate\Contracts\Container\BindingResolutionException))
#15 /home/rgusomuk/posbillingwala.com/adminpanel/vendor/laravel/framework/src/Illuminate/Foundation/Bootstrap/HandleExceptions.php(206): Illuminate\Foundation\Bootstrap\HandleExceptions->renderHttpResponse(Object(Illuminate\Contracts\Container\BindingResolutionException))
#16 /home/rgusomuk/posbillingwala.com/adminpanel/vendor/laravel/framework/src/Illuminate/Foundation/Bootstrap/HandleExceptions.php(266): Illuminate\Foundation\Bootstrap\HandleExceptions->handleException(Object(Illuminate\Contracts\Container\BindingResolutionException))
#17 [internal function]: Illuminate\Foundation\Bootstrap\HandleExceptions->Illuminate\Foundation\Bootstrap\{closure}(Object(Illuminate\Contracts\Container\BindingResolutionException))
#18 {main}
  thrown {"exception":"[object] (Symfony\\Component\\ErrorHandler\\Error\\FatalError(code: 0): Uncaught ReflectionException: Class \"view\" does not exist in /home/rgusomuk/posbillingwala.com/adminpanel/vendor/laravel/framework/src/Illuminate/Container/Container.php:889
Stack trace:
#0 /home/rgusomuk/posbillingwala.com/adminpanel/vendor/laravel/framework/src/Illuminate/Container/Container.php(889): ReflectionClass->__construct('view')
#1 /home/rgusomuk/posbillingwala.com/adminpanel/vendor/laravel/framework/src/Illuminate/Container/Container.php(770): Illuminate\\Container\\Container->build('view')
#2 /home/rgusomuk/posbillingwala.com/adminpanel/vendor/laravel/framework/src/Illuminate/Foundation/Application.php(856): Illuminate\\Container\\Container->resolve('view', Array, true)
#3 /home/rgusomuk/posbillingwala.com/adminpanel/vendor/laravel/framework/src/Illuminate/Container/Container.php(706): Illuminate\\Foundation\\Application->resolve('view', Array)
#4 /home/rgusomuk/posbillingwala.com/adminpanel/vendor/laravel/framework/src/Illuminate/Foundation/Application.php(841): Illuminate\\Container\\Container->make('view', Array)
#5 /home/rgusomuk/posbillingwala.com/adminpanel/vendor/laravel/framework/src/Illuminate/Container/Container.php(1431): Illuminate\\Foundation\\Application->make('view')
#6 /home/rgusomuk/posbillingwala.com/adminpanel/vendor/laravel/framework/src/Illuminate/Support/Facades/Facade.php(222): Illuminate\\Container\\Container->offsetGet('view')
#7 /home/rgusomuk/posbillingwala.com/adminpanel/vendor/laravel/framework/src/Illuminate/Support/Facades/Facade.php(193): Illuminate\\Support\\Facades\\Facade::resolveFacadeInstance('view')
#8 /home/rgusomuk/posbillingwala.com/adminpanel/vendor/laravel/framework/src/Illuminate/Support/Facades/Facade.php(332): Illuminate\\Support\\Facades\\Facade::getFacadeRoot()
#9 /home/rgusomuk/posbillingwala.com/adminpanel/vendor/laravel/framework/src/Illuminate/Foundation/Exceptions/RegisterErrorViewPaths.php(16): Illuminate\\Support\\Facades\\Facade::__callStatic('replaceNamespac...', Array)
#10 /home/rgusomuk/posbillingwala.com/adminpanel/vendor/laravel/framework/src/Illuminate/Foundation/Exceptions/Handler.php(642): Illuminate\\Foundation\\Exceptions\\RegisterErrorViewPaths->__invoke()
#11 /home/rgusomuk/posbillingwala.com/adminpanel/vendor/laravel/framework/src/Illuminate/Foundation/Exceptions/Handler.php(623): Illuminate\\Foundation\\Exceptions\\Handler->registerErrorViewPaths()
#12 /home/rgusomuk/posbillingwala.com/adminpanel/vendor/laravel/framework/src/Illuminate/Foundation/Exceptions/Handler.php(554): Illuminate\\Foundation\\Exceptions\\Handler->renderHttpException(Object(Symfony\\Component\\HttpKernel\\Exception\\HttpException))
#13 /home/rgusomuk/posbillingwala.com/adminpanel/vendor/laravel/framework/src/Illuminate/Foundation/Exceptions/Handler.php(460): Illuminate\\Foundation\\Exceptions\\Handler->prepareResponse(Object(Illuminate\\Http\\Request), Object(Symfony\\Component\\HttpKernel\\Exception\\HttpException))
#14 /home/rgusomuk/posbillingwala.com/adminpanel/vendor/laravel/framework/src/Illuminate/Foundation/Exceptions/Handler.php(377): Illuminate\\Foundation\\Exceptions\\Handler->renderExceptionResponse(Object(Illuminate\\Http\\Request), Object(Illuminate\\Contracts\\Container\\BindingResolutionException))
#15 /home/rgusomuk/posbillingwala.com/adminpanel/vendor/laravel/framework/src/Illuminate/Foundation/Bootstrap/HandleExceptions.php(229): Illuminate\\Foundation\\Exceptions\\Handler->render(Object(Illuminate\\Http\\Request), Object(Illuminate\\Contracts\\Container\\BindingResolutionException))
#16 /home/rgusomuk/posbillingwala.com/adminpanel/vendor/laravel/framework/src/Illuminate/Foundation/Bootstrap/HandleExceptions.php(206): Illuminate\\Foundation\\Bootstrap\\HandleExceptions->renderHttpResponse(Object(Illuminate\\Contracts\\Container\\BindingResolutionException))
#17 /home/rgusomuk/posbillingwala.com/adminpanel/vendor/laravel/framework/src/Illuminate/Foundation/Bootstrap/HandleExceptions.php(266): Illuminate\\Foundation\\Bootstrap\\HandleExceptions->handleException(Object(Illuminate\\Contracts\\Container\\BindingResolutionException))
#18 [internal function]: Illuminate\\Foundation\\Bootstrap\\HandleExceptions->Illuminate\\Foundation\\Bootstrap\\{closure}(Object(Illuminate\\Contracts\\Container\\BindingResolutionException))
#19 {main}

Next Illuminate\\Contracts\\Container\\BindingResolutionException: Target class [view] does not exist. in /home/rgusomuk/posbillingwala.com/adminpanel/vendor/laravel/framework/src/Illuminate/Container/Container.php:891
Stack trace:
#0 /home/rgusomuk/posbillingwala.com/adminpanel/vendor/laravel/framework/src/Illuminate/Container/Container.php(770): Illuminate\\Container\\Container->build('view')
#1 /home/rgusomuk/posbillingwala.com/adminpanel/vendor/laravel/framework/src/Illuminate/Foundation/Application.php(856): Illuminate\\Container\\Container->resolve('view', Array, true)
#2 /home/rgusomuk/posbillingwala.com/adminpanel/vendor/laravel/framework/src/Illuminate/Container/Container.php(706): Illuminate\\Foundation\\Application->resolve('view', Array)
#3 /home/rgusomuk/posbillingwala.com/adminpanel/vendor/laravel/framework/src/Illuminate/Foundation/Application.php(841): Illuminate\\Container\\Container->make('view', Array)
#4 /home/rgusomuk/posbillingwala.com/adminpanel/vendor/laravel/framework/src/Illuminate/Container/Container.php(1431): Illuminate\\Foundation\\Application->make('view')
#5 /home/rgusomuk/posbillingwala.com/adminpanel/vendor/laravel/framework/src/Illuminate/Support/Facades/Facade.php(222): Illuminate\\Container\\Container->offsetGet('view')
#6 /home/rgusomuk/posbillingwala.com/adminpanel/vendor/laravel/framework/src/Illuminate/Support/Facades/Facade.php(193): Illuminate\\Support\\Facades\\Facade::resolveFacadeInstance('view')
#7 /home/rgusomuk/posbillingwala.com/adminpanel/vendor/laravel/framework/src/Illuminate/Support/Facades/Facade.php(332): Illuminate\\Support\\Facades\\Facade::getFacadeRoot()
#8 /home/rgusomuk/posbillingwala.com/adminpanel/vendor/laravel/framework/src/Illuminate/Foundation/Exceptions/RegisterErrorViewPaths.php(16): Illuminate\\Support\\Facades\\Facade::__callStatic('replaceNamespac...', Array)
#9 /home/rgusomuk/posbillingwala.com/adminpanel/vendor/laravel/framework/src/Illuminate/Foundation/Exceptions/Handler.php(642): Illuminate\\Foundation\\Exceptions\\RegisterErrorViewPaths->__invoke()
#10 /home/rgusomuk/posbillingwala.com/adminpanel/vendor/laravel/framework/src/Illuminate/Foundation/Exceptions/Handler.php(623): Illuminate\\Foundation\\Exceptions\\Handler->registerErrorViewPaths()
#11 /home/rgusomuk/posbillingwala.com/adminpanel/vendor/laravel/framework/src/Illuminate/Foundation/Exceptions/Handler.php(554): Illuminate\\Foundation\\Exceptions\\Handler->renderHttpException(Object(Symfony\\Component\\HttpKernel\\Exception\\HttpException))
#12 /home/rgusomuk/posbillingwala.com/adminpanel/vendor/laravel/framework/src/Illuminate/Foundation/Exceptions/Handler.php(460): Illuminate\\Foundation\\Exceptions\\Handler->prepareResponse(Object(Illuminate\\Http\\Request), Object(Symfony\\Component\\HttpKernel\\Exception\\HttpException))
#13 /home/rgusomuk/posbillingwala.com/adminpanel/vendor/laravel/framework/src/Illuminate/Foundation/Exceptions/Handler.php(377): Illuminate\\Foundation\\Exceptions\\Handler->renderExceptionResponse(Object(Illuminate\\Http\\Request), Object(Illuminate\\Contracts\\Container\\BindingResolutionException))
#14 /home/rgusomuk/posbillingwala.com/adminpanel/vendor/laravel/framework/src/Illuminate/Foundation/Bootstrap/HandleExceptions.php(229): Illuminate\\Foundation\\Exceptions\\Handler->render(Object(Illuminate\\Http\\Request), Object(Illuminate\\Contracts\\Container\\BindingResolutionException))
#15 /home/rgusomuk/posbillingwala.com/adminpanel/vendor/laravel/framework/src/Illuminate/Foundation/Bootstrap/HandleExceptions.php(206): Illuminate\\Foundation\\Bootstrap\\HandleExceptions->renderHttpResponse(Object(Illuminate\\Contracts\\Container\\BindingResolutionException))
#16 /home/rgusomuk/posbillingwala.com/adminpanel/vendor/laravel/framework/src/Illuminate/Foundation/Bootstrap/HandleExceptions.php(266): Illuminate\\Foundation\\Bootstrap\\HandleExceptions->handleException(Object(Illuminate\\Contracts\\Container\\BindingResolutionException))
#17 [internal function]: Illuminate\\Foundation\\Bootstrap\\HandleExceptions->Illuminate\\Foundation\\Bootstrap\\{closure}(Object(Illuminate\\Contracts\\Container\\BindingResolutionException))
#18 {main}
  thrown at /home/rgusomuk/posbillingwala.com/adminpanel/vendor/laravel/framework/src/Illuminate/Container/Container.php:891)
[stacktrace]
#0 {main}
"} 
[2026-08-25 03:28:58] local.ERROR: The /home/rgusomuk/posbillingwala.com/adminpanel/bootstrap/cache directory must be present and writable. {"exception":"[object] (Exception(code: 0): The /home/rgusomuk/posbillingwala.com/adminpanel/bootstrap/cache directory must be present and writable. at /home/rgusomuk/posbillingwala.com/adminpanel/vendor/laravel/framework/src/Illuminate/Foundation/PackageManifest.php:178)
[stacktrace]
#0 /home/rgusomuk/posbillingwala.com/adminpanel/vendor/laravel/framework/src/Illuminate/Foundation/PackageManifest.php(131): Illuminate\\Foundation\\PackageManifest->write(Array)
#1 /home/rgusomuk/posbillingwala.com/adminpanel/vendor/laravel/framework/src/Illuminate/Foundation/PackageManifest.php(107): Illuminate\\Foundation\\PackageManifest->build()
#2 /home/rgusomuk/posbillingwala.com/adminpanel/vendor/laravel/framework/src/Illuminate/Foundation/PackageManifest.php(90): Illuminate\\Foundation\\PackageManifest->getManifest()
#3 /home/rgusomuk/posbillingwala.com/adminpanel/vendor/laravel/framework/src/Illuminate/Foundation/PackageManifest.php(79): Illuminate\\Foundation\\PackageManifest->config('aliases')
#4 /home/rgusomuk/posbillingwala.com/adminpanel/vendor/laravel/framework/src/Illuminate/Foundation/Bootstrap/RegisterFacades.php(26): Illuminate\\Foundation\\PackageManifest->aliases()
#5 /home/rgusomuk/posbillingwala.com/adminpanel/vendor/laravel/framework/src/Illuminate/Foundation/Application.php(242): Illuminate\\Foundation\\Bootstrap\\RegisterFacades->bootstrap(Object(Illuminate\\Foundation\\Application))
#6 /home/rgusomuk/posbillingwala.com/adminpanel/vendor/laravel/framework/src/Illuminate/Foundation/Http/Kernel.php(176): Illuminate\\Foundation\\Application->bootstrapWith(Array)
#7 /home/rgusomuk/posbillingwala.com/adminpanel/vendor/laravel/framework/src/Illuminate/Foundation/Http/Kernel.php(160): Illuminate\\Foundation\\Http\\Kernel->bootstrap()
#8 /home/rgusomuk/posbillingwala.com/adminpanel/vendor/laravel/framework/src/Illuminate/Foundation/Http/Kernel.php(134): Illuminate\\Foundation\\Http\\Kernel->sendRequestThroughRouter(Object(Illuminate\\Http\\Request))
#9 /home/rgusomuk/posbillingwala.com/adminpanel/public/index.php(51): Illuminate\\Foundation\\Http\\Kernel->handle(Object(Illuminate\\Http\\Request))
#10 /home/rgusomuk/posbillingwala.com/adminpanel/index.php(21): require_once('/home/rgusomuk/...')
#11 {main}
"} 
[2026-08-25 03:28:58] local.ERROR: Target class [view] does not exist. {"exception":"[object] (Illuminate\\Contracts\\Container\\BindingResolutionException(code: 0): Target class [view] does not exist. at /home/rgusomuk/posbillingwala.com/adminpanel/vendor/laravel/framework/src/Illuminate/Container/Container.php:891)
[stacktrace]
#0 /home/rgusomuk/posbillingwala.com/adminpanel/vendor/laravel/framework/src/Illuminate/Container/Container.php(770): Illuminate\\Container\\Container->build('view')
#1 /home/rgusomuk/posbillingwala.com/adminpanel/vendor/laravel/framework/src/Illuminate/Foundation/Application.php(856): Illuminate\\Container\\Container->resolve('view', Array, true)
#2 /home/rgusomuk/posbillingwala.com/adminpanel/vendor/laravel/framework/src/Illuminate/Container/Container.php(706): Illuminate\\Foundation\\Application->resolve('view', Array)
#3 /home/rgusomuk/posbillingwala.com/adminpanel/vendor/laravel/framework/src/Illuminate/Foundation/Application.php(841): Illuminate\\Container\\Container->make('view', Array)
#4 /home/rgusomuk/posbillingwala.com/adminpanel/vendor/laravel/framework/src/Illuminate/Container/Container.php(1431): Illuminate\\Foundation\\Application->make('view')
#5 /home/rgusomuk/posbillingwala.com/adminpanel/vendor/laravel/framework/src/Illuminate/Support/Facades/Facade.php(222): Illuminate\\Container\\Container->offsetGet('view')
#6 /home/rgusomuk/posbillingwala.com/adminpanel/vendor/laravel/framework/src/Illuminate/Support/Facades/Facade.php(193): Illuminate\\Support\\Facades\\Facade::resolveFacadeInstance('view')
#7 /home/rgusomuk/posbillingwala.com/adminpanel/vendor/laravel/framework/src/Illuminate/Support/Facades/Facade.php(332): Illuminate\\Support\\Facades\\Facade::getFacadeRoot()
#8 /home/rgusomuk/posbillingwala.com/adminpanel/vendor/laravel/framework/src/Illuminate/Foundation/Exceptions/RegisterErrorViewPaths.php(16): Illuminate\\Support\\Facades\\Facade::__callStatic('replaceNamespac...', Array)
#9 /home/rgusomuk/posbillingwala.com/adminpanel/vendor/laravel/framework/src/Illuminate/Foundation/Exceptions/Handler.php(642): Illuminate\\Foundation\\Exceptions\\RegisterErrorViewPaths->__invoke()
#10 /home/rgusomuk/posbillingwala.com/adminpanel/vendor/laravel/framework/src/Illuminate/Foundation/Exceptions/Handler.php(623): Illuminate\\Foundation\\Exceptions\\Handler->registerErrorViewPaths()
#11 /home/rgusomuk/posbillingwala.com/adminpanel/vendor/laravel/framework/src/Illuminate/Foundation/Exceptions/Handler.php(554): Illuminate\\Foundation\\Exceptions\\Handler->renderHttpException(Object(Symfony\\Component\\HttpKernel\\Exception\\HttpException))
#12 /home/rgusomuk/posbillingwala.com/adminpanel/vendor/laravel/framework/src/Illuminate/Foundation/Exceptions/Handler.php(460): Illuminate\\Foundation\\Exceptions\\Handler->prepareResponse(Object(Illuminate\\Http\\Request), Object(Symfony\\Component\\HttpKernel\\Exception\\HttpException))
#13 /home/rgusomuk/posbillingwala.com/adminpanel/vendor/laravel/framework/src/Illuminate/Foundation/Exceptions/Handler.php(377): Illuminate\\Foundation\\Exceptions\\Handler->renderExceptionResponse(Object(Illuminate\\Http\\Request), Object(Exception))
#14 /home/rgusomuk/posbillingwala.com/adminpanel/vendor/laravel/framework/src/Illuminate/Foundation/Http/Kernel.php(493): Illuminate\\Foundation\\Exceptions\\Handler->render(Object(Illuminate\\Http\\Request), Object(Exception))
#15 /home/rgusomuk/posbillingwala.com/adminpanel/vendor/laravel/framework/src/Illuminate/Foundation/Http/Kernel.php(138): Illuminate\\Foundation\\Http\\Kernel->renderException(Object(Illuminate\\Http\\Request), Object(Exception))
#16 /home/rgusomuk/posbillingwala.com/adminpanel/public/index.php(51): Illuminate\\Foundation\\Http\\Kernel->handle(Object(Illuminate\\Http\\Request))
#17 /home/rgusomuk/posbillingwala.com/adminpanel/index.php(21): require_once('/home/rgusomuk/...')
#18 {main}

[previous exception] [object] (ReflectionException(code: -1): Class \"view\" does not exist at /home/rgusomuk/posbillingwala.com/adminpanel/vendor/laravel/framework/src/Illuminate/Container/Container.php:889)
[stacktrace]
#0 /home/rgusomuk/posbillingwala.com/adminpanel/vendor/laravel/framework/src/Illuminate/Container/Container.php(889): ReflectionClass->__construct('view')
#1 /home/rgusomuk/posbillingwala.com/adminpanel/vendor/laravel/framework/src/Illuminate/Container/Container.php(770): Illuminate\\Container\\Container->build('view')
#2 /home/rgusomuk/posbillingwala.com/adminpanel/vendor/laravel/framework/src/Illuminate/Foundation/Application.php(856): Illuminate\\Container\\Container->resolve('view', Array, true)
#3 /home/rgusomuk/posbillingwala.com/adminpanel/vendor/laravel/framework/src/Illuminate/Container/Container.php(706): Illuminate\\Foundation\\Application->resolve('view', Array)
#4 /home/rgusomuk/posbillingwala.com/adminpanel/vendor/laravel/framework/src/Illuminate/Foundation/Application.php(841): Illuminate\\Container\\Container->make('view', Array)
#5 /home/rgusomuk/posbillingwala.com/adminpanel/vendor/laravel/framework/src/Illuminate/Container/Container.php(1431): Illuminate\\Foundation\\Application->make('view')
#6 /home/rgusomuk/posbillingwala.com/adminpanel/vendor/laravel/framework/src/Illuminate/Support/Facades/Facade.php(222): Illuminate\\Container\\Container->offsetGet('view')
#7 /home/rgusomuk/posbillingwala.com/adminpanel/vendor/laravel/framework/src/Illuminate/Support/Facades/Facade.php(193): Illuminate\\Support\\Facades\\Facade::resolveFacadeInstance('view')
#8 /home/rgusomuk/posbillingwala.com/adminpanel/vendor/laravel/framework/src/Illuminate/Support/Facades/Facade.php(332): Illuminate\\Support\\Facades\\Facade::getFacadeRoot()
#9 /home/rgusomuk/posbillingwala.com/adminpanel/vendor/laravel/framework/src/Illuminate/Foundation/Exceptions/RegisterErrorViewPaths.php(16): Illuminate\\Support\\Facades\\Facade::__callStatic('replaceNamespac...', Array)
#10 /home/rgusomuk/posbillingwala.com/adminpanel/vendor/laravel/framework/src/Illuminate/Foundation/Exceptions/Handler.php(642): Illuminate\\Foundation\\Exceptions\\RegisterErrorViewPaths->__invoke()
#11 /home/rgusomuk/posbillingwala.com/adminpanel/vendor/laravel/framework/src/Illuminate/Foundation/Exceptions/Handler.php(623): Illuminate\\Foundation\\Exceptions\\Handler->registerErrorViewPaths()
#12 /home/rgusomuk/posbillingwala.com/adminpanel/vendor/laravel/framework/src/Illuminate/Foundation/Exceptions/Handler.php(554): Illuminate\\Foundation\\Exceptions\\Handler->renderHttpException(Object(Symfony\\Component\\HttpKernel\\Exception\\HttpException))
#13 /home/rgusomuk/posbillingwala.com/adminpanel/vendor/laravel/framework/src/Illuminate/Foundation/Exceptions/Handler.php(460): Illuminate\\Foundation\\Exceptions\\Handler->prepareResponse(Object(Illuminate\\Http\\Request), Object(Symfony\\Component\\HttpKernel\\Exception\\HttpException))
#14 /home/rgusomuk/posbillingwala.com/adminpanel/vendor/laravel/framework/src/Illuminate/Foundation/Exceptions/Handler.php(377): Illuminate\\Foundation\\Exceptions\\Handler->renderExceptionResponse(Object(Illuminate\\Http\\Request), Object(Exception))
#15 /home/rgusomuk/posbillingwala.com/adminpanel/vendor/laravel/framework/src/Illuminate/Foundation/Http/Kernel.php(493): Illuminate\\Foundation\\Exceptions\\Handler->render(Object(Illuminate\\Http\\Request), Object(Exception))
#16 /home/rgusomuk/posbillingwala.com/adminpanel/vendor/laravel/framework/src/Illuminate/Foundation/Http/Kernel.php(138): Illuminate\\Foundation\\Http\\Kernel->renderException(Object(Illuminate\\Http\\Request), Object(Exception))
#17 /home/rgusomuk/posbillingwala.com/adminpanel/public/index.php(51): Illuminate\\Foundation\\Http\\Kernel->handle(Object(Illuminate\\Http\\Request))
#18 /home/rgusomuk/posbillingwala.com/adminpanel/index.php(21): require_once('/home/rgusomuk/...')
#19 {main}
"} 
[2026-08-25 03:28:58] local.ERROR: Uncaught ReflectionException: Class "view" does not exist in /home/rgusomuk/posbillingwala.com/adminpanel/vendor/laravel/framework/src/Illuminate/Container/Container.php:889
Stack trace:
#0 /home/rgusomuk/posbillingwala.com/adminpanel/vendor/laravel/framework/src/Illuminate/Container/Container.php(889): ReflectionClass->__construct('view')
#1 /home/rgusomuk/posbillingwala.com/adminpanel/vendor/laravel/framework/src/Illuminate/Container/Container.php(770): Illuminate\Container\Container->build('view')
#2 /home/rgusomuk/posbillingwala.com/adminpanel/vendor/laravel/framework/src/Illuminate/Foundation/Application.php(856): Illuminate\Container\Container->resolve('view', Array, true)
#3 /home/rgusomuk/posbillingwala.com/adminpanel/vendor/laravel/framework/src/Illuminate/Container/Container.php(706): Illuminate\Foundation\Application->resolve('view', Array)
#4 /home/rgusomuk/posbillingwala.com/adminpanel/vendor/laravel/framework/src/Illuminate/Foundation/Application.php(841): Illuminate\Container\Container->make('view', Array)
#5 /home/rgusomuk/posbillingwala.com/adminpanel/vendor/laravel/framework/src/Illuminate/Container/Container.php(1431): Illuminate\Foundation\Application->make('view')
#6 /home/rgusomuk/posbillingwala.com/adminpanel/vendor/laravel/framework/src/Illuminate/Support/Facades/Facade.php(222): Illuminate\Container\Container->offsetGet('view')
#7 /home/rgusomuk/posbillingwala.com/adminpanel/vendor/laravel/framework/src/Illuminate/Support/Facades/Facade.php(193): Illuminate\Support\Facades\Facade::resolveFacadeInstance('view')
#8 /home/rgusomuk/posbillingwala.com/adminpanel/vendor/laravel/framework/src/Illuminate/Support/Facades/Facade.php(332): Illuminate\Support\Facades\Facade::getFacadeRoot()
#9 /home/rgusomuk/posbillingwala.com/adminpanel/vendor/laravel/framework/src/Illuminate/Foundation/Exceptions/RegisterErrorViewPaths.php(16): Illuminate\Support\Facades\Facade::__callStatic('replaceNamespac...', Array)
#10 /home/rgusomuk/posbillingwala.com/adminpanel/vendor/laravel/framework/src/Illuminate/Foundation/Exceptions/Handler.php(642): Illuminate\Foundation\Exceptions\RegisterErrorViewPaths->__invoke()
#11 /home/rgusomuk/posbillingwala.com/adminpanel/vendor/laravel/framework/src/Illuminate/Foundation/Exceptions/Handler.php(623): Illuminate\Foundation\Exceptions\Handler->registerErrorViewPaths()
#12 /home/rgusomuk/posbillingwala.com/adminpanel/vendor/laravel/framework/src/Illuminate/Foundation/Exceptions/Handler.php(554): Illuminate\Foundation\Exceptions\Handler->renderHttpException(Object(Symfony\Component\HttpKernel\Exception\HttpException))
#13 /home/rgusomuk/posbillingwala.com/adminpanel/vendor/laravel/framework/src/Illuminate/Foundation/Exceptions/Handler.php(460): Illuminate\Foundation\Exceptions\Handler->prepareResponse(Object(Illuminate\Http\Request), Object(Symfony\Component\HttpKernel\Exception\HttpException))
#14 /home/rgusomuk/posbillingwala.com/adminpanel/vendor/laravel/framework/src/Illuminate/Foundation/Exceptions/Handler.php(377): Illuminate\Foundation\Exceptions\Handler->renderExceptionResponse(Object(Illuminate\Http\Request), Object(Illuminate\Contracts\Container\BindingResolutionException))
#15 /home/rgusomuk/posbillingwala.com/adminpanel/vendor/laravel/framework/src/Illuminate/Foundation/Bootstrap/HandleExceptions.php(229): Illuminate\Foundation\Exceptions\Handler->render(Object(Illuminate\Http\Request), Object(Illuminate\Contracts\Container\BindingResolutionException))
#16 /home/rgusomuk/posbillingwala.com/adminpanel/vendor/laravel/framework/src/Illuminate/Foundation/Bootstrap/HandleExceptions.php(206): Illuminate\Foundation\Bootstrap\HandleExceptions->renderHttpResponse(Object(Illuminate\Contracts\Container\BindingResolutionException))
#17 /home/rgusomuk/posbillingwala.com/adminpanel/vendor/laravel/framework/src/Illuminate/Foundation/Bootstrap/HandleExceptions.php(266): Illuminate\Foundation\Bootstrap\HandleExceptions->handleException(Object(Illuminate\Contracts\Container\BindingResolutionException))
#18 [internal function]: Illuminate\Foundation\Bootstrap\HandleExceptions->Illuminate\Foundation\Bootstrap\{closure}(Object(Illuminate\Contracts\Container\BindingResolutionException))
#19 {main}

Next Illuminate\Contracts\Container\BindingResolutionException: Target class [view] does not exist. in /home/rgusomuk/posbillingwala.com/adminpanel/vendor/laravel/framework/src/Illuminate/Container/Container.php:891
Stack trace:
#0 /home/rgusomuk/posbillingwala.com/adminpanel/vendor/laravel/framework/src/Illuminate/Container/Container.php(770): Illuminate\Container\Container->build('view')
#1 /home/rgusomuk/posbillingwala.com/adminpanel/vendor/laravel/framework/src/Illuminate/Foundation/Application.php(856): Illuminate\Container\Container->resolve('view', Array, true)
#2 /home/rgusomuk/posbillingwala.com/adminpanel/vendor/laravel/framework/src/Illuminate/Container/Container.php(706): Illuminate\Foundation\Application->resolve('view', Array)
#3 /home/rgusomuk/posbillingwala.com/adminpanel/vendor/laravel/framework/src/Illuminate/Foundation/Application.php(841): Illuminate\Container\Container->make('view', Array)
#4 /home/rgusomuk/posbillingwala.com/adminpanel/vendor/laravel/framework/src/Illuminate/Container/Container.php(1431): Illuminate\Foundation\Application->make('view')
#5 /home/rgusomuk/posbillingwala.com/adminpanel/vendor/laravel/framework/src/Illuminate/Support/Facades/Facade.php(222): Illuminate\Container\Container->offsetGet('view')
#6 /home/rgusomuk/posbillingwala.com/adminpanel/vendor/laravel/framework/src/Illuminate/Support/Facades/Facade.php(193): Illuminate\Support\Facades\Facade::resolveFacadeInstance('view')
#7 /home/rgusomuk/posbillingwala.com/adminpanel/vendor/laravel/framework/src/Illuminate/Support/Facades/Facade.php(332): Illuminate\Support\Facades\Facade::getFacadeRoot()
#8 /home/rgusomuk/posbillingwala.com/adminpanel/vendor/laravel/framework/src/Illuminate/Foundation/Exceptions/RegisterErrorViewPaths.php(16): Illuminate\Support\Facades\Facade::__callStatic('replaceNamespac...', Array)
#9 /home/rgusomuk/posbillingwala.com/adminpanel/vendor/laravel/framework/src/Illuminate/Foundation/Exceptions/Handler.php(642): Illuminate\Foundation\Exceptions\RegisterErrorViewPaths->__invoke()
#10 /home/rgusomuk/posbillingwala.com/adminpanel/vendor/laravel/framework/src/Illuminate/Foundation/Exceptions/Handler.php(623): Illuminate\Foundation\Exceptions\Handler->registerErrorViewPaths()
#11 /home/rgusomuk/posbillingwala.com/adminpanel/vendor/laravel/framework/src/Illuminate/Foundation/Exceptions/Handler.php(554): Illuminate\Foundation\Exceptions\Handler->renderHttpException(Object(Symfony\Component\HttpKernel\Exception\HttpException))
#12 /home/rgusomuk/posbillingwala.com/adminpanel/vendor/laravel/framework/src/Illuminate/Foundation/Exceptions/Handler.php(460): Illuminate\Foundation\Exceptions\Handler->prepareResponse(Object(Illuminate\Http\Request), Object(Symfony\Component\HttpKernel\Exception\HttpException))
#13 /home/rgusomuk/posbillingwala.com/adminpanel/vendor/laravel/framework/src/Illuminate/Foundation/Exceptions/Handler.php(377): Illuminate\Foundation\Exceptions\Handler->renderExceptionResponse(Object(Illuminate\Http\Request), Object(Illuminate\Contracts\Container\BindingResolutionException))
#14 /home/rgusomuk/posbillingwala.com/adminpanel/vendor/laravel/framework/src/Illuminate/Foundation/Bootstrap/HandleExceptions.php(229): Illuminate\Foundation\Exceptions\Handler->render(Object(Illuminate\Http\Request), Object(Illuminate\Contracts\Container\BindingResolutionException))
#15 /home/rgusomuk/posbillingwala.com/adminpanel/vendor/laravel/framework/src/Illuminate/Foundation/Bootstrap/HandleExceptions.php(206): Illuminate\Foundation\Bootstrap\HandleExceptions->renderHttpResponse(Object(Illuminate\Contracts\Container\BindingResolutionException))
#16 /home/rgusomuk/posbillingwala.com/adminpanel/vendor/laravel/framework/src/Illuminate/Foundation/Bootstrap/HandleExceptions.php(266): Illuminate\Foundation\Bootstrap\HandleExceptions->handleException(Object(Illuminate\Contracts\Container\BindingResolutionException))
#17 [internal function]: Illuminate\Foundation\Bootstrap\HandleExceptions->Illuminate\Foundation\Bootstrap\{closure}(Object(Illuminate\Contracts\Container\BindingResolutionException))
#18 {main}
  thrown {"exception":"[object] (Symfony\\Component\\ErrorHandler\\Error\\FatalError(code: 0): Uncaught ReflectionException: Class \"view\" does not exist in /home/rgusomuk/posbillingwala.com/adminpanel/vendor/laravel/framework/src/Illuminate/Container/Container.php:889
Stack trace:
#0 /home/rgusomuk/posbillingwala.com/adminpanel/vendor/laravel/framework/src/Illuminate/Container/Container.php(889): ReflectionClass->__construct('view')
#1 /home/rgusomuk/posbillingwala.com/adminpanel/vendor/laravel/framework/src/Illuminate/Container/Container.php(770): Illuminate\\Container\\Container->build('view')
#2 /home/rgusomuk/posbillingwala.com/adminpanel/vendor/laravel/framework/src/Illuminate/Foundation/Application.php(856): Illuminate\\Container\\Container->resolve('view', Array, true)
#3 /home/rgusomuk/posbillingwala.com/adminpanel/vendor/laravel/framework/src/Illuminate/Container/Container.php(706): Illuminate\\Foundation\\Application->resolve('view', Array)
#4 /home/rgusomuk/posbillingwala.com/adminpanel/vendor/laravel/framework/src/Illuminate/Foundation/Application.php(841): Illuminate\\Container\\Container->make('view', Array)
#5 /home/rgusomuk/posbillingwala.com/adminpanel/vendor/laravel/framework/src/Illuminate/Container/Container.php(1431): Illuminate\\Foundation\\Application->make('view')
#6 /home/rgusomuk/posbillingwala.com/adminpanel/vendor/laravel/framework/src/Illuminate/Support/Facades/Facade.php(222): Illuminate\\Container\\Container->offsetGet('view')
#7 /home/rgusomuk/posbillingwala.com/adminpanel/vendor/laravel/framework/src/Illuminate/Support/Facades/Facade.php(193): Illuminate\\Support\\Facades\\Facade::resolveFacadeInstance('view')
#8 /home/rgusomuk/posbillingwala.com/adminpanel/vendor/laravel/framework/src/Illuminate/Support/Facades/Facade.php(332): Illuminate\\Support\\Facades\\Facade::getFacadeRoot()
#9 /home/rgusomuk/posbillingwala.com/adminpanel/vendor/laravel/framework/src/Illuminate/Foundation/Exceptions/RegisterErrorViewPaths.php(16): Illuminate\\Support\\Facades\\Facade::__callStatic('replaceNamespac...', Array)
#10 /home/rgusomuk/posbillingwala.com/adminpanel/vendor/laravel/framework/src/Illuminate/Foundation/Exceptions/Handler.php(642): Illuminate\\Foundation\\Exceptions\\RegisterErrorViewPaths->__invoke()
#11 /home/rgusomuk/posbillingwala.com/adminpanel/vendor/laravel/framework/src/Illuminate/Foundation/Exceptions/Handler.php(623): Illuminate\\Foundation\\Exceptions\\Handler->registerErrorViewPaths()
#12 /home/rgusomuk/posbillingwala.com/adminpanel/vendor/laravel/framework/src/Illuminate/Foundation/Exceptions/Handler.php(554): Illuminate\\Foundation\\Exceptions\\Handler->renderHttpException(Object(Symfony\\Component\\HttpKernel\\Exception\\HttpException))
#13 /home/rgusomuk/posbillingwala.com/adminpanel/vendor/laravel/framework/src/Illuminate/Foundation/Exceptions/Handler.php(460): Illuminate\\Foundation\\Exceptions\\Handler->prepareResponse(Object(Illuminate\\Http\\Request), Object(Symfony\\Component\\HttpKernel\\Exception\\HttpException))
#14 /home/rgusomuk/posbillingwala.com/adminpanel/vendor/laravel/framework/src/Illuminate/Foundation/Exceptions/Handler.php(377): Illuminate\\Foundation\\Exceptions\\Handler->renderExceptionResponse(Object(Illuminate\\Http\\Request), Object(Illuminate\\Contracts\\Container\\BindingResolutionException))
#15 /home/rgusomuk/posbillingwala.com/adminpanel/vendor/laravel/framework/src/Illuminate/Foundation/Bootstrap/HandleExceptions.php(229): Illuminate\\Foundation\\Exceptions\\Handler->render(Object(Illuminate\\Http\\Request), Object(Illuminate\\Contracts\\Container\\BindingResolutionException))
#16 /home/rgusomuk/posbillingwala.com/adminpanel/vendor/laravel/framework/src/Illuminate/Foundation/Bootstrap/HandleExceptions.php(206): Illuminate\\Foundation\\Bootstrap\\HandleExceptions->renderHttpResponse(Object(Illuminate\\Contracts\\Container\\BindingResolutionException))
#17 /home/rgusomuk/posbillingwala.com/adminpanel/vendor/laravel/framework/src/Illuminate/Foundation/Bootstrap/HandleExceptions.php(266): Illuminate\\Foundation\\Bootstrap\\HandleExceptions->handleException(Object(Illuminate\\Contracts\\Container\\BindingResolutionException))
#18 [internal function]: Illuminate\\Foundation\\Bootstrap\\HandleExceptions->Illuminate\\Foundation\\Bootstrap\\{closure}(Object(Illuminate\\Contracts\\Container\\BindingResolutionException))
#19 {main}

Next Illuminate\\Contracts\\Container\\BindingResolutionException: Target class [view] does not exist. in /home/rgusomuk/posbillingwala.com/adminpanel/vendor/laravel/framework/src/Illuminate/Container/Container.php:891
Stack trace:
#0 /home/rgusomuk/posbillingwala.com/adminpanel/vendor/laravel/framework/src/Illuminate/Container/Container.php(770): Illuminate\\Container\\Container->build('view')
#1 /home/rgusomuk/posbillingwala.com/adminpanel/vendor/laravel/framework/src/Illuminate/Foundation/Application.php(856): Illuminate\\Container\\Container->resolve('view', Array, true)
#2 /home/rgusomuk/posbillingwala.com/adminpanel/vendor/laravel/framework/src/Illuminate/Container/Container.php(706): Illuminate\\Foundation\\Application->resolve('view', Array)
#3 /home/rgusomuk/posbillingwala.com/adminpanel/vendor/laravel/framework/src/Illuminate/Foundation/Application.php(841): Illuminate\\Container\\Container->make('view', Array)
#4 /home/rgusomuk/posbillingwala.com/adminpanel/vendor/laravel/framework/src/Illuminate/Container/Container.php(1431): Illuminate\\Foundation\\Application->make('view')
#5 /home/rgusomuk/posbillingwala.com/adminpanel/vendor/laravel/framework/src/Illuminate/Support/Facades/Facade.php(222): Illuminate\\Container\\Container->offsetGet('view')
#6 /home/rgusomuk/posbillingwala.com/adminpanel/vendor/laravel/framework/src/Illuminate/Support/Facades/Facade.php(193): Illuminate\\Support\\Facades\\Facade::resolveFacadeInstance('view')
#7 /home/rgusomuk/posbillingwala.com/adminpanel/vendor/laravel/framework/src/Illuminate/Support/Facades/Facade.php(332): Illuminate\\Support\\Facades\\Facade::getFacadeRoot()
#8 /home/rgusomuk/posbillingwala.com/adminpanel/vendor/laravel/framework/src/Illuminate/Foundation/Exceptions/RegisterErrorViewPaths.php(16): Illuminate\\Support\\Facades\\Facade::__callStatic('replaceNamespac...', Array)
#9 /home/rgusomuk/posbillingwala.com/adminpanel/vendor/laravel/framework/src/Illuminate/Foundation/Exceptions/Handler.php(642): Illuminate\\Foundation\\Exceptions\\RegisterErrorViewPaths->__invoke()
#10 /home/rgusomuk/posbillingwala.com/adminpanel/vendor/laravel/framework/src/Illuminate/Foundation/Exceptions/Handler.php(623): Illuminate\\Foundation\\Exceptions\\Handler->registerErrorViewPaths()
#11 /home/rgusomuk/posbillingwala.com/adminpanel/vendor/laravel/framework/src/Illuminate/Foundation/Exceptions/Handler.php(554): Illuminate\\Foundation\\Exceptions\\Handler->renderHttpException(Object(Symfony\\Component\\HttpKernel\\Exception\\HttpException))
#12 /home/rgusomuk/posbillingwala.com/adminpanel/vendor/laravel/framework/src/Illuminate/Foundation/Exceptions/Handler.php(460): Illuminate\\Foundation\\Exceptions\\Handler->prepareResponse(Object(Illuminate\\Http\\Request), Object(Symfony\\Component\\HttpKernel\\Exception\\HttpException))
#13 /home/rgusomuk/posbillingwala.com/adminpanel/vendor/laravel/framework/src/Illuminate/Foundation/Exceptions/Handler.php(377): Illuminate\\Foundation\\Exceptions\\Handler->renderExceptionResponse(Object(Illuminate\\Http\\Request), Object(Illuminate\\Contracts\\Container\\BindingResolutionException))
#14 /home/rgusomuk/posbillingwala.com/adminpanel/vendor/laravel/framework/src/Illuminate/Foundation/Bootstrap/HandleExceptions.php(229): Illuminate\\Foundation\\Exceptions\\Handler->render(Object(Illuminate\\Http\\Request), Object(Illuminate\\Contracts\\Container\\BindingResolutionException))
#15 /home/rgusomuk/posbillingwala.com/adminpanel/vendor/laravel/framework/src/Illuminate/Foundation/Bootstrap/HandleExceptions.php(206): Illuminate\\Foundation\\Bootstrap\\HandleExceptions->renderHttpResponse(Object(Illuminate\\Contracts\\Container\\BindingResolutionException))
#16 /home/rgusomuk/posbillingwala.com/adminpanel/vendor/laravel/framework/src/Illuminate/Foundation/Bootstrap/HandleExceptions.php(266): Illuminate\\Foundation\\Bootstrap\\HandleExceptions->handleException(Object(Illuminate\\Contracts\\Container\\BindingResolutionException))
#17 [internal function]: Illuminate\\Foundation\\Bootstrap\\HandleExceptions->Illuminate\\Foundation\\Bootstrap\\{closure}(Object(Illuminate\\Contracts\\Container\\BindingResolutionException))
#18 {main}
  thrown at /home/rgusomuk/posbillingwala.com/adminpanel/vendor/laravel/framework/src/Illuminate/Container/Container.php:891)
[stacktrace]
#0 {main}
"} 
[2026-08-25 03:29:02] local.ERROR: The /home/rgusomuk/posbillingwala.com/adminpanel/bootstrap/cache directory must be present and writable. {"exception":"[object] (Exception(code: 0): The /home/rgusomuk/posbillingwala.com/adminpanel/bootstrap/cache directory must be present and writable. at /home/rgusomuk/posbillingwala.com/adminpanel/vendor/laravel/framework/src/Illuminate/Foundation/PackageManifest.php:178)
[stacktrace]
#0 /home/rgusomuk/posbillingwala.com/adminpanel/vendor/laravel/framework/src/Illuminate/Foundation/PackageManifest.php(131): Illuminate\\Foundation\\PackageManifest->write(Array)
#1 /home/rgusomuk/posbillingwala.com/adminpanel/vendor/laravel/framework/src/Illuminate/Foundation/PackageManifest.php(107): Illuminate\\Foundation\\PackageManifest->build()
#2 /home/rgusomuk/posbillingwala.com/adminpanel/vendor/laravel/framework/src/Illuminate/Foundation/PackageManifest.php(90): Illuminate\\Foundation\\PackageManifest->getManifest()
#3 /home/rgusomuk/posbillingwala.com/adminpanel/vendor/laravel/framework/src/Illuminate/Foundation/PackageManifest.php(79): Illuminate\\Foundation\\PackageManifest->config('aliases')
#4 /home/rgusomuk/posbillingwala.com/adminpanel/vendor/laravel/framework/src/Illuminate/Foundation/Bootstrap/RegisterFacades.php(26): Illuminate\\Foundation\\PackageManifest->aliases()
#5 /home/rgusomuk/posbillingwala.com/adminpanel/vendor/laravel/framework/src/Illuminate/Foundation/Application.php(242): Illuminate\\Foundation\\Bootstrap\\RegisterFacades->bootstrap(Object(Illuminate\\Foundation\\Application))
#6 /home/rgusomuk/posbillingwala.com/adminpanel/vendor/laravel/framework/src/Illuminate/Foundation/Http/Kernel.php(176): Illuminate\\Foundation\\Application->bootstrapWith(Array)
#7 /home/rgusomuk/posbillingwala.com/adminpanel/vendor/laravel/framework/src/Illuminate/Foundation/Http/Kernel.php(160): Illuminate\\Foundation\\Http\\Kernel->bootstrap()
#8 /home/rgusomuk/posbillingwala.com/adminpanel/vendor/laravel/framework/src/Illuminate/Foundation/Http/Kernel.php(134): Illuminate\\Foundation\\Http\\Kernel->sendRequestThroughRouter(Object(Illuminate\\Http\\Request))
#9 /home/rgusomuk/posbillingwala.com/adminpanel/public/index.php(51): Illuminate\\Foundation\\Http\\Kernel->handle(Object(Illuminate\\Http\\Request))
#10 /home/rgusomuk/posbillingwala.com/adminpanel/index.php(21): require_once('/home/rgusomuk/...')
#11 {main}
"} 
[2026-08-25 03:29:02] local.ERROR: Target class [view] does not exist. {"exception":"[object] (Illuminate\\Contracts\\Container\\BindingResolutionException(code: 0): Target class [view] does not exist. at /home/rgusomuk/posbillingwala.com/adminpanel/vendor/laravel/framework/src/Illuminate/Container/Container.php:891)
[stacktrace]
#0 /home/rgusomuk/posbillingwala.com/adminpanel/vendor/laravel/framework/src/Illuminate/Container/Container.php(770): Illuminate\\Container\\Container->build('view')
#1 /home/rgusomuk/posbillingwala.com/adminpanel/vendor/laravel/framework/src/Illuminate/Foundation/Application.php(856): Illuminate\\Container\\Container->resolve('view', Array, true)
#2 /home/rgusomuk/posbillingwala.com/adminpanel/vendor/laravel/framework/src/Illuminate/Container/Container.php(706): Illuminate\\Foundation\\Application->resolve('view', Array)
#3 /home/rgusomuk/posbillingwala.com/adminpanel/vendor/laravel/framework/src/Illuminate/Foundation/Application.php(841): Illuminate\\Container\\Container->make('view', Array)
#4 /home/rgusomuk/posbillingwala.com/adminpanel/vendor/laravel/framework/src/Illuminate/Container/Container.php(1431): Illuminate\\Foundation\\Application->make('view')
#5 /home/rgusomuk/posbillingwala.com/adminpanel/vendor/laravel/framework/src/Illuminate/Support/Facades/Facade.php(222): Illuminate\\Container\\Container->offsetGet('view')
#6 /home/rgusomuk/posbillingwala.com/adminpanel/vendor/laravel/framework/src/Illuminate/Support/Facades/Facade.php(193): Illuminate\\Support\\Facades\\Facade::resolveFacadeInstance('view')
#7 /home/rgusomuk/posbillingwala.com/adminpanel/vendor/laravel/framework/src/Illuminate/Support/Facades/Facade.php(332): Illuminate\\Support\\Facades\\Facade::getFacadeRoot()
#8 /home/rgusomuk/posbillingwala.com/adminpanel/vendor/laravel/framework/src/Illuminate/Foundation/Exceptions/RegisterErrorViewPaths.php(16): Illuminate\\Support\\Facades\\Facade::__callStatic('replaceNamespac...', Array)
#9 /home/rgusomuk/posbillingwala.com/adminpanel/vendor/laravel/framework/src/Illuminate/Foundation/Exceptions/Handler.php(642): Illuminate\\Foundation\\Exceptions\\RegisterErrorViewPaths->__invoke()
#10 /home/rgusomuk/posbillingwala.com/adminpanel/vendor/laravel/framework/src/Illuminate/Foundation/Exceptions/Handler.php(623): Illuminate\\Foundation\\Exceptions\\Handler->registerErrorViewPaths()
#11 /home/rgusomuk/posbillingwala.com/adminpanel/vendor/laravel/framework/src/Illuminate/Foundation/Exceptions/Handler.php(554): Illuminate\\Foundation\\Exceptions\\Handler->renderHttpException(Object(Symfony\\Component\\HttpKernel\\Exception\\HttpException))
#12 /home/rgusomuk/posbillingwala.com/adminpanel/vendor/laravel/framework/src/Illuminate/Foundation/Exceptions/Handler.php(460): Illuminate\\Foundation\\Exceptions\\Handler->prepareResponse(Object(Illuminate\\Http\\Request), Object(Symfony\\Component\\HttpKernel\\Exception\\HttpException))
#13 /home/rgusomuk/posbillingwala.com/adminpanel/vendor/laravel/framework/src/Illuminate/Foundation/Exceptions/Handler.php(377): Illuminate\\Foundation\\Exceptions\\Handler->renderExceptionResponse(Object(Illuminate\\Http\\Request), Object(Exception))
#14 /home/rgusomuk/posbillingwala.com/adminpanel/vendor/laravel/framework/src/Illuminate/Foundation/Http/Kernel.php(493): Illuminate\\Foundation\\Exceptions\\Handler->render(Object(Illuminate\\Http\\Request), Object(Exception))
#15 /home/rgusomuk/posbillingwala.com/adminpanel/vendor/laravel/framework/src/Illuminate/Foundation/Http/Kernel.php(138): Illuminate\\Foundation\\Http\\Kernel->renderException(Object(Illuminate\\Http\\Request), Object(Exception))
#16 /home/rgusomuk/posbillingwala.com/adminpanel/public/index.php(51): Illuminate\\Foundation\\Http\\Kernel->handle(Object(Illuminate\\Http\\Request))
#17 /home/rgusomuk/posbillingwala.com/adminpanel/index.php(21): require_once('/home/rgusomuk/...')
#18 {main}

[previous exception] [object] (ReflectionException(code: -1): Class \"view\" does not exist at /home/rgusomuk/posbillingwala.com/adminpanel/vendor/laravel/framework/src/Illuminate/Container/Container.php:889)
[stacktrace]
#0 /home/rgusomuk/posbillingwala.com/adminpanel/vendor/laravel/framework/src/Illuminate/Container/Container.php(889): ReflectionClass->__construct('view')
#1 /home/rgusomuk/posbillingwala.com/adminpanel/vendor/laravel/framework/src/Illuminate/Container/Container.php(770): Illuminate\\Container\\Container->build('view')
#2 /home/rgusomuk/posbillingwala.com/adminpanel/vendor/laravel/framework/src/Illuminate/Foundation/Application.php(856): Illuminate\\Container\\Container->resolve('view', Array, true)
#3 /home/rgusomuk/posbillingwala.com/adminpanel/vendor/laravel/framework/src/Illuminate/Container/Container.php(706): Illuminate\\Foundation\\Application->resolve('view', Array)
#4 /home/rgusomuk/posbillingwala.com/adminpanel/vendor/laravel/framework/src/Illuminate/Foundation/Application.php(841): Illuminate\\Container\\Container->make('view', Array)
#5 /home/rgusomuk/posbillingwala.com/adminpanel/vendor/laravel/framework/src/Illuminate/Container/Container.php(1431): Illuminate\\Foundation\\Application->make('view')
#6 /home/rgusomuk/posbillingwala.com/adminpanel/vendor/laravel/framework/src/Illuminate/Support/Facades/Facade.php(222): Illuminate\\Container\\Container->offsetGet('view')
#7 /home/rgusomuk/posbillingwala.com/adminpanel/vendor/laravel/framework/src/Illuminate/Support/Facades/Facade.php(193): Illuminate\\Support\\Facades\\Facade::resolveFacadeInstance('view')
#8 /home/rgusomuk/posbillingwala.com/adminpanel/vendor/laravel/framework/src/Illuminate/Support/Facades/Facade.php(332): Illuminate\\Support\\Facades\\Facade::getFacadeRoot()
#9 /home/rgusomuk/posbillingwala.com/adminpanel/vendor/laravel/framework/src/Illuminate/Foundation/Exceptions/RegisterErrorViewPaths.php(16): Illuminate\\Support\\Facades\\Facade::__callStatic('replaceNamespac...', Array)
#10 /home/rgusomuk/posbillingwala.com/adminpanel/vendor/laravel/framework/src/Illuminate/Foundation/Exceptions/Handler.php(642): Illuminate\\Foundation\\Exceptions\\RegisterErrorViewPaths->__invoke()
#11 /home/rgusomuk/posbillingwala.com/adminpanel/vendor/laravel/framework/src/Illuminate/Foundation/Exceptions/Handler.php(623): Illuminate\\Foundation\\Exceptions\\Handler->registerErrorViewPaths()
#12 /home/rgusomuk/posbillingwala.com/adminpanel/vendor/laravel/framework/src/Illuminate/Foundation/Exceptions/Handler.php(554): Illuminate\\Foundation\\Exceptions\\Handler->renderHttpException(Object(Symfony\\Component\\HttpKernel\\Exception\\HttpException))
#13 /home/rgusomuk/posbillingwala.com/adminpanel/vendor/laravel/framework/src/Illuminate/Foundation/Exceptions/Handler.php(460): Illuminate\\Foundation\\Exceptions\\Handler->prepareResponse(Object(Illuminate\\Http\\Request), Object(Symfony\\Component\\HttpKernel\\Exception\\HttpException))
#14 /home/rgusomuk/posbillingwala.com/adminpanel/vendor/laravel/framework/src/Illuminate/Foundation/Exceptions/Handler.php(377): Illuminate\\Foundation\\Exceptions\\Handler->renderExceptionResponse(Object(Illuminate\\Http\\Request), Object(Exception))
#15 /home/rgusomuk/posbillingwala.com/adminpanel/vendor/laravel/framework/src/Illuminate/Foundation/Http/Kernel.php(493): Illuminate\\Foundation\\Exceptions\\Handler->render(Object(Illuminate\\Http\\Request), Object(Exception))
#16 /home/rgusomuk/posbillingwala.com/adminpanel/vendor/laravel/framework/src/Illuminate/Foundation/Http/Kernel.php(138): Illuminate\\Foundation\\Http\\Kernel->renderException(Object(Illuminate\\Http\\Request), Object(Exception))
#17 /home/rgusomuk/posbillingwala.com/adminpanel/public/index.php(51): Illuminate\\Foundation\\Http\\Kernel->handle(Object(Illuminate\\Http\\Request))
#18 /home/rgusomuk/posbillingwala.com/adminpanel/index.php(21): require_once('/home/rgusomuk/...')
#19 {main}
"} 
[2026-08-25 03:29:02] local.ERROR: Uncaught ReflectionException: Class "view" does not exist in /home/rgusomuk/posbillingwala.com/adminpanel/vendor/laravel/framework/src/Illuminate/Container/Container.php:889
Stack trace:
#0 /home/rgusomuk/posbillingwala.com/adminpanel/vendor/laravel/framework/src/Illuminate/Container/Container.php(889): ReflectionClass->__construct('view')
#1 /home/rgusomuk/posbillingwala.com/adminpanel/vendor/laravel/framework/src/Illuminate/Container/Container.php(770): Illuminate\Container\Container->build('view')
#2 /home/rgusomuk/posbillingwala.com/adminpanel/vendor/laravel/framework/src/Illuminate/Foundation/Application.php(856): Illuminate\Container\Container->resolve('view', Array, true)
#3 /home/rgusomuk/posbillingwala.com/adminpanel/vendor/laravel/framework/src/Illuminate/Container/Container.php(706): Illuminate\Foundation\Application->resolve('view', Array)
#4 /home/rgusomuk/posbillingwala.com/adminpanel/vendor/laravel/framework/src/Illuminate/Foundation/Application.php(841): Illuminate\Container\Container->make('view', Array)
#5 /home/rgusomuk/posbillingwala.com/adminpanel/vendor/laravel/framework/src/Illuminate/Container/Container.php(1431): Illuminate\Foundation\Application->make('view')
#6 /home/rgusomuk/posbillingwala.com/adminpanel/vendor/laravel/framework/src/Illuminate/Support/Facades/Facade.php(222): Illuminate\Container\Container->offsetGet('view')
#7 /home/rgusomuk/posbillingwala.com/adminpanel/vendor/laravel/framework/src/Illuminate/Support/Facades/Facade.php(193): Illuminate\Support\Facades\Facade::resolveFacadeInstance('view')
#8 /home/rgusomuk/posbillingwala.com/adminpanel/vendor/laravel/framework/src/Illuminate/Support/Facades/Facade.php(332): Illuminate\Support\Facades\Facade::getFacadeRoot()
#9 /home/rgusomuk/posbillingwala.com/adminpanel/vendor/laravel/framework/src/Illuminate/Foundation/Exceptions/RegisterErrorViewPaths.php(16): Illuminate\Support\Facades\Facade::__callStatic('replaceNamespac...', Array)
#10 /home/rgusomuk/posbillingwala.com/adminpanel/vendor/laravel/framework/src/Illuminate/Foundation/Exceptions/Handler.php(642): Illuminate\Foundation\Exceptions\RegisterErrorViewPaths->__invoke()
#11 /home/rgusomuk/posbillingwala.com/adminpanel/vendor/laravel/framework/src/Illuminate/Foundation/Exceptions/Handler.php(623): Illuminate\Foundation\Exceptions\Handler->registerErrorViewPaths()
#12 /home/rgusomuk/posbillingwala.com/adminpanel/vendor/laravel/framework/src/Illuminate/Foundation/Exceptions/Handler.php(554): Illuminate\Foundation\Exceptions\Handler->renderHttpException(Object(Symfony\Component\HttpKernel\Exception\HttpException))
#13 /home/rgusomuk/posbillingwala.com/adminpanel/vendor/laravel/framework/src/Illuminate/Foundation/Exceptions/Handler.php(460): Illuminate\Foundation\Exceptions\Handler->prepareResponse(Object(Illuminate\Http\Request), Object(Symfony\Component\HttpKernel\Exception\HttpException))
#14 /home/rgusomuk/posbillingwala.com/adminpanel/vendor/laravel/framework/src/Illuminate/Foundation/Exceptions/Handler.php(377): Illuminate\Foundation\Exceptions\Handler->renderExceptionResponse(Object(Illuminate\Http\Request), Object(Illuminate\Contracts\Container\BindingResolutionException))
#15 /home/rgusomuk/posbillingwala.com/adminpanel/vendor/laravel/framework/src/Illuminate/Foundation/Bootstrap/HandleExceptions.php(229): Illuminate\Foundation\Exceptions\Handler->render(Object(Illuminate\Http\Request), Object(Illuminate\Contracts\Container\BindingResolutionException))
#16 /home/rgusomuk/posbillingwala.com/adminpanel/vendor/laravel/framework/src/Illuminate/Foundation/Bootstrap/HandleExceptions.php(206): Illuminate\Foundation\Bootstrap\HandleExceptions->renderHttpResponse(Object(Illuminate\Contracts\Container\BindingResolutionException))
#17 /home/rgusomuk/posbillingwala.com/adminpanel/vendor/laravel/framework/src/Illuminate/Foundation/Bootstrap/HandleExceptions.php(266): Illuminate\Foundation\Bootstrap\HandleExceptions->handleException(Object(Illuminate\Contracts\Container\BindingResolutionException))
#18 [internal function]: Illuminate\Foundation\Bootstrap\HandleExceptions->Illuminate\Foundation\Bootstrap\{closure}(Object(Illuminate\Contracts\Container\BindingResolutionException))
#19 {main}

Next Illuminate\Contracts\Container\BindingResolutionException: Target class [view] does not exist. in /home/rgusomuk/posbillingwala.com/adminpanel/vendor/laravel/framework/src/Illuminate/Container/Container.php:891
Stack trace:
#0 /home/rgusomuk/posbillingwala.com/adminpanel/vendor/laravel/framework/src/Illuminate/Container/Container.php(770): Illuminate\Container\Container->build('view')
#1 /home/rgusomuk/posbillingwala.com/adminpanel/vendor/laravel/framework/src/Illuminate/Foundation/Application.php(856): Illuminate\Container\Container->resolve('view', Array, true)
#2 /home/rgusomuk/posbillingwala.com/adminpanel/vendor/laravel/framework/src/Illuminate/Container/Container.php(706): Illuminate\Foundation\Application->resolve('view', Array)
#3 /home/rgusomuk/posbillingwala.com/adminpanel/vendor/laravel/framework/src/Illuminate/Foundation/Application.php(841): Illuminate\Container\Container->make('view', Array)
#4 /home/rgusomuk/posbillingwala.com/adminpanel/vendor/laravel/framework/src/Illuminate/Container/Container.php(1431): Illuminate\Foundation\Application->make('view')
#5 /home/rgusomuk/posbillingwala.com/adminpanel/vendor/laravel/framework/src/Illuminate/Support/Facades/Facade.php(222): Illuminate\Container\Container->offsetGet('view')
#6 /home/rgusomuk/posbillingwala.com/adminpanel/vendor/laravel/framework/src/Illuminate/Support/Facades/Facade.php(193): Illuminate\Support\Facades\Facade::resolveFacadeInstance('view')
#7 /home/rgusomuk/posbillingwala.com/adminpanel/vendor/laravel/framework/src/Illuminate/Support/Facades/Facade.php(332): Illuminate\Support\Facades\Facade::getFacadeRoot()
#8 /home/rgusomuk/posbillingwala.com/adminpanel/vendor/laravel/framework/src/Illuminate/Foundation/Exceptions/RegisterErrorViewPaths.php(16): Illuminate\Support\Facades\Facade::__callStatic('replaceNamespac...', Array)
#9 /home/rgusomuk/posbillingwala.com/adminpanel/vendor/laravel/framework/src/Illuminate/Foundation/Exceptions/Handler.php(642): Illuminate\Foundation\Exceptions\RegisterErrorViewPaths->__invoke()
#10 /home/rgusomuk/posbillingwala.com/adminpanel/vendor/laravel/framework/src/Illuminate/Foundation/Exceptions/Handler.php(623): Illuminate\Foundation\Exceptions\Handler->registerErrorViewPaths()
#11 /home/rgusomuk/posbillingwala.com/adminpanel/vendor/laravel/framework/src/Illuminate/Foundation/Exceptions/Handler.php(554): Illuminate\Foundation\Exceptions\Handler->renderHttpException(Object(Symfony\Component\HttpKernel\Exception\HttpException))
#12 /home/rgusomuk/posbillingwala.com/adminpanel/vendor/laravel/framework/src/Illuminate/Foundation/Exceptions/Handler.php(460): Illuminate\Foundation\Exceptions\Handler->prepareResponse(Object(Illuminate\Http\Request), Object(Symfony\Component\HttpKernel\Exception\HttpException))
#13 /home/rgusomuk/posbillingwala.com/adminpanel/vendor/laravel/framework/src/Illuminate/Foundation/Exceptions/Handler.php(377): Illuminate\Foundation\Exceptions\Handler->renderExceptionResponse(Object(Illuminate\Http\Request), Object(Illuminate\Contracts\Container\BindingResolutionException))
#14 /home/rgusomuk/posbillingwala.com/adminpanel/vendor/laravel/framework/src/Illuminate/Foundation/Bootstrap/HandleExceptions.php(229): Illuminate\Foundation\Exceptions\Handler->render(Object(Illuminate\Http\Request), Object(Illuminate\Contracts\Container\BindingResolutionException))
#15 /home/rgusomuk/posbillingwala.com/adminpanel/vendor/laravel/framework/src/Illuminate/Foundation/Bootstrap/HandleExceptions.php(206): Illuminate\Foundation\Bootstrap\HandleExceptions->renderHttpResponse(Object(Illuminate\Contracts\Container\BindingResolutionException))
#16 /home/rgusomuk/posbillingwala.com/adminpanel/vendor/laravel/framework/src/Illuminate/Foundation/Bootstrap/HandleExceptions.php(266): Illuminate\Foundation\Bootstrap\HandleExceptions->handleException(Object(Illuminate\Contracts\Container\BindingResolutionException))
#17 [internal function]: Illuminate\Foundation\Bootstrap\HandleExceptions->Illuminate\Foundation\Bootstrap\{closure}(Object(Illuminate\Contracts\Container\BindingResolutionException))
#18 {main}
  thrown {"exception":"[object] (Symfony\\Component\\ErrorHandler\\Error\\FatalError(code: 0): Uncaught ReflectionException: Class \"view\" does not exist in /home/rgusomuk/posbillingwala.com/adminpanel/vendor/laravel/framework/src/Illuminate/Container/Container.php:889
Stack trace:
#0 /home/rgusomuk/posbillingwala.com/adminpanel/vendor/laravel/framework/src/Illuminate/Container/Container.php(889): ReflectionClass->__construct('view')
#1 /home/rgusomuk/posbillingwala.com/adminpanel/vendor/laravel/framework/src/Illuminate/Container/Container.php(770): Illuminate\\Container\\Container->build('view')
#2 /home/rgusomuk/posbillingwala.com/adminpanel/vendor/laravel/framework/src/Illuminate/Foundation/Application.php(856): Illuminate\\Container\\Container->resolve('view', Array, true)
#3 /home/rgusomuk/posbillingwala.com/adminpanel/vendor/laravel/framework/src/Illuminate/Container/Container.php(706): Illuminate\\Foundation\\Application->resolve('view', Array)
#4 /home/rgusomuk/posbillingwala.com/adminpanel/vendor/laravel/framework/src/Illuminate/Foundation/Application.php(841): Illuminate\\Container\\Container->make('view', Array)
#5 /home/rgusomuk/posbillingwala.com/adminpanel/vendor/laravel/framework/src/Illuminate/Container/Container.php(1431): Illuminate\\Foundation\\Application->make('view')
#6 /home/rgusomuk/posbillingwala.com/adminpanel/vendor/laravel/framework/src/Illuminate/Support/Facades/Facade.php(222): Illuminate\\Container\\Container->offsetGet('view')
#7 /home/rgusomuk/posbillingwala.com/adminpanel/vendor/laravel/framework/src/Illuminate/Support/Facades/Facade.php(193): Illuminate\\Support\\Facades\\Facade::resolveFacadeInstance('view')
#8 /home/rgusomuk/posbillingwala.com/adminpanel/vendor/laravel/framework/src/Illuminate/Support/Facades/Facade.php(332): Illuminate\\Support\\Facades\\Facade::getFacadeRoot()
#9 /home/rgusomuk/posbillingwala.com/adminpanel/vendor/laravel/framework/src/Illuminate/Foundation/Exceptions/RegisterErrorViewPaths.php(16): Illuminate\\Support\\Facades\\Facade::__callStatic('replaceNamespac...', Array)
#10 /home/rgusomuk/posbillingwala.com/adminpanel/vendor/laravel/framework/src/Illuminate/Foundation/Exceptions/Handler.php(642): Illuminate\\Foundation\\Exceptions\\RegisterErrorViewPaths->__invoke()
#11 /home/rgusomuk/posbillingwala.com/adminpanel/vendor/laravel/framework/src/Illuminate/Foundation/Exceptions/Handler.php(623): Illuminate\\Foundation\\Exceptions\\Handler->registerErrorViewPaths()
#12 /home/rgusomuk/posbillingwala.com/adminpanel/vendor/laravel/framework/src/Illuminate/Foundation/Exceptions/Handler.php(554): Illuminate\\Foundation\\Exceptions\\Handler->renderHttpException(Object(Symfony\\Component\\HttpKernel\\Exception\\HttpException))
#13 /home/rgusomuk/posbillingwala.com/adminpanel/vendor/laravel/framework/src/Illuminate/Foundation/Exceptions/Handler.php(460): Illuminate\\Foundation\\Exceptions\\Handler->prepareResponse(Object(Illuminate\\Http\\Request), Object(Symfony\\Component\\HttpKernel\\Exception\\HttpException))
#14 /home/rgusomuk/posbillingwala.com/adminpanel/vendor/laravel/framework/src/Illuminate/Foundation/Exceptions/Handler.php(377): Illuminate\\Foundation\\Exceptions\\Handler->renderExceptionResponse(Object(Illuminate\\Http\\Request), Object(Illuminate\\Contracts\\Container\\BindingResolutionException))
#15 /home/rgusomuk/posbillingwala.com/adminpanel/vendor/laravel/framework/src/Illuminate/Foundation/Bootstrap/HandleExceptions.php(229): Illuminate\\Foundation\\Exceptions\\Handler->render(Object(Illuminate\\Http\\Request), Object(Illuminate\\Contracts\\Container\\BindingResolutionException))
#16 /home/rgusomuk/posbillingwala.com/adminpanel/vendor/laravel/framework/src/Illuminate/Foundation/Bootstrap/HandleExceptions.php(206): Illuminate\\Foundation\\Bootstrap\\HandleExceptions->renderHttpResponse(Object(Illuminate\\Contracts\\Container\\BindingResolutionException))
#17 /home/rgusomuk/posbillingwala.com/adminpanel/vendor/laravel/framework/src/Illuminate/Foundation/Bootstrap/HandleExceptions.php(266): Illuminate\\Foundation\\Bootstrap\\HandleExceptions->handleException(Object(Illuminate\\Contracts\\Container\\BindingResolutionException))
#18 [internal function]: Illuminate\\Foundation\\Bootstrap\\HandleExceptions->Illuminate\\Foundation\\Bootstrap\\{closure}(Object(Illuminate\\Contracts\\Container\\BindingResolutionException))
#19 {main}

Next Illuminate\\Contracts\\Container\\BindingResolutionException: Target class [view] does not exist. in /home/rgusomuk/posbillingwala.com/adminpanel/vendor/laravel/framework/src/Illuminate/Container/Container.php:891
Stack trace:
#0 /home/rgusomuk/posbillingwala.com/adminpanel/vendor/laravel/framework/src/Illuminate/Container/Container.php(770): Illuminate\\Container\\Container->build('view')
#1 /home/rgusomuk/posbillingwala.com/adminpanel/vendor/laravel/framework/src/Illuminate/Foundation/Application.php(856): Illuminate\\Container\\Container->resolve('view', Array, true)
#2 /home/rgusomuk/posbillingwala.com/adminpanel/vendor/laravel/framework/src/Illuminate/Container/Container.php(706): Illuminate\\Foundation\\Application->resolve('view', Array)
#3 /home/rgusomuk/posbillingwala.com/adminpanel/vendor/laravel/framework/src/Illuminate/Foundation/Application.php(841): Illuminate\\Container\\Container->make('view', Array)
#4 /home/rgusomuk/posbillingwala.com/adminpanel/vendor/laravel/framework/src/Illuminate/Container/Container.php(1431): Illuminate\\Foundation\\Application->make('view')
#5 /home/rgusomuk/posbillingwala.com/adminpanel/vendor/laravel/framework/src/Illuminate/Support/Facades/Facade.php(222): Illuminate\\Container\\Container->offsetGet('view')
#6 /home/rgusomuk/posbillingwala.com/adminpanel/vendor/laravel/framework/src/Illuminate/Support/Facades/Facade.php(193): Illuminate\\Support\\Facades\\Facade::resolveFacadeInstance('view')
#7 /home/rgusomuk/posbillingwala.com/adminpanel/vendor/laravel/framework/src/Illuminate/Support/Facades/Facade.php(332): Illuminate\\Support\\Facades\\Facade::getFacadeRoot()
#8 /home/rgusomuk/posbillingwala.com/adminpanel/vendor/laravel/framework/src/Illuminate/Foundation/Exceptions/RegisterErrorViewPaths.php(16): Illuminate\\Support\\Facades\\Facade::__callStatic('replaceNamespac...', Array)
#9 /home/rgusomuk/posbillingwala.com/adminpanel/vendor/laravel/framework/src/Illuminate/Foundation/Exceptions/Handler.php(642): Illuminate\\Foundation\\Exceptions\\RegisterErrorViewPaths->__invoke()
#10 /home/rgusomuk/posbillingwala.com/adminpanel/vendor/laravel/framework/src/Illuminate/Foundation/Exceptions/Handler.php(623): Illuminate\\Foundation\\Exceptions\\Handler->registerErrorViewPaths()
#11 /home/rgusomuk/posbillingwala.com/adminpanel/vendor/laravel/framework/src/Illuminate/Foundation/Exceptions/Handler.php(554): Illuminate\\Foundation\\Exceptions\\Handler->renderHttpException(Object(Symfony\\Component\\HttpKernel\\Exception\\HttpException))
#12 /home/rgusomuk/posbillingwala.com/adminpanel/vendor/laravel/framework/src/Illuminate/Foundation/Exceptions/Handler.php(460): Illuminate\\Foundation\\Exceptions\\Handler->prepareResponse(Object(Illuminate\\Http\\Request), Object(Symfony\\Component\\HttpKernel\\Exception\\HttpException))
#13 /home/rgusomuk/posbillingwala.com/adminpanel/vendor/laravel/framework/src/Illuminate/Foundation/Exceptions/Handler.php(377): Illuminate\\Foundation\\Exceptions\\Handler->renderExceptionResponse(Object(Illuminate\\Http\\Request), Object(Illuminate\\Contracts\\Container\\BindingResolutionException))
#14 /home/rgusomuk/posbillingwala.com/adminpanel/vendor/laravel/framework/src/Illuminate/Foundation/Bootstrap/HandleExceptions.php(229): Illuminate\\Foundation\\Exceptions\\Handler->render(Object(Illuminate\\Http\\Request), Object(Illuminate\\Contracts\\Container\\BindingResolutionException))
#15 /home/rgusomuk/posbillingwala.com/adminpanel/vendor/laravel/framework/src/Illuminate/Foundation/Bootstrap/HandleExceptions.php(206): Illuminate\\Foundation\\Bootstrap\\HandleExceptions->renderHttpResponse(Object(Illuminate\\Contracts\\Container\\BindingResolutionException))
#16 /home/rgusomuk/posbillingwala.com/adminpanel/vendor/laravel/framework/src/Illuminate/Foundation/Bootstrap/HandleExceptions.php(266): Illuminate\\Foundation\\Bootstrap\\HandleExceptions->handleException(Object(Illuminate\\Contracts\\Container\\BindingResolutionException))
#17 [internal function]: Illuminate\\Foundation\\Bootstrap\\HandleExceptions->Illuminate\\Foundation\\Bootstrap\\{closure}(Object(Illuminate\\Contracts\\Container\\BindingResolutionException))
#18 {main}
  thrown at /home/rgusomuk/posbillingwala.com/adminpanel/vendor/laravel/framework/src/Illuminate/Container/Container.php:891)
[stacktrace]
#0 {main}
"} 
[2026-08-25 03:29:45] local.ERROR: The /home/rgusomuk/posbillingwala.com/adminpanel/bootstrap/cache directory must be present and writable. {"exception":"[object] (Exception(code: 0): The /home/rgusomuk/posbillingwala.com/adminpanel/bootstrap/cache directory must be present and writable. at /home/rgusomuk/posbillingwala.com/adminpanel/vendor/laravel/framework/src/Illuminate/Foundation/PackageManifest.php:178)
[stacktrace]
#0 /home/rgusomuk/posbillingwala.com/adminpanel/vendor/laravel/framework/src/Illuminate/Foundation/PackageManifest.php(131): Illuminate\\Foundation\\PackageManifest->write(Array)
#1 /home/rgusomuk/posbillingwala.com/adminpanel/vendor/laravel/framework/src/Illuminate/Foundation/PackageManifest.php(107): Illuminate\\Foundation\\PackageManifest->build()
#2 /home/rgusomuk/posbillingwala.com/adminpanel/vendor/laravel/framework/src/Illuminate/Foundation/PackageManifest.php(90): Illuminate\\Foundation\\PackageManifest->getManifest()
#3 /home/rgusomuk/posbillingwala.com/adminpanel/vendor/laravel/framework/src/Illuminate/Foundation/PackageManifest.php(79): Illuminate\\Foundation\\PackageManifest->config('aliases')
#4 /home/rgusomuk/posbillingwala.com/adminpanel/vendor/laravel/framework/src/Illuminate/Foundation/Bootstrap/RegisterFacades.php(26): Illuminate\\Foundation\\PackageManifest->aliases()
#5 /home/rgusomuk/posbillingwala.com/adminpanel/vendor/laravel/framework/src/Illuminate/Foundation/Application.php(242): Illuminate\\Foundation\\Bootstrap\\RegisterFacades->bootstrap(Object(Illuminate\\Foundation\\Application))
#6 /home/rgusomuk/posbillingwala.com/adminpanel/vendor/laravel/framework/src/Illuminate/Foundation/Http/Kernel.php(176): Illuminate\\Foundation\\Application->bootstrapWith(Array)
#7 /home/rgusomuk/posbillingwala.com/adminpanel/vendor/laravel/framework/src/Illuminate/Foundation/Http/Kernel.php(160): Illuminate\\Foundation\\Http\\Kernel->bootstrap()
#8 /home/rgusomuk/posbillingwala.com/adminpanel/vendor/laravel/framework/src/Illuminate/Foundation/Http/Kernel.php(134): Illuminate\\Foundation\\Http\\Kernel->sendRequestThroughRouter(Object(Illuminate\\Http\\Request))
#9 /home/rgusomuk/posbillingwala.com/adminpanel/public/index.php(51): Illuminate\\Foundation\\Http\\Kernel->handle(Object(Illuminate\\Http\\Request))
#10 /home/rgusomuk/posbillingwala.com/adminpanel/index.php(21): require_once('/home/rgusomuk/...')
#11 {main}
"} 
[2026-08-25 03:29:45] local.ERROR: Target class [view] does not exist. {"exception":"[object] (Illuminate\\Contracts\\Container\\BindingResolutionException(code: 0): Target class [view] does not exist. at /home/rgusomuk/posbillingwala.com/adminpanel/vendor/laravel/framework/src/Illuminate/Container/Container.php:891)
[stacktrace]
#0 /home/rgusomuk/posbillingwala.com/adminpanel/vendor/laravel/framework/src/Illuminate/Container/Container.php(770): Illuminate\\Container\\Container->build('view')
#1 /home/rgusomuk/posbillingwala.com/adminpanel/vendor/laravel/framework/src/Illuminate/Foundation/Application.php(856): Illuminate\\Container\\Container->resolve('view', Array, true)
#2 /home/rgusomuk/posbillingwala.com/adminpanel/vendor/laravel/framework/src/Illuminate/Container/Container.php(706): Illuminate\\Foundation\\Application->resolve('view', Array)
#3 /home/rgusomuk/posbillingwala.com/adminpanel/vendor/laravel/framework/src/Illuminate/Foundation/Application.php(841): Illuminate\\Container\\Container->make('view', Array)
#4 /home/rgusomuk/posbillingwala.com/adminpanel/vendor/laravel/framework/src/Illuminate/Container/Container.php(1431): Illuminate\\Foundation\\Application->make('view')
#5 /home/rgusomuk/posbillingwala.com/adminpanel/vendor/laravel/framework/src/Illuminate/Support/Facades/Facade.php(222): Illuminate\\Container\\Container->offsetGet('view')
#6 /home/rgusomuk/posbillingwala.com/adminpanel/vendor/laravel/framework/src/Illuminate/Support/Facades/Facade.php(193): Illuminate\\Support\\Facades\\Facade::resolveFacadeInstance('view')
#7 /home/rgusomuk/posbillingwala.com/adminpanel/vendor/laravel/framework/src/Illuminate/Support/Facades/Facade.php(332): Illuminate\\Support\\Facades\\Facade::getFacadeRoot()
#8 /home/rgusomuk/posbillingwala.com/adminpanel/vendor/laravel/framework/src/Illuminate/Foundation/Exceptions/RegisterErrorViewPaths.php(16): Illuminate\\Support\\Facades\\Facade::__callStatic('replaceNamespac...', Array)
#9 /home/rgusomuk/posbillingwala.com/adminpanel/vendor/laravel/framework/src/Illuminate/Foundation/Exceptions/Handler.php(642): Illuminate\\Foundation\\Exceptions\\RegisterErrorViewPaths->__invoke()
#10 /home/rgusomuk/posbillingwala.com/adminpanel/vendor/laravel/framework/src/Illuminate/Foundation/Exceptions/Handler.php(623): Illuminate\\Foundation\\Exceptions\\Handler->registerErrorViewPaths()
#11 /home/rgusomuk/posbillingwala.com/adminpanel/vendor/laravel/framework/src/Illuminate/Foundation/Exceptions/Handler.php(554): Illuminate\\Foundation\\Exceptions\\Handler->renderHttpException(Object(Symfony\\Component\\HttpKernel\\Exception\\HttpException))
#12 /home/rgusomuk/posbillingwala.com/adminpanel/vendor/laravel/framework/src/Illuminate/Foundation/Exceptions/Handler.php(460): Illuminate\\Foundation\\Exceptions\\Handler->prepareResponse(Object(Illuminate\\Http\\Request), Object(Symfony\\Component\\HttpKernel\\Exception\\HttpException))
#13 /home/rgusomuk/posbillingwala.com/adminpanel/vendor/laravel/framework/src/Illuminate/Foundation/Exceptions/Handler.php(377): Illuminate\\Foundation\\Exceptions\\Handler->renderExceptionResponse(Object(Illuminate\\Http\\Request), Object(Exception))
#14 /home/rgusomuk/posbillingwala.com/adminpanel/vendor/laravel/framework/src/Illuminate/Foundation/Http/Kernel.php(493): Illuminate\\Foundation\\Exceptions\\Handler->render(Object(Illuminate\\Http\\Request), Object(Exception))
#15 /home/rgusomuk/posbillingwala.com/adminpanel/vendor/laravel/framework/src/Illuminate/Foundation/Http/Kernel.php(138): Illuminate\\Foundation\\Http\\Kernel->renderException(Object(Illuminate\\Http\\Request), Object(Exception))
#16 /home/rgusomuk/posbillingwala.com/adminpanel/public/index.php(51): Illuminate\\Foundation\\Http\\Kernel->handle(Object(Illuminate\\Http\\Request))
#17 /home/rgusomuk/posbillingwala.com/adminpanel/index.php(21): require_once('/home/rgusomuk/...')
#18 {main}

[previous exception] [object] (ReflectionException(code: -1): Class \"view\" does not exist at /home/rgusomuk/posbillingwala.com/adminpanel/vendor/laravel/framework/src/Illuminate/Container/Container.php:889)
[stacktrace]
#0 /home/rgusomuk/posbillingwala.com/adminpanel/vendor/laravel/framework/src/Illuminate/Container/Container.php(889): ReflectionClass->__construct('view')
#1 /home/rgusomuk/posbillingwala.com/adminpanel/vendor/laravel/framework/src/Illuminate/Container/Container.php(770): Illuminate\\Container\\Container->build('view')
#2 /home/rgusomuk/posbillingwala.com/adminpanel/vendor/laravel/framework/src/Illuminate/Foundation/Application.php(856): Illuminate\\Container\\Container->resolve('view', Array, true)
#3 /home/rgusomuk/posbillingwala.com/adminpanel/vendor/laravel/framework/src/Illuminate/Container/Container.php(706): Illuminate\\Foundation\\Application->resolve('view', Array)
#4 /home/rgusomuk/posbillingwala.com/adminpanel/vendor/laravel/framework/src/Illuminate/Foundation/Application.php(841): Illuminate\\Container\\Container->make('view', Array)
#5 /home/rgusomuk/posbillingwala.com/adminpanel/vendor/laravel/framework/src/Illuminate/Container/Container.php(1431): Illuminate\\Foundation\\Application->make('view')
#6 /home/rgusomuk/posbillingwala.com/adminpanel/vendor/laravel/framework/src/Illuminate/Support/Facades/Facade.php(222): Illuminate\\Container\\Container->offsetGet('view')
#7 /home/rgusomuk/posbillingwala.com/adminpanel/vendor/laravel/framework/src/Illuminate/Support/Facades/Facade.php(193): Illuminate\\Support\\Facades\\Facade::resolveFacadeInstance('view')
#8 /home/rgusomuk/posbillingwala.com/adminpanel/vendor/laravel/framework/src/Illuminate/Support/Facades/Facade.php(332): Illuminate\\Support\\Facades\\Facade::getFacadeRoot()
#9 /home/rgusomuk/posbillingwala.com/adminpanel/vendor/laravel/framework/src/Illuminate/Foundation/Exceptions/RegisterErrorViewPaths.php(16): Illuminate\\Support\\Facades\\Facade::__callStatic('replaceNamespac...', Array)
#10 /home/rgusomuk/posbillingwala.com/adminpanel/vendor/laravel/framework/src/Illuminate/Foundation/Exceptions/Handler.php(642): Illuminate\\Foundation\\Exceptions\\RegisterErrorViewPaths->__invoke()
#11 /home/rgusomuk/posbillingwala.com/adminpanel/vendor/laravel/framework/src/Illuminate/Foundation/Exceptions/Handler.php(623): Illuminate\\Foundation\\Exceptions\\Handler->registerErrorViewPaths()
#12 /home/rgusomuk/posbillingwala.com/adminpanel/vendor/laravel/framework/src/Illuminate/Foundation/Exceptions/Handler.php(554): Illuminate\\Foundation\\Exceptions\\Handler->renderHttpException(Object(Symfony\\Component\\HttpKernel\\Exception\\HttpException))
#13 /home/rgusomuk/posbillingwala.com/adminpanel/vendor/laravel/framework/src/Illuminate/Foundation/Exceptions/Handler.php(460): Illuminate\\Foundation\\Exceptions\\Handler->prepareResponse(Object(Illuminate\\Http\\Request), Object(Symfony\\Component\\HttpKernel\\Exception\\HttpException))
#14 /home/rgusomuk/posbillingwala.com/adminpanel/vendor/laravel/framework/src/Illuminate/Foundation/Exceptions/Handler.php(377): Illuminate\\Foundation\\Exceptions\\Handler->renderExceptionResponse(Object(Illuminate\\Http\\Request), Object(Exception))
#15 /home/rgusomuk/posbillingwala.com/adminpanel/vendor/laravel/framework/src/Illuminate/Foundation/Http/Kernel.php(493): Illuminate\\Foundation\\Exceptions\\Handler->render(Object(Illuminate\\Http\\Request), Object(Exception))
#16 /home/rgusomuk/posbillingwala.com/adminpanel/vendor/laravel/framework/src/Illuminate/Foundation/Http/Kernel.php(138): Illuminate\\Foundation\\Http\\Kernel->renderException(Object(Illuminate\\Http\\Request), Object(Exception))
#17 /home/rgusomuk/posbillingwala.com/adminpanel/public/index.php(51): Illuminate\\Foundation\\Http\\Kernel->handle(Object(Illuminate\\Http\\Request))
#18 /home/rgusomuk/posbillingwala.com/adminpanel/index.php(21): require_once('/home/rgusomuk/...')
#19 {main}
"} 
[2026-08-25 03:29:45] local.ERROR: Uncaught ReflectionException: Class "view" does not exist in /home/rgusomuk/posbillingwala.com/adminpanel/vendor/laravel/framework/src/Illuminate/Container/Container.php:889
Stack trace:
#0 /home/rgusomuk/posbillingwala.com/adminpanel/vendor/laravel/framework/src/Illuminate/Container/Container.php(889): ReflectionClass->__construct('view')
#1 /home/rgusomuk/posbillingwala.com/adminpanel/vendor/laravel/framework/src/Illuminate/Container/Container.php(770): Illuminate\Container\Container->build('view')
#2 /home/rgusomuk/posbillingwala.com/adminpanel/vendor/laravel/framework/src/Illuminate/Foundation/Application.php(856): Illuminate\Container\Container->resolve('view', Array, true)
#3 /home/rgusomuk/posbillingwala.com/adminpanel/vendor/laravel/framework/src/Illuminate/Container/Container.php(706): Illuminate\Foundation\Application->resolve('view', Array)
#4 /home/rgusomuk/posbillingwala.com/adminpanel/vendor/laravel/framework/src/Illuminate/Foundation/Application.php(841): Illuminate\Container\Container->make('view', Array)
#5 /home/rgusomuk/posbillingwala.com/adminpanel/vendor/laravel/framework/src/Illuminate/Container/Container.php(1431): Illuminate\Foundation\Application->make('view')
#6 /home/rgusomuk/posbillingwala.com/adminpanel/vendor/laravel/framework/src/Illuminate/Support/Facades/Facade.php(222): Illuminate\Container\Container->offsetGet('view')
#7 /home/rgusomuk/posbillingwala.com/adminpanel/vendor/laravel/framework/src/Illuminate/Support/Facades/Facade.php(193): Illuminate\Support\Facades\Facade::resolveFacadeInstance('view')
#8 /home/rgusomuk/posbillingwala.com/adminpanel/vendor/laravel/framework/src/Illuminate/Support/Facades/Facade.php(332): Illuminate\Support\Facades\Facade::getFacadeRoot()
#9 /home/rgusomuk/posbillingwala.com/adminpanel/vendor/laravel/framework/src/Illuminate/Foundation/Exceptions/RegisterErrorViewPaths.php(16): Illuminate\Support\Facades\Facade::__callStatic('replaceNamespac...', Array)
#10 /home/rgusomuk/posbillingwala.com/adminpanel/vendor/laravel/framework/src/Illuminate/Foundation/Exceptions/Handler.php(642): Illuminate\Foundation\Exceptions\RegisterErrorViewPaths->__invoke()
#11 /home/rgusomuk/posbillingwala.com/adminpanel/vendor/laravel/framework/src/Illuminate/Foundation/Exceptions/Handler.php(623): Illuminate\Foundation\Exceptions\Handler->registerErrorViewPaths()
#12 /home/rgusomuk/posbillingwala.com/adminpanel/vendor/laravel/framework/src/Illuminate/Foundation/Exceptions/Handler.php(554): Illuminate\Foundation\Exceptions\Handler->renderHttpException(Object(Symfony\Component\HttpKernel\Exception\HttpException))
#13 /home/rgusomuk/posbillingwala.com/adminpanel/vendor/laravel/framework/src/Illuminate/Foundation/Exceptions/Handler.php(460): Illuminate\Foundation\Exceptions\Handler->prepareResponse(Object(Illuminate\Http\Request), Object(Symfony\Component\HttpKernel\Exception\HttpException))
#14 /home/rgusomuk/posbillingwala.com/adminpanel/vendor/laravel/framework/src/Illuminate/Foundation/Exceptions/Handler.php(377): Illuminate\Foundation\Exceptions\Handler->renderExceptionResponse(Object(Illuminate\Http\Request), Object(Illuminate\Contracts\Container\BindingResolutionException))
#15 /home/rgusomuk/posbillingwala.com/adminpanel/vendor/laravel/framework/src/Illuminate/Foundation/Bootstrap/HandleExceptions.php(229): Illuminate\Foundation\Exceptions\Handler->render(Object(Illuminate\Http\Request), Object(Illuminate\Contracts\Container\BindingResolutionException))
#16 /home/rgusomuk/posbillingwala.com/adminpanel/vendor/laravel/framework/src/Illuminate/Foundation/Bootstrap/HandleExceptions.php(206): Illuminate\Foundation\Bootstrap\HandleExceptions->renderHttpResponse(Object(Illuminate\Contracts\Container\BindingResolutionException))
#17 /home/rgusomuk/posbillingwala.com/adminpanel/vendor/laravel/framework/src/Illuminate/Foundation/Bootstrap/HandleExceptions.php(266): Illuminate\Foundation\Bootstrap\HandleExceptions->handleException(Object(Illuminate\Contracts\Container\BindingResolutionException))
#18 [internal function]: Illuminate\Foundation\Bootstrap\HandleExceptions->Illuminate\Foundation\Bootstrap\{closure}(Object(Illuminate\Contracts\Container\BindingResolutionException))
#19 {main}

Next Illuminate\Contracts\Container\BindingResolutionException: Target class [view] does not exist. in /home/rgusomuk/posbillingwala.com/adminpanel/vendor/laravel/framework/src/Illuminate/Container/Container.php:891
Stack trace:
#0 /home/rgusomuk/posbillingwala.com/adminpanel/vendor/laravel/framework/src/Illuminate/Container/Container.php(770): Illuminate\Container\Container->build('view')
#1 /home/rgusomuk/posbillingwala.com/adminpanel/vendor/laravel/framework/src/Illuminate/Foundation/Application.php(856): Illuminate\Container\Container->resolve('view', Array, true)
#2 /home/rgusomuk/posbillingwala.com/adminpanel/vendor/laravel/framework/src/Illuminate/Container/Container.php(706): Illuminate\Foundation\Application->resolve('view', Array)
#3 /home/rgusomuk/posbillingwala.com/adminpanel/vendor/laravel/framework/src/Illuminate/Foundation/Application.php(841): Illuminate\Container\Container->make('view', Array)
#4 /home/rgusomuk/posbillingwala.com/adminpanel/vendor/laravel/framework/src/Illuminate/Container/Container.php(1431): Illuminate\Foundation\Application->make('view')
#5 /home/rgusomuk/posbillingwala.com/adminpanel/vendor/laravel/framework/src/Illuminate/Support/Facades/Facade.php(222): Illuminate\Container\Container->offsetGet('view')
#6 /home/rgusomuk/posbillingwala.com/adminpanel/vendor/laravel/framework/src/Illuminate/Support/Facades/Facade.php(193): Illuminate\Support\Facades\Facade::resolveFacadeInstance('view')
#7 /home/rgusomuk/posbillingwala.com/adminpanel/vendor/laravel/framework/src/Illuminate/Support/Facades/Facade.php(332): Illuminate\Support\Facades\Facade::getFacadeRoot()
#8 /home/rgusomuk/posbillingwala.com/adminpanel/vendor/laravel/framework/src/Illuminate/Foundation/Exceptions/RegisterErrorViewPaths.php(16): Illuminate\Support\Facades\Facade::__callStatic('replaceNamespac...', Array)
#9 /home/rgusomuk/posbillingwala.com/adminpanel/vendor/laravel/framework/src/Illuminate/Foundation/Exceptions/Handler.php(642): Illuminate\Foundation\Exceptions\RegisterErrorViewPaths->__invoke()
#10 /home/rgusomuk/posbillingwala.com/adminpanel/vendor/laravel/framework/src/Illuminate/Foundation/Exceptions/Handler.php(623): Illuminate\Foundation\Exceptions\Handler->registerErrorViewPaths()
#11 /home/rgusomuk/posbillingwala.com/adminpanel/vendor/laravel/framework/src/Illuminate/Foundation/Exceptions/Handler.php(554): Illuminate\Foundation\Exceptions\Handler->renderHttpException(Object(Symfony\Component\HttpKernel\Exception\HttpException))
#12 /home/rgusomuk/posbillingwala.com/adminpanel/vendor/laravel/framework/src/Illuminate/Foundation/Exceptions/Handler.php(460): Illuminate\Foundation\Exceptions\Handler->prepareResponse(Object(Illuminate\Http\Request), Object(Symfony\Component\HttpKernel\Exception\HttpException))
#13 /home/rgusomuk/posbillingwala.com/adminpanel/vendor/laravel/framework/src/Illuminate/Foundation/Exceptions/Handler.php(377): Illuminate\Foundation\Exceptions\Handler->renderExceptionResponse(Object(Illuminate\Http\Request), Object(Illuminate\Contracts\Container\BindingResolutionException))
#14 /home/rgusomuk/posbillingwala.com/adminpanel/vendor/laravel/framework/src/Illuminate/Foundation/Bootstrap/HandleExceptions.php(229): Illuminate\Foundation\Exceptions\Handler->render(Object(Illuminate\Http\Request), Object(Illuminate\Contracts\Container\BindingResolutionException))
#15 /home/rgusomuk/posbillingwala.com/adminpanel/vendor/laravel/framework/src/Illuminate/Foundation/Bootstrap/HandleExceptions.php(206): Illuminate\Foundation\Bootstrap\HandleExceptions->renderHttpResponse(Object(Illuminate\Contracts\Container\BindingResolutionException))
#16 /home/rgusomuk/posbillingwala.com/adminpanel/vendor/laravel/framework/src/Illuminate/Foundation/Bootstrap/HandleExceptions.php(266): Illuminate\Foundation\Bootstrap\HandleExceptions->handleException(Object(Illuminate\Contracts\Container\BindingResolutionException))
#17 [internal function]: Illuminate\Foundation\Bootstrap\HandleExceptions->Illuminate\Foundation\Bootstrap\{closure}(Object(Illuminate\Contracts\Container\BindingResolutionException))
#18 {main}
  thrown {"exception":"[object] (Symfony\\Component\\ErrorHandler\\Error\\FatalError(code: 0): Uncaught ReflectionException: Class \"view\" does not exist in /home/rgusomuk/posbillingwala.com/adminpanel/vendor/laravel/framework/src/Illuminate/Container/Container.php:889
Stack trace:
#0 /home/rgusomuk/posbillingwala.com/adminpanel/vendor/laravel/framework/src/Illuminate/Container/Container.php(889): ReflectionClass->__construct('view')
#1 /home/rgusomuk/posbillingwala.com/adminpanel/vendor/laravel/framework/src/Illuminate/Container/Container.php(770): Illuminate\\Container\\Container->build('view')
#2 /home/rgusomuk/posbillingwala.com/adminpanel/vendor/laravel/framework/src/Illuminate/Foundation/Application.php(856): Illuminate\\Container\\Container->resolve('view', Array, true)
#3 /home/rgusomuk/posbillingwala.com/adminpanel/vendor/laravel/framework/src/Illuminate/Container/Container.php(706): Illuminate\\Foundation\\Application->resolve('view', Array)
#4 /home/rgusomuk/posbillingwala.com/adminpanel/vendor/laravel/framework/src/Illuminate/Foundation/Application.php(841): Illuminate\\Container\\Container->make('view', Array)
#5 /home/rgusomuk/posbillingwala.com/adminpanel/vendor/laravel/framework/src/Illuminate/Container/Container.php(1431): Illuminate\\Foundation\\Application->make('view')
#6 /home/rgusomuk/posbillingwala.com/adminpanel/vendor/laravel/framework/src/Illuminate/Support/Facades/Facade.php(222): Illuminate\\Container\\Container->offsetGet('view')
#7 /home/rgusomuk/posbillingwala.com/adminpanel/vendor/laravel/framework/src/Illuminate/Support/Facades/Facade.php(193): Illuminate\\Support\\Facades\\Facade::resolveFacadeInstance('view')
#8 /home/rgusomuk/posbillingwala.com/adminpanel/vendor/laravel/framework/src/Illuminate/Support/Facades/Facade.php(332): Illuminate\\Support\\Facades\\Facade::getFacadeRoot()
#9 /home/rgusomuk/posbillingwala.com/adminpanel/vendor/laravel/framework/src/Illuminate/Foundation/Exceptions/RegisterErrorViewPaths.php(16): Illuminate\\Support\\Facades\\Facade::__callStatic('replaceNamespac...', Array)
#10 /home/rgusomuk/posbillingwala.com/adminpanel/vendor/laravel/framework/src/Illuminate/Foundation/Exceptions/Handler.php(642): Illuminate\\Foundation\\Exceptions\\RegisterErrorViewPaths->__invoke()
#11 /home/rgusomuk/posbillingwala.com/adminpanel/vendor/laravel/framework/src/Illuminate/Foundation/Exceptions/Handler.php(623): Illuminate\\Foundation\\Exceptions\\Handler->registerErrorViewPaths()
#12 /home/rgusomuk/posbillingwala.com/adminpanel/vendor/laravel/framework/src/Illuminate/Foundation/Exceptions/Handler.php(554): Illuminate\\Foundation\\Exceptions\\Handler->renderHttpException(Object(Symfony\\Component\\HttpKernel\\Exception\\HttpException))
#13 /home/rgusomuk/posbillingwala.com/adminpanel/vendor/laravel/framework/src/Illuminate/Foundation/Exceptions/Handler.php(460): Illuminate\\Foundation\\Exceptions\\Handler->prepareResponse(Object(Illuminate\\Http\\Request), Object(Symfony\\Component\\HttpKernel\\Exception\\HttpException))
#14 /home/rgusomuk/posbillingwala.com/adminpanel/vendor/laravel/framework/src/Illuminate/Foundation/Exceptions/Handler.php(377): Illuminate\\Foundation\\Exceptions\\Handler->renderExceptionResponse(Object(Illuminate\\Http\\Request), Object(Illuminate\\Contracts\\Container\\BindingResolutionException))
#15 /home/rgusomuk/posbillingwala.com/adminpanel/vendor/laravel/framework/src/Illuminate/Foundation/Bootstrap/HandleExceptions.php(229): Illuminate\\Foundation\\Exceptions\\Handler->render(Object(Illuminate\\Http\\Request), Object(Illuminate\\Contracts\\Container\\BindingResolutionException))
#16 /home/rgusomuk/posbillingwala.com/adminpanel/vendor/laravel/framework/src/Illuminate/Foundation/Bootstrap/HandleExceptions.php(206): Illuminate\\Foundation\\Bootstrap\\HandleExceptions->renderHttpResponse(Object(Illuminate\\Contracts\\Container\\BindingResolutionException))
#17 /home/rgusomuk/posbillingwala.com/adminpanel/vendor/laravel/framework/src/Illuminate/Foundation/Bootstrap/HandleExceptions.php(266): Illuminate\\Foundation\\Bootstrap\\HandleExceptions->handleException(Object(Illuminate\\Contracts\\Container\\BindingResolutionException))
#18 [internal function]: Illuminate\\Foundation\\Bootstrap\\HandleExceptions->Illuminate\\Foundation\\Bootstrap\\{closure}(Object(Illuminate\\Contracts\\Container\\BindingResolutionException))
#19 {main}

Next Illuminate\\Contracts\\Container\\BindingResolutionException: Target class [view] does not exist. in /home/rgusomuk/posbillingwala.com/adminpanel/vendor/laravel/framework/src/Illuminate/Container/Container.php:891
Stack trace:
#0 /home/rgusomuk/posbillingwala.com/adminpanel/vendor/laravel/framework/src/Illuminate/Container/Container.php(770): Illuminate\\Container\\Container->build('view')
#1 /home/rgusomuk/posbillingwala.com/adminpanel/vendor/laravel/framework/src/Illuminate/Foundation/Application.php(856): Illuminate\\Container\\Container->resolve('view', Array, true)
#2 /home/rgusomuk/posbillingwala.com/adminpanel/vendor/laravel/framework/src/Illuminate/Container/Container.php(706): Illuminate\\Foundation\\Application->resolve('view', Array)
#3 /home/rgusomuk/posbillingwala.com/adminpanel/vendor/laravel/framework/src/Illuminate/Foundation/Application.php(841): Illuminate\\Container\\Container->make('view', Array)
#4 /home/rgusomuk/posbillingwala.com/adminpanel/vendor/laravel/framework/src/Illuminate/Container/Container.php(1431): Illuminate\\Foundation\\Application->make('view')
#5 /home/rgusomuk/posbillingwala.com/adminpanel/vendor/laravel/framework/src/Illuminate/Support/Facades/Facade.php(222): Illuminate\\Container\\Container->offsetGet('view')
#6 /home/rgusomuk/posbillingwala.com/adminpanel/vendor/laravel/framework/src/Illuminate/Support/Facades/Facade.php(193): Illuminate\\Support\\Facades\\Facade::resolveFacadeInstance('view')
#7 /home/rgusomuk/posbillingwala.com/adminpanel/vendor/laravel/framework/src/Illuminate/Support/Facades/Facade.php(332): Illuminate\\Support\\Facades\\Facade::getFacadeRoot()
#8 /home/rgusomuk/posbillingwala.com/adminpanel/vendor/laravel/framework/src/Illuminate/Foundation/Exceptions/RegisterErrorViewPaths.php(16): Illuminate\\Support\\Facades\\Facade::__callStatic('replaceNamespac...', Array)
#9 /home/rgusomuk/posbillingwala.com/adminpanel/vendor/laravel/framework/src/Illuminate/Foundation/Exceptions/Handler.php(642): Illuminate\\Foundation\\Exceptions\\RegisterErrorViewPaths->__invoke()
#10 /home/rgusomuk/posbillingwala.com/adminpanel/vendor/laravel/framework/src/Illuminate/Foundation/Exceptions/Handler.php(623): Illuminate\\Foundation\\Exceptions\\Handler->registerErrorViewPaths()
#11 /home/rgusomuk/posbillingwala.com/adminpanel/vendor/laravel/framework/src/Illuminate/Foundation/Exceptions/Handler.php(554): Illuminate\\Foundation\\Exceptions\\Handler->renderHttpException(Object(Symfony\\Component\\HttpKernel\\Exception\\HttpException))
#12 /home/rgusomuk/posbillingwala.com/adminpanel/vendor/laravel/framework/src/Illuminate/Foundation/Exceptions/Handler.php(460): Illuminate\\Foundation\\Exceptions\\Handler->prepareResponse(Object(Illuminate\\Http\\Request), Object(Symfony\\Component\\HttpKernel\\Exception\\HttpException))
#13 /home/rgusomuk/posbillingwala.com/adminpanel/vendor/laravel/framework/src/Illuminate/Foundation/Exceptions/Handler.php(377): Illuminate\\Foundation\\Exceptions\\Handler->renderExceptionResponse(Object(Illuminate\\Http\\Request), Object(Illuminate\\Contracts\\Container\\BindingResolutionException))
#14 /home/rgusomuk/posbillingwala.com/adminpanel/vendor/laravel/framework/src/Illuminate/Foundation/Bootstrap/HandleExceptions.php(229): Illuminate\\Foundation\\Exceptions\\Handler->render(Object(Illuminate\\Http\\Request), Object(Illuminate\\Contracts\\Container\\BindingResolutionException))
#15 /home/rgusomuk/posbillingwala.com/adminpanel/vendor/laravel/framework/src/Illuminate/Foundation/Bootstrap/HandleExceptions.php(206): Illuminate\\Foundation\\Bootstrap\\HandleExceptions->renderHttpResponse(Object(Illuminate\\Contracts\\Container\\BindingResolutionException))
#16 /home/rgusomuk/posbillingwala.com/adminpanel/vendor/laravel/framework/src/Illuminate/Foundation/Bootstrap/HandleExceptions.php(266): Illuminate\\Foundation\\Bootstrap\\HandleExceptions->handleException(Object(Illuminate\\Contracts\\Container\\BindingResolutionException))
#17 [internal function]: Illuminate\\Foundation\\Bootstrap\\HandleExceptions->Illuminate\\Foundation\\Bootstrap\\{closure}(Object(Illuminate\\Contracts\\Container\\BindingResolutionException))
#18 {main}
  thrown at /home/rgusomuk/posbillingwala.com/adminpanel/vendor/laravel/framework/src/Illuminate/Container/Container.php:891)
[stacktrace]
#0 {main}
"} 
[2026-08-25 03:30:51] local.ERROR: The /home/rgusomuk/posbillingwala.com/adminpanel/bootstrap/cache directory must be present and writable. {"exception":"[object] (Exception(code: 0): The /home/rgusomuk/posbillingwala.com/adminpanel/bootstrap/cache directory must be present and writable. at /home/rgusomuk/posbillingwala.com/adminpanel/vendor/laravel/framework/src/Illuminate/Foundation/PackageManifest.php:178)
[stacktrace]
#0 /home/rgusomuk/posbillingwala.com/adminpanel/vendor/laravel/framework/src/Illuminate/Foundation/PackageManifest.php(131): Illuminate\\Foundation\\PackageManifest->write(Array)
#1 /home/rgusomuk/posbillingwala.com/adminpanel/vendor/laravel/framework/src/Illuminate/Foundation/PackageManifest.php(107): Illuminate\\Foundation\\PackageManifest->build()
#2 /home/rgusomuk/posbillingwala.com/adminpanel/vendor/laravel/framework/src/Illuminate/Foundation/PackageManifest.php(90): Illuminate\\Foundation\\PackageManifest->getManifest()
#3 /home/rgusomuk/posbillingwala.com/adminpanel/vendor/laravel/framework/src/Illuminate/Foundation/PackageManifest.php(79): Illuminate\\Foundation\\PackageManifest->config('aliases')
#4 /home/rgusomuk/posbillingwala.com/adminpanel/vendor/laravel/framework/src/Illuminate/Foundation/Bootstrap/RegisterFacades.php(26): Illuminate\\Foundation\\PackageManifest->aliases()
#5 /home/rgusomuk/posbillingwala.com/adminpanel/vendor/laravel/framework/src/Illuminate/Foundation/Application.php(242): Illuminate\\Foundation\\Bootstrap\\RegisterFacades->bootstrap(Object(Illuminate\\Foundation\\Application))
#6 /home/rgusomuk/posbillingwala.com/adminpanel/vendor/laravel/framework/src/Illuminate/Foundation/Http/Kernel.php(176): Illuminate\\Foundation\\Application->bootstrapWith(Array)
#7 /home/rgusomuk/posbillingwala.com/adminpanel/vendor/laravel/framework/src/Illuminate/Foundation/Http/Kernel.php(160): Illuminate\\Foundation\\Http\\Kernel->bootstrap()
#8 /home/rgusomuk/posbillingwala.com/adminpanel/vendor/laravel/framework/src/Illuminate/Foundation/Http/Kernel.php(134): Illuminate\\Foundation\\Http\\Kernel->sendRequestThroughRouter(Object(Illuminate\\Http\\Request))
#9 /home/rgusomuk/posbillingwala.com/adminpanel/public/index.php(51): Illuminate\\Foundation\\Http\\Kernel->handle(Object(Illuminate\\Http\\Request))
#10 /home/rgusomuk/posbillingwala.com/adminpanel/index.php(21): require_once('/home/rgusomuk/...')
#11 {main}
"} 
[2026-08-25 03:30:51] local.ERROR: Target class [view] does not exist. {"exception":"[object] (Illuminate\\Contracts\\Container\\BindingResolutionException(code: 0): Target class [view] does not exist. at /home/rgusomuk/posbillingwala.com/adminpanel/vendor/laravel/framework/src/Illuminate/Container/Container.php:891)
[stacktrace]
#0 /home/rgusomuk/posbillingwala.com/adminpanel/vendor/laravel/framework/src/Illuminate/Container/Container.php(770): Illuminate\\Container\\Container->build('view')
#1 /home/rgusomuk/posbillingwala.com/adminpanel/vendor/laravel/framework/src/Illuminate/Foundation/Application.php(856): Illuminate\\Container\\Container->resolve('view', Array, true)
#2 /home/rgusomuk/posbillingwala.com/adminpanel/vendor/laravel/framework/src/Illuminate/Container/Container.php(706): Illuminate\\Foundation\\Application->resolve('view', Array)
#3 /home/rgusomuk/posbillingwala.com/adminpanel/vendor/laravel/framework/src/Illuminate/Foundation/Application.php(841): Illuminate\\Container\\Container->make('view', Array)
#4 /home/rgusomuk/posbillingwala.com/adminpanel/vendor/laravel/framework/src/Illuminate/Container/Container.php(1431): Illuminate\\Foundation\\Application->make('view')
#5 /home/rgusomuk/posbillingwala.com/adminpanel/vendor/laravel/framework/src/Illuminate/Support/Facades/Facade.php(222): Illuminate\\Container\\Container->offsetGet('view')
#6 /home/rgusomuk/posbillingwala.com/adminpanel/vendor/laravel/framework/src/Illuminate/Support/Facades/Facade.php(193): Illuminate\\Support\\Facades\\Facade::resolveFacadeInstance('view')
#7 /home/rgusomuk/posbillingwala.com/adminpanel/vendor/laravel/framework/src/Illuminate/Support/Facades/Facade.php(332): Illuminate\\Support\\Facades\\Facade::getFacadeRoot()
#8 /home/rgusomuk/posbillingwala.com/adminpanel/vendor/laravel/framework/src/Illuminate/Foundation/Exceptions/RegisterErrorViewPaths.php(16): Illuminate\\Support\\Facades\\Facade::__callStatic('replaceNamespac...', Array)
#9 /home/rgusomuk/posbillingwala.com/adminpanel/vendor/laravel/framework/src/Illuminate/Foundation/Exceptions/Handler.php(642): Illuminate\\Foundation\\Exceptions\\RegisterErrorViewPaths->__invoke()
#10 /home/rgusomuk/posbillingwala.com/adminpanel/vendor/laravel/framework/src/Illuminate/Foundation/Exceptions/Handler.php(623): Illuminate\\Foundation\\Exceptions\\Handler->registerErrorViewPaths()
#11 /home/rgusomuk/posbillingwala.com/adminpanel/vendor/laravel/framework/src/Illuminate/Foundation/Exceptions/Handler.php(554): Illuminate\\Foundation\\Exceptions\\Handler->renderHttpException(Object(Symfony\\Component\\HttpKernel\\Exception\\HttpException))
#12 /home/rgusomuk/posbillingwala.com/adminpanel/vendor/laravel/framework/src/Illuminate/Foundation/Exceptions/Handler.php(460): Illuminate\\Foundation\\Exceptions\\Handler->prepareResponse(Object(Illuminate\\Http\\Request), Object(Symfony\\Component\\HttpKernel\\Exception\\HttpException))
#13 /home/rgusomuk/posbillingwala.com/adminpanel/vendor/laravel/framework/src/Illuminate/Foundation/Exceptions/Handler.php(377): Illuminate\\Foundation\\Exceptions\\Handler->renderExceptionResponse(Object(Illuminate\\Http\\Request), Object(Exception))
#14 /home/rgusomuk/posbillingwala.com/adminpanel/vendor/laravel/framework/src/Illuminate/Foundation/Http/Kernel.php(493): Illuminate\\Foundation\\Exceptions\\Handler->render(Object(Illuminate\\Http\\Request), Object(Exception))
#15 /home/rgusomuk/posbillingwala.com/adminpanel/vendor/laravel/framework/src/Illuminate/Foundation/Http/Kernel.php(138): Illuminate\\Foundation\\Http\\Kernel->renderException(Object(Illuminate\\Http\\Request), Object(Exception))
#16 /home/rgusomuk/posbillingwala.com/adminpanel/public/index.php(51): Illuminate\\Foundation\\Http\\Kernel->handle(Object(Illuminate\\Http\\Request))
#17 /home/rgusomuk/posbillingwala.com/adminpanel/index.php(21): require_once('/home/rgusomuk/...')
#18 {main}

[previous exception] [object] (ReflectionException(code: -1): Class \"view\" does not exist at /home/rgusomuk/posbillingwala.com/adminpanel/vendor/laravel/framework/src/Illuminate/Container/Container.php:889)
[stacktrace]
#0 /home/rgusomuk/posbillingwala.com/adminpanel/vendor/laravel/framework/src/Illuminate/Container/Container.php(889): ReflectionClass->__construct('view')
#1 /home/rgusomuk/posbillingwala.com/adminpanel/vendor/laravel/framework/src/Illuminate/Container/Container.php(770): Illuminate\\Container\\Container->build('view')
#2 /home/rgusomuk/posbillingwala.com/adminpanel/vendor/laravel/framework/src/Illuminate/Foundation/Application.php(856): Illuminate\\Container\\Container->resolve('view', Array, true)
#3 /home/rgusomuk/posbillingwala.com/adminpanel/vendor/laravel/framework/src/Illuminate/Container/Container.php(706): Illuminate\\Foundation\\Application->resolve('view', Array)
#4 /home/rgusomuk/posbillingwala.com/adminpanel/vendor/laravel/framework/src/Illuminate/Foundation/Application.php(841): Illuminate\\Container\\Container->make('view', Array)
#5 /home/rgusomuk/posbillingwala.com/adminpanel/vendor/laravel/framework/src/Illuminate/Container/Container.php(1431): Illuminate\\Foundation\\Application->make('view')
#6 /home/rgusomuk/posbillingwala.com/adminpanel/vendor/laravel/framework/src/Illuminate/Support/Facades/Facade.php(222): Illuminate\\Container\\Container->offsetGet('view')
#7 /home/rgusomuk/posbillingwala.com/adminpanel/vendor/laravel/framework/src/Illuminate/Support/Facades/Facade.php(193): Illuminate\\Support\\Facades\\Facade::resolveFacadeInstance('view')
#8 /home/rgusomuk/posbillingwala.com/adminpanel/vendor/laravel/framework/src/Illuminate/Support/Facades/Facade.php(332): Illuminate\\Support\\Facades\\Facade::getFacadeRoot()
#9 /home/rgusomuk/posbillingwala.com/adminpanel/vendor/laravel/framework/src/Illuminate/Foundation/Exceptions/RegisterErrorViewPaths.php(16): Illuminate\\Support\\Facades\\Facade::__callStatic('replaceNamespac...', Array)
#10 /home/rgusomuk/posbillingwala.com/adminpanel/vendor/laravel/framework/src/Illuminate/Foundation/Exceptions/Handler.php(642): Illuminate\\Foundation\\Exceptions\\RegisterErrorViewPaths->__invoke()
#11 /home/rgusomuk/posbillingwala.com/adminpanel/vendor/laravel/framework/src/Illuminate/Foundation/Exceptions/Handler.php(623): Illuminate\\Foundation\\Exceptions\\Handler->registerErrorViewPaths()
#12 /home/rgusomuk/posbillingwala.com/adminpanel/vendor/laravel/framework/src/Illuminate/Foundation/Exceptions/Handler.php(554): Illuminate\\Foundation\\Exceptions\\Handler->renderHttpException(Object(Symfony\\Component\\HttpKernel\\Exception\\HttpException))
#13 /home/rgusomuk/posbillingwala.com/adminpanel/vendor/laravel/framework/src/Illuminate/Foundation/Exceptions/Handler.php(460): Illuminate\\Foundation\\Exceptions\\Handler->prepareResponse(Object(Illuminate\\Http\\Request), Object(Symfony\\Component\\HttpKernel\\Exception\\HttpException))
#14 /home/rgusomuk/posbillingwala.com/adminpanel/vendor/laravel/framework/src/Illuminate/Foundation/Exceptions/Handler.php(377): Illuminate\\Foundation\\Exceptions\\Handler->renderExceptionResponse(Object(Illuminate\\Http\\Request), Object(Exception))
#15 /home/rgusomuk/posbillingwala.com/adminpanel/vendor/laravel/framework/src/Illuminate/Foundation/Http/Kernel.php(493): Illuminate\\Foundation\\Exceptions\\Handler->render(Object(Illuminate\\Http\\Request), Object(Exception))
#16 /home/rgusomuk/posbillingwala.com/adminpanel/vendor/laravel/framework/src/Illuminate/Foundation/Http/Kernel.php(138): Illuminate\\Foundation\\Http\\Kernel->renderException(Object(Illuminate\\Http\\Request), Object(Exception))
#17 /home/rgusomuk/posbillingwala.com/adminpanel/public/index.php(51): Illuminate\\Foundation\\Http\\Kernel->handle(Object(Illuminate\\Http\\Request))
#18 /home/rgusomuk/posbillingwala.com/adminpanel/index.php(21): require_once('/home/rgusomuk/...')
#19 {main}
"} 
[2026-08-25 03:30:51] local.ERROR: Uncaught ReflectionException: Class "view" does not exist in /home/rgusomuk/posbillingwala.com/adminpanel/vendor/laravel/framework/src/Illuminate/Container/Container.php:889
Stack trace:
#0 /home/rgusomuk/posbillingwala.com/adminpanel/vendor/laravel/framework/src/Illuminate/Container/Container.php(889): ReflectionClass->__construct('view')
#1 /home/rgusomuk/posbillingwala.com/adminpanel/vendor/laravel/framework/src/Illuminate/Container/Container.php(770): Illuminate\Container\Container->build('view')
#2 /home/rgusomuk/posbillingwala.com/adminpanel/vendor/laravel/framework/src/Illuminate/Foundation/Application.php(856): Illuminate\Container\Container->resolve('view', Array, true)
#3 /home/rgusomuk/posbillingwala.com/adminpanel/vendor/laravel/framework/src/Illuminate/Container/Container.php(706): Illuminate\Foundation\Application->resolve('view', Array)
#4 /home/rgusomuk/posbillingwala.com/adminpanel/vendor/laravel/framework/src/Illuminate/Foundation/Application.php(841): Illuminate\Container\Container->make('view', Array)
#5 /home/rgusomuk/posbillingwala.com/adminpanel/vendor/laravel/framework/src/Illuminate/Container/Container.php(1431): Illuminate\Foundation\Application->make('view')
#6 /home/rgusomuk/posbillingwala.com/adminpanel/vendor/laravel/framework/src/Illuminate/Support/Facades/Facade.php(222): Illuminate\Container\Container->offsetGet('view')
#7 /home/rgusomuk/posbillingwala.com/adminpanel/vendor/laravel/framework/src/Illuminate/Support/Facades/Facade.php(193): Illuminate\Support\Facades\Facade::resolveFacadeInstance('view')
#8 /home/rgusomuk/posbillingwala.com/adminpanel/vendor/laravel/framework/src/Illuminate/Support/Facades/Facade.php(332): Illuminate\Support\Facades\Facade::getFacadeRoot()
#9 /home/rgusomuk/posbillingwala.com/adminpanel/vendor/laravel/framework/src/Illuminate/Foundation/Exceptions/RegisterErrorViewPaths.php(16): Illuminate\Support\Facades\Facade::__callStatic('replaceNamespac...', Array)
#10 /home/rgusomuk/posbillingwala.com/adminpanel/vendor/laravel/framework/src/Illuminate/Foundation/Exceptions/Handler.php(642): Illuminate\Foundation\Exceptions\RegisterErrorViewPaths->__invoke()
#11 /home/rgusomuk/posbillingwala.com/adminpanel/vendor/laravel/framework/src/Illuminate/Foundation/Exceptions/Handler.php(623): Illuminate\Foundation\Exceptions\Handler->registerErrorViewPaths()
#12 /home/rgusomuk/posbillingwala.com/adminpanel/vendor/laravel/framework/src/Illuminate/Foundation/Exceptions/Handler.php(554): Illuminate\Foundation\Exceptions\Handler->renderHttpException(Object(Symfony\Component\HttpKernel\Exception\HttpException))
#13 /home/rgusomuk/posbillingwala.com/adminpanel/vendor/laravel/framework/src/Illuminate/Foundation/Exceptions/Handler.php(460): Illuminate\Foundation\Exceptions\Handler->prepareResponse(Object(Illuminate\Http\Request), Object(Symfony\Component\HttpKernel\Exception\HttpException))
#14 /home/rgusomuk/posbillingwala.com/adminpanel/vendor/laravel/framework/src/Illuminate/Foundation/Exceptions/Handler.php(377): Illuminate\Foundation\Exceptions\Handler->renderExceptionResponse(Object(Illuminate\Http\Request), Object(Illuminate\Contracts\Container\BindingResolutionException))
#15 /home/rgusomuk/posbillingwala.com/adminpanel/vendor/laravel/framework/src/Illuminate/Foundation/Bootstrap/HandleExceptions.php(229): Illuminate\Foundation\Exceptions\Handler->render(Object(Illuminate\Http\Request), Object(Illuminate\Contracts\Container\BindingResolutionException))
#16 /home/rgusomuk/posbillingwala.com/adminpanel/vendor/laravel/framework/src/Illuminate/Foundation/Bootstrap/HandleExceptions.php(206): Illuminate\Foundation\Bootstrap\HandleExceptions->renderHttpResponse(Object(Illuminate\Contracts\Container\BindingResolutionException))
#17 /home/rgusomuk/posbillingwala.com/adminpanel/vendor/laravel/framework/src/Illuminate/Foundation/Bootstrap/HandleExceptions.php(266): Illuminate\Foundation\Bootstrap\HandleExceptions->handleException(Object(Illuminate\Contracts\Container\BindingResolutionException))
#18 [internal function]: Illuminate\Foundation\Bootstrap\HandleExceptions->Illuminate\Foundation\Bootstrap\{closure}(Object(Illuminate\Contracts\Container\BindingResolutionException))
#19 {main}

Next Illuminate\Contracts\Container\BindingResolutionException: Target class [view] does not exist. in /home/rgusomuk/posbillingwala.com/adminpanel/vendor/laravel/framework/src/Illuminate/Container/Container.php:891
Stack trace:
#0 /home/rgusomuk/posbillingwala.com/adminpanel/vendor/laravel/framework/src/Illuminate/Container/Container.php(770): Illuminate\Container\Container->build('view')
#1 /home/rgusomuk/posbillingwala.com/adminpanel/vendor/laravel/framework/src/Illuminate/Foundation/Application.php(856): Illuminate\Container\Container->resolve('view', Array, true)
#2 /home/rgusomuk/posbillingwala.com/adminpanel/vendor/laravel/framework/src/Illuminate/Container/Container.php(706): Illuminate\Foundation\Application->resolve('view', Array)
#3 /home/rgusomuk/posbillingwala.com/adminpanel/vendor/laravel/framework/src/Illuminate/Foundation/Application.php(841): Illuminate\Container\Container->make('view', Array)
#4 /home/rgusomuk/posbillingwala.com/adminpanel/vendor/laravel/framework/src/Illuminate/Container/Container.php(1431): Illuminate\Foundation\Application->make('view')
#5 /home/rgusomuk/posbillingwala.com/adminpanel/vendor/laravel/framework/src/Illuminate/Support/Facades/Facade.php(222): Illuminate\Container\Container->offsetGet('view')
#6 /home/rgusomuk/posbillingwala.com/adminpanel/vendor/laravel/framework/src/Illuminate/Support/Facades/Facade.php(193): Illuminate\Support\Facades\Facade::resolveFacadeInstance('view')
#7 /home/rgusomuk/posbillingwala.com/adminpanel/vendor/laravel/framework/src/Illuminate/Support/Facades/Facade.php(332): Illuminate\Support\Facades\Facade::getFacadeRoot()
#8 /home/rgusomuk/posbillingwala.com/adminpanel/vendor/laravel/framework/src/Illuminate/Foundation/Exceptions/RegisterErrorViewPaths.php(16): Illuminate\Support\Facades\Facade::__callStatic('replaceNamespac...', Array)
#9 /home/rgusomuk/posbillingwala.com/adminpanel/vendor/laravel/framework/src/Illuminate/Foundation/Exceptions/Handler.php(642): Illuminate\Foundation\Exceptions\RegisterErrorViewPaths->__invoke()
#10 /home/rgusomuk/posbillingwala.com/adminpanel/vendor/laravel/framework/src/Illuminate/Foundation/Exceptions/Handler.php(623): Illuminate\Foundation\Exceptions\Handler->registerErrorViewPaths()
#11 /home/rgusomuk/posbillingwala.com/adminpanel/vendor/laravel/framework/src/Illuminate/Foundation/Exceptions/Handler.php(554): Illuminate\Foundation\Exceptions\Handler->renderHttpException(Object(Symfony\Component\HttpKernel\Exception\HttpException))
#12 /home/rgusomuk/posbillingwala.com/adminpanel/vendor/laravel/framework/src/Illuminate/Foundation/Exceptions/Handler.php(460): Illuminate\Foundation\Exceptions\Handler->prepareResponse(Object(Illuminate\Http\Request), Object(Symfony\Component\HttpKernel\Exception\HttpException))
#13 /home/rgusomuk/posbillingwala.com/adminpanel/vendor/laravel/framework/src/Illuminate/Foundation/Exceptions/Handler.php(377): Illuminate\Foundation\Exceptions\Handler->renderExceptionResponse(Object(Illuminate\Http\Request), Object(Illuminate\Contracts\Container\BindingResolutionException))
#14 /home/rgusomuk/posbillingwala.com/adminpanel/vendor/laravel/framework/src/Illuminate/Foundation/Bootstrap/HandleExceptions.php(229): Illuminate\Foundation\Exceptions\Handler->render(Object(Illuminate\Http\Request), Object(Illuminate\Contracts\Container\BindingResolutionException))
#15 /home/rgusomuk/posbillingwala.com/adminpanel/vendor/laravel/framework/src/Illuminate/Foundation/Bootstrap/HandleExceptions.php(206): Illuminate\Foundation\Bootstrap\HandleExceptions->renderHttpResponse(Object(Illuminate\Contracts\Container\BindingResolutionException))
#16 /home/rgusomuk/posbillingwala.com/adminpanel/vendor/laravel/framework/src/Illuminate/Foundation/Bootstrap/HandleExceptions.php(266): Illuminate\Foundation\Bootstrap\HandleExceptions->handleException(Object(Illuminate\Contracts\Container\BindingResolutionException))
#17 [internal function]: Illuminate\Foundation\Bootstrap\HandleExceptions->Illuminate\Foundation\Bootstrap\{closure}(Object(Illuminate\Contracts\Container\BindingResolutionException))
#18 {main}
  thrown {"exception":"[object] (Symfony\\Component\\ErrorHandler\\Error\\FatalError(code: 0): Uncaught ReflectionException: Class \"view\" does not exist in /home/rgusomuk/posbillingwala.com/adminpanel/vendor/laravel/framework/src/Illuminate/Container/Container.php:889
Stack trace:
#0 /home/rgusomuk/posbillingwala.com/adminpanel/vendor/laravel/framework/src/Illuminate/Container/Container.php(889): ReflectionClass->__construct('view')
#1 /home/rgusomuk/posbillingwala.com/adminpanel/vendor/laravel/framework/src/Illuminate/Container/Container.php(770): Illuminate\\Container\\Container->build('view')
#2 /home/rgusomuk/posbillingwala.com/adminpanel/vendor/laravel/framework/src/Illuminate/Foundation/Application.php(856): Illuminate\\Container\\Container->resolve('view', Array, true)
#3 /home/rgusomuk/posbillingwala.com/adminpanel/vendor/laravel/framework/src/Illuminate/Container/Container.php(706): Illuminate\\Foundation\\Application->resolve('view', Array)
#4 /home/rgusomuk/posbillingwala.com/adminpanel/vendor/laravel/framework/src/Illuminate/Foundation/Application.php(841): Illuminate\\Container\\Container->make('view', Array)
#5 /home/rgusomuk/posbillingwala.com/adminpanel/vendor/laravel/framework/src/Illuminate/Container/Container.php(1431): Illuminate\\Foundation\\Application->make('view')
#6 /home/rgusomuk/posbillingwala.com/adminpanel/vendor/laravel/framework/src/Illuminate/Support/Facades/Facade.php(222): Illuminate\\Container\\Container->offsetGet('view')
#7 /home/rgusomuk/posbillingwala.com/adminpanel/vendor/laravel/framework/src/Illuminate/Support/Facades/Facade.php(193): Illuminate\\Support\\Facades\\Facade::resolveFacadeInstance('view')
#8 /home/rgusomuk/posbillingwala.com/adminpanel/vendor/laravel/framework/src/Illuminate/Support/Facades/Facade.php(332): Illuminate\\Support\\Facades\\Facade::getFacadeRoot()
#9 /home/rgusomuk/posbillingwala.com/adminpanel/vendor/laravel/framework/src/Illuminate/Foundation/Exceptions/RegisterErrorViewPaths.php(16): Illuminate\\Support\\Facades\\Facade::__callStatic('replaceNamespac...', Array)
#10 /home/rgusomuk/posbillingwala.com/adminpanel/vendor/laravel/framework/src/Illuminate/Foundation/Exceptions/Handler.php(642): Illuminate\\Foundation\\Exceptions\\RegisterErrorViewPaths->__invoke()
#11 /home/rgusomuk/posbillingwala.com/adminpanel/vendor/laravel/framework/src/Illuminate/Foundation/Exceptions/Handler.php(623): Illuminate\\Foundation\\Exceptions\\Handler->registerErrorViewPaths()
#12 /home/rgusomuk/posbillingwala.com/adminpanel/vendor/laravel/framework/src/Illuminate/Foundation/Exceptions/Handler.php(554): Illuminate\\Foundation\\Exceptions\\Handler->renderHttpException(Object(Symfony\\Component\\HttpKernel\\Exception\\HttpException))
#13 /home/rgusomuk/posbillingwala.com/adminpanel/vendor/laravel/framework/src/Illuminate/Foundation/Exceptions/Handler.php(460): Illuminate\\Foundation\\Exceptions\\Handler->prepareResponse(Object(Illuminate\\Http\\Request), Object(Symfony\\Component\\HttpKernel\\Exception\\HttpException))
#14 /home/rgusomuk/posbillingwala.com/adminpanel/vendor/laravel/framework/src/Illuminate/Foundation/Exceptions/Handler.php(377): Illuminate\\Foundation\\Exceptions\\Handler->renderExceptionResponse(Object(Illuminate\\Http\\Request), Object(Illuminate\\Contracts\\Container\\BindingResolutionException))
#15 /home/rgusomuk/posbillingwala.com/adminpanel/vendor/laravel/framework/src/Illuminate/Foundation/Bootstrap/HandleExceptions.php(229): Illuminate\\Foundation\\Exceptions\\Handler->render(Object(Illuminate\\Http\\Request), Object(Illuminate\\Contracts\\Container\\BindingResolutionException))
#16 /home/rgusomuk/posbillingwala.com/adminpanel/vendor/laravel/framework/src/Illuminate/Foundation/Bootstrap/HandleExceptions.php(206): Illuminate\\Foundation\\Bootstrap\\HandleExceptions->renderHttpResponse(Object(Illuminate\\Contracts\\Container\\BindingResolutionException))
#17 /home/rgusomuk/posbillingwala.com/adminpanel/vendor/laravel/framework/src/Illuminate/Foundation/Bootstrap/HandleExceptions.php(266): Illuminate\\Foundation\\Bootstrap\\HandleExceptions->handleException(Object(Illuminate\\Contracts\\Container\\BindingResolutionException))
#18 [internal function]: Illuminate\\Foundation\\Bootstrap\\HandleExceptions->Illuminate\\Foundation\\Bootstrap\\{closure}(Object(Illuminate\\Contracts\\Container\\BindingResolutionException))
#19 {main}

Next Illuminate\\Contracts\\Container\\BindingResolutionException: Target class [view] does not exist. in /home/rgusomuk/posbillingwala.com/adminpanel/vendor/laravel/framework/src/Illuminate/Container/Container.php:891
Stack trace:
#0 /home/rgusomuk/posbillingwala.com/adminpanel/vendor/laravel/framework/src/Illuminate/Container/Container.php(770): Illuminate\\Container\\Container->build('view')
#1 /home/rgusomuk/posbillingwala.com/adminpanel/vendor/laravel/framework/src/Illuminate/Foundation/Application.php(856): Illuminate\\Container\\Container->resolve('view', Array, true)
#2 /home/rgusomuk/posbillingwala.com/adminpanel/vendor/laravel/framework/src/Illuminate/Container/Container.php(706): Illuminate\\Foundation\\Application->resolve('view', Array)
#3 /home/rgusomuk/posbillingwala.com/adminpanel/vendor/laravel/framework/src/Illuminate/Foundation/Application.php(841): Illuminate\\Container\\Container->make('view', Array)
#4 /home/rgusomuk/posbillingwala.com/adminpanel/vendor/laravel/framework/src/Illuminate/Container/Container.php(1431): Illuminate\\Foundation\\Application->make('view')
#5 /home/rgusomuk/posbillingwala.com/adminpanel/vendor/laravel/framework/src/Illuminate/Support/Facades/Facade.php(222): Illuminate\\Container\\Container->offsetGet('view')
#6 /home/rgusomuk/posbillingwala.com/adminpanel/vendor/laravel/framework/src/Illuminate/Support/Facades/Facade.php(193): Illuminate\\Support\\Facades\\Facade::resolveFacadeInstance('view')
#7 /home/rgusomuk/posbillingwala.com/adminpanel/vendor/laravel/framework/src/Illuminate/Support/Facades/Facade.php(332): Illuminate\\Support\\Facades\\Facade::getFacadeRoot()
#8 /home/rgusomuk/posbillingwala.com/adminpanel/vendor/laravel/framework/src/Illuminate/Foundation/Exceptions/RegisterErrorViewPaths.php(16): Illuminate\\Support\\Facades\\Facade::__callStatic('replaceNamespac...', Array)
#9 /home/rgusomuk/posbillingwala.com/adminpanel/vendor/laravel/framework/src/Illuminate/Foundation/Exceptions/Handler.php(642): Illuminate\\Foundation\\Exceptions\\RegisterErrorViewPaths->__invoke()
#10 /home/rgusomuk/posbillingwala.com/adminpanel/vendor/laravel/framework/src/Illuminate/Foundation/Exceptions/Handler.php(623): Illuminate\\Foundation\\Exceptions\\Handler->registerErrorViewPaths()
#11 /home/rgusomuk/posbillingwala.com/adminpanel/vendor/laravel/framework/src/Illuminate/Foundation/Exceptions/Handler.php(554): Illuminate\\Foundation\\Exceptions\\Handler->renderHttpException(Object(Symfony\\Component\\HttpKernel\\Exception\\HttpException))
#12 /home/rgusomuk/posbillingwala.com/adminpanel/vendor/laravel/framework/src/Illuminate/Foundation/Exceptions/Handler.php(460): Illuminate\\Foundation\\Exceptions\\Handler->prepareResponse(Object(Illuminate\\Http\\Request), Object(Symfony\\Component\\HttpKernel\\Exception\\HttpException))
#13 /home/rgusomuk/posbillingwala.com/adminpanel/vendor/laravel/framework/src/Illuminate/Foundation/Exceptions/Handler.php(377): Illuminate\\Foundation\\Exceptions\\Handler->renderExceptionResponse(Object(Illuminate\\Http\\Request), Object(Illuminate\\Contracts\\Container\\BindingResolutionException))
#14 /home/rgusomuk/posbillingwala.com/adminpanel/vendor/laravel/framework/src/Illuminate/Foundation/Bootstrap/HandleExceptions.php(229): Illuminate\\Foundation\\Exceptions\\Handler->render(Object(Illuminate\\Http\\Request), Object(Illuminate\\Contracts\\Container\\BindingResolutionException))
#15 /home/rgusomuk/posbillingwala.com/adminpanel/vendor/laravel/framework/src/Illuminate/Foundation/Bootstrap/HandleExceptions.php(206): Illuminate\\Foundation\\Bootstrap\\HandleExceptions->renderHttpResponse(Object(Illuminate\\Contracts\\Container\\BindingResolutionException))
#16 /home/rgusomuk/posbillingwala.com/adminpanel/vendor/laravel/framework/src/Illuminate/Foundation/Bootstrap/HandleExceptions.php(266): Illuminate\\Foundation\\Bootstrap\\HandleExceptions->handleException(Object(Illuminate\\Contracts\\Container\\BindingResolutionException))
#17 [internal function]: Illuminate\\Foundation\\Bootstrap\\HandleExceptions->Illuminate\\Foundation\\Bootstrap\\{closure}(Object(Illuminate\\Contracts\\Container\\BindingResolutionException))
#18 {main}
  thrown at /home/rgusomuk/posbillingwala.com/adminpanel/vendor/laravel/framework/src/Illuminate/Container/Container.php:891)
[stacktrace]
#0 {main}
"} 
[2026-08-25 03:30:54] local.ERROR: The /home/rgusomuk/posbillingwala.com/adminpanel/bootstrap/cache directory must be present and writable. {"exception":"[object] (Exception(code: 0): The /home/rgusomuk/posbillingwala.com/adminpanel/bootstrap/cache directory must be present and writable. at /home/rgusomuk/posbillingwala.com/adminpanel/vendor/laravel/framework/src/Illuminate/Foundation/PackageManifest.php:178)
[stacktrace]
#0 /home/rgusomuk/posbillingwala.com/adminpanel/vendor/laravel/framework/src/Illuminate/Foundation/PackageManifest.php(131): Illuminate\\Foundation\\PackageManifest->write(Array)
#1 /home/rgusomuk/posbillingwala.com/adminpanel/vendor/laravel/framework/src/Illuminate/Foundation/PackageManifest.php(107): Illuminate\\Foundation\\PackageManifest->build()
#2 /home/rgusomuk/posbillingwala.com/adminpanel/vendor/laravel/framework/src/Illuminate/Foundation/PackageManifest.php(90): Illuminate\\Foundation\\PackageManifest->getManifest()
#3 /home/rgusomuk/posbillingwala.com/adminpanel/vendor/laravel/framework/src/Illuminate/Foundation/PackageManifest.php(79): Illuminate\\Foundation\\PackageManifest->config('aliases')
#4 /home/rgusomuk/posbillingwala.com/adminpanel/vendor/laravel/framework/src/Illuminate/Foundation/Bootstrap/RegisterFacades.php(26): Illuminate\\Foundation\\PackageManifest->aliases()
#5 /home/rgusomuk/posbillingwala.com/adminpanel/vendor/laravel/framework/src/Illuminate/Foundation/Application.php(242): Illuminate\\Foundation\\Bootstrap\\RegisterFacades->bootstrap(Object(Illuminate\\Foundation\\Application))
#6 /home/rgusomuk/posbillingwala.com/adminpanel/vendor/laravel/framework/src/Illuminate/Foundation/Http/Kernel.php(176): Illuminate\\Foundation\\Application->bootstrapWith(Array)
#7 /home/rgusomuk/posbillingwala.com/adminpanel/vendor/laravel/framework/src/Illuminate/Foundation/Http/Kernel.php(160): Illuminate\\Foundation\\Http\\Kernel->bootstrap()
#8 /home/rgusomuk/posbillingwala.com/adminpanel/vendor/laravel/framework/src/Illuminate/Foundation/Http/Kernel.php(134): Illuminate\\Foundation\\Http\\Kernel->sendRequestThroughRouter(Object(Illuminate\\Http\\Request))
#9 /home/rgusomuk/posbillingwala.com/adminpanel/public/index.php(51): Illuminate\\Foundation\\Http\\Kernel->handle(Object(Illuminate\\Http\\Request))
#10 /home/rgusomuk/posbillingwala.com/adminpanel/index.php(21): require_once('/home/rgusomuk/...')
#11 {main}
"} 
[2026-08-25 03:30:54] local.ERROR: Target class [view] does not exist. {"exception":"[object] (Illuminate\\Contracts\\Container\\BindingResolutionException(code: 0): Target class [view] does not exist. at /home/rgusomuk/posbillingwala.com/adminpanel/vendor/laravel/framework/src/Illuminate/Container/Container.php:891)
[stacktrace]
#0 /home/rgusomuk/posbillingwala.com/adminpanel/vendor/laravel/framework/src/Illuminate/Container/Container.php(770): Illuminate\\Container\\Container->build('view')
#1 /home/rgusomuk/posbillingwala.com/adminpanel/vendor/laravel/framework/src/Illuminate/Foundation/Application.php(856): Illuminate\\Container\\Container->resolve('view', Array, true)
#2 /home/rgusomuk/posbillingwala.com/adminpanel/vendor/laravel/framework/src/Illuminate/Container/Container.php(706): Illuminate\\Foundation\\Application->resolve('view', Array)
#3 /home/rgusomuk/posbillingwala.com/adminpanel/vendor/laravel/framework/src/Illuminate/Foundation/Application.php(841): Illuminate\\Container\\Container->make('view', Array)
#4 /home/rgusomuk/posbillingwala.com/adminpanel/vendor/laravel/framework/src/Illuminate/Container/Container.php(1431): Illuminate\\Foundation\\Application->make('view')
#5 /home/rgusomuk/posbillingwala.com/adminpanel/vendor/laravel/framework/src/Illuminate/Support/Facades/Facade.php(222): Illuminate\\Container\\Container->offsetGet('view')
#6 /home/rgusomuk/posbillingwala.com/adminpanel/vendor/laravel/framework/src/Illuminate/Support/Facades/Facade.php(193): Illuminate\\Support\\Facades\\Facade::resolveFacadeInstance('view')
#7 /home/rgusomuk/posbillingwala.com/adminpanel/vendor/laravel/framework/src/Illuminate/Support/Facades/Facade.php(332): Illuminate\\Support\\Facades\\Facade::getFacadeRoot()
#8 /home/rgusomuk/posbillingwala.com/adminpanel/vendor/laravel/framework/src/Illuminate/Foundation/Exceptions/RegisterErrorViewPaths.php(16): Illuminate\\Support\\Facades\\Facade::__callStatic('replaceNamespac...', Array)
#9 /home/rgusomuk/posbillingwala.com/adminpanel/vendor/laravel/framework/src/Illuminate/Foundation/Exceptions/Handler.php(642): Illuminate\\Foundation\\Exceptions\\RegisterErrorViewPaths->__invoke()
#10 /home/rgusomuk/posbillingwala.com/adminpanel/vendor/laravel/framework/src/Illuminate/Foundation/Exceptions/Handler.php(623): Illuminate\\Foundation\\Exceptions\\Handler->registerErrorViewPaths()
#11 /home/rgusomuk/posbillingwala.com/adminpanel/vendor/laravel/framework/src/Illuminate/Foundation/Exceptions/Handler.php(554): Illuminate\\Foundation\\Exceptions\\Handler->renderHttpException(Object(Symfony\\Component\\HttpKernel\\Exception\\HttpException))
#12 /home/rgusomuk/posbillingwala.com/adminpanel/vendor/laravel/framework/src/Illuminate/Foundation/Exceptions/Handler.php(460): Illuminate\\Foundation\\Exceptions\\Handler->prepareResponse(Object(Illuminate\\Http\\Request), Object(Symfony\\Component\\HttpKernel\\Exception\\HttpException))
#13 /home/rgusomuk/posbillingwala.com/adminpanel/vendor/laravel/framework/src/Illuminate/Foundation/Exceptions/Handler.php(377): Illuminate\\Foundation\\Exceptions\\Handler->renderExceptionResponse(Object(Illuminate\\Http\\Request), Object(Exception))
#14 /home/rgusomuk/posbillingwala.com/adminpanel/vendor/laravel/framework/src/Illuminate/Foundation/Http/Kernel.php(493): Illuminate\\Foundation\\Exceptions\\Handler->render(Object(Illuminate\\Http\\Request), Object(Exception))
#15 /home/rgusomuk/posbillingwala.com/adminpanel/vendor/laravel/framework/src/Illuminate/Foundation/Http/Kernel.php(138): Illuminate\\Foundation\\Http\\Kernel->renderException(Object(Illuminate\\Http\\Request), Object(Exception))
#16 /home/rgusomuk/posbillingwala.com/adminpanel/public/index.php(51): Illuminate\\Foundation\\Http\\Kernel->handle(Object(Illuminate\\Http\\Request))
#17 /home/rgusomuk/posbillingwala.com/adminpanel/index.php(21): require_once('/home/rgusomuk/...')
#18 {main}

[previous exception] [object] (ReflectionException(code: -1): Class \"view\" does not exist at /home/rgusomuk/posbillingwala.com/adminpanel/vendor/laravel/framework/src/Illuminate/Container/Container.php:889)
[stacktrace]
#0 /home/rgusomuk/posbillingwala.com/adminpanel/vendor/laravel/framework/src/Illuminate/Container/Container.php(889): ReflectionClass->__construct('view')
#1 /home/rgusomuk/posbillingwala.com/adminpanel/vendor/laravel/framework/src/Illuminate/Container/Container.php(770): Illuminate\\Container\\Container->build('view')
#2 /home/rgusomuk/posbillingwala.com/adminpanel/vendor/laravel/framework/src/Illuminate/Foundation/Application.php(856): Illuminate\\Container\\Container->resolve('view', Array, true)
#3 /home/rgusomuk/posbillingwala.com/adminpanel/vendor/laravel/framework/src/Illuminate/Container/Container.php(706): Illuminate\\Foundation\\Application->resolve('view', Array)
#4 /home/rgusomuk/posbillingwala.com/adminpanel/vendor/laravel/framework/src/Illuminate/Foundation/Application.php(841): Illuminate\\Container\\Container->make('view', Array)
#5 /home/rgusomuk/posbillingwala.com/adminpanel/vendor/laravel/framework/src/Illuminate/Container/Container.php(1431): Illuminate\\Foundation\\Application->make('view')
#6 /home/rgusomuk/posbillingwala.com/adminpanel/vendor/laravel/framework/src/Illuminate/Support/Facades/Facade.php(222): Illuminate\\Container\\Container->offsetGet('view')
#7 /home/rgusomuk/posbillingwala.com/adminpanel/vendor/laravel/framework/src/Illuminate/Support/Facades/Facade.php(193): Illuminate\\Support\\Facades\\Facade::resolveFacadeInstance('view')
#8 /home/rgusomuk/posbillingwala.com/adminpanel/vendor/laravel/framework/src/Illuminate/Support/Facades/Facade.php(332): Illuminate\\Support\\Facades\\Facade::getFacadeRoot()
#9 /home/rgusomuk/posbillingwala.com/adminpanel/vendor/laravel/framework/src/Illuminate/Foundation/Exceptions/RegisterErrorViewPaths.php(16): Illuminate\\Support\\Facades\\Facade::__callStatic('replaceNamespac...', Array)
#10 /home/rgusomuk/posbillingwala.com/adminpanel/vendor/laravel/framework/src/Illuminate/Foundation/Exceptions/Handler.php(642): Illuminate\\Foundation\\Exceptions\\RegisterErrorViewPaths->__invoke()
#11 /home/rgusomuk/posbillingwala.com/adminpanel/vendor/laravel/framework/src/Illuminate/Foundation/Exceptions/Handler.php(623): Illuminate\\Foundation\\Exceptions\\Handler->registerErrorViewPaths()
#12 /home/rgusomuk/posbillingwala.com/adminpanel/vendor/laravel/framework/src/Illuminate/Foundation/Exceptions/Handler.php(554): Illuminate\\Foundation\\Exceptions\\Handler->renderHttpException(Object(Symfony\\Component\\HttpKernel\\Exception\\HttpException))
#13 /home/rgusomuk/posbillingwala.com/adminpanel/vendor/laravel/framework/src/Illuminate/Foundation/Exceptions/Handler.php(460): Illuminate\\Foundation\\Exceptions\\Handler->prepareResponse(Object(Illuminate\\Http\\Request), Object(Symfony\\Component\\HttpKernel\\Exception\\HttpException))
#14 /home/rgusomuk/posbillingwala.com/adminpanel/vendor/laravel/framework/src/Illuminate/Foundation/Exceptions/Handler.php(377): Illuminate\\Foundation\\Exceptions\\Handler->renderExceptionResponse(Object(Illuminate\\Http\\Request), Object(Exception))
#15 /home/rgusomuk/posbillingwala.com/adminpanel/vendor/laravel/framework/src/Illuminate/Foundation/Http/Kernel.php(493): Illuminate\\Foundation\\Exceptions\\Handler->render(Object(Illuminate\\Http\\Request), Object(Exception))
#16 /home/rgusomuk/posbillingwala.com/adminpanel/vendor/laravel/framework/src/Illuminate/Foundation/Http/Kernel.php(138): Illuminate\\Foundation\\Http\\Kernel->renderException(Object(Illuminate\\Http\\Request), Object(Exception))
#17 /home/rgusomuk/posbillingwala.com/adminpanel/public/index.php(51): Illuminate\\Foundation\\Http\\Kernel->handle(Object(Illuminate\\Http\\Request))
#18 /home/rgusomuk/posbillingwala.com/adminpanel/index.php(21): require_once('/home/rgusomuk/...')
#19 {main}
"} 
[2026-08-25 03:30:54] local.ERROR: Uncaught ReflectionException: Class "view" does not exist in /home/rgusomuk/posbillingwala.com/adminpanel/vendor/laravel/framework/src/Illuminate/Container/Container.php:889
Stack trace:
#0 /home/rgusomuk/posbillingwala.com/adminpanel/vendor/laravel/framework/src/Illuminate/Container/Container.php(889): ReflectionClass->__construct('view')
#1 /home/rgusomuk/posbillingwala.com/adminpanel/vendor/laravel/framework/src/Illuminate/Container/Container.php(770): Illuminate\Container\Container->build('view')
#2 /home/rgusomuk/posbillingwala.com/adminpanel/vendor/laravel/framework/src/Illuminate/Foundation/Application.php(856): Illuminate\Container\Container->resolve('view', Array, true)
#3 /home/rgusomuk/posbillingwala.com/adminpanel/vendor/laravel/framework/src/Illuminate/Container/Container.php(706): Illuminate\Foundation\Application->resolve('view', Array)
#4 /home/rgusomuk/posbillingwala.com/adminpanel/vendor/laravel/framework/src/Illuminate/Foundation/Application.php(841): Illuminate\Container\Container->make('view', Array)
#5 /home/rgusomuk/posbillingwala.com/adminpanel/vendor/laravel/framework/src/Illuminate/Container/Container.php(1431): Illuminate\Foundation\Application->make('view')
#6 /home/rgusomuk/posbillingwala.com/adminpanel/vendor/laravel/framework/src/Illuminate/Support/Facades/Facade.php(222): Illuminate\Container\Container->offsetGet('view')
#7 /home/rgusomuk/posbillingwala.com/adminpanel/vendor/laravel/framework/src/Illuminate/Support/Facades/Facade.php(193): Illuminate\Support\Facades\Facade::resolveFacadeInstance('view')
#8 /home/rgusomuk/posbillingwala.com/adminpanel/vendor/laravel/framework/src/Illuminate/Support/Facades/Facade.php(332): Illuminate\Support\Facades\Facade::getFacadeRoot()
#9 /home/rgusomuk/posbillingwala.com/adminpanel/vendor/laravel/framework/src/Illuminate/Foundation/Exceptions/RegisterErrorViewPaths.php(16): Illuminate\Support\Facades\Facade::__callStatic('replaceNamespac...', Array)
#10 /home/rgusomuk/posbillingwala.com/adminpanel/vendor/laravel/framework/src/Illuminate/Foundation/Exceptions/Handler.php(642): Illuminate\Foundation\Exceptions\RegisterErrorViewPaths->__invoke()
#11 /home/rgusomuk/posbillingwala.com/adminpanel/vendor/laravel/framework/src/Illuminate/Foundation/Exceptions/Handler.php(623): Illuminate\Foundation\Exceptions\Handler->registerErrorViewPaths()
#12 /home/rgusomuk/posbillingwala.com/adminpanel/vendor/laravel/framework/src/Illuminate/Foundation/Exceptions/Handler.php(554): Illuminate\Foundation\Exceptions\Handler->renderHttpException(Object(Symfony\Component\HttpKernel\Exception\HttpException))
#13 /home/rgusomuk/posbillingwala.com/adminpanel/vendor/laravel/framework/src/Illuminate/Foundation/Exceptions/Handler.php(460): Illuminate\Foundation\Exceptions\Handler->prepareResponse(Object(Illuminate\Http\Request), Object(Symfony\Component\HttpKernel\Exception\HttpException))
#14 /home/rgusomuk/posbillingwala.com/adminpanel/vendor/laravel/framework/src/Illuminate/Foundation/Exceptions/Handler.php(377): Illuminate\Foundation\Exceptions\Handler->renderExceptionResponse(Object(Illuminate\Http\Request), Object(Illuminate\Contracts\Container\BindingResolutionException))
#15 /home/rgusomuk/posbillingwala.com/adminpanel/vendor/laravel/framework/src/Illuminate/Foundation/Bootstrap/HandleExceptions.php(229): Illuminate\Foundation\Exceptions\Handler->render(Object(Illuminate\Http\Request), Object(Illuminate\Contracts\Container\BindingResolutionException))
#16 /home/rgusomuk/posbillingwala.com/adminpanel/vendor/laravel/framework/src/Illuminate/Foundation/Bootstrap/HandleExceptions.php(206): Illuminate\Foundation\Bootstrap\HandleExceptions->renderHttpResponse(Object(Illuminate\Contracts\Container\BindingResolutionException))
#17 /home/rgusomuk/posbillingwala.com/adminpanel/vendor/laravel/framework/src/Illuminate/Foundation/Bootstrap/HandleExceptions.php(266): Illuminate\Foundation\Bootstrap\HandleExceptions->handleException(Object(Illuminate\Contracts\Container\BindingResolutionException))
#18 [internal function]: Illuminate\Foundation\Bootstrap\HandleExceptions->Illuminate\Foundation\Bootstrap\{closure}(Object(Illuminate\Contracts\Container\BindingResolutionException))
#19 {main}

Next Illuminate\Contracts\Container\BindingResolutionException: Target class [view] does not exist. in /home/rgusomuk/posbillingwala.com/adminpanel/vendor/laravel/framework/src/Illuminate/Container/Container.php:891
Stack trace:
#0 /home/rgusomuk/posbillingwala.com/adminpanel/vendor/laravel/framework/src/Illuminate/Container/Container.php(770): Illuminate\Container\Container->build('view')
#1 /home/rgusomuk/posbillingwala.com/adminpanel/vendor/laravel/framework/src/Illuminate/Foundation/Application.php(856): Illuminate\Container\Container->resolve('view', Array, true)
#2 /home/rgusomuk/posbillingwala.com/adminpanel/vendor/laravel/framework/src/Illuminate/Container/Container.php(706): Illuminate\Foundation\Application->resolve('view', Array)
#3 /home/rgusomuk/posbillingwala.com/adminpanel/vendor/laravel/framework/src/Illuminate/Foundation/Application.php(841): Illuminate\Container\Container->make('view', Array)
#4 /home/rgusomuk/posbillingwala.com/adminpanel/vendor/laravel/framework/src/Illuminate/Container/Container.php(1431): Illuminate\Foundation\Application->make('view')
#5 /home/rgusomuk/posbillingwala.com/adminpanel/vendor/laravel/framework/src/Illuminate/Support/Facades/Facade.php(222): Illuminate\Container\Container->offsetGet('view')
#6 /home/rgusomuk/posbillingwala.com/adminpanel/vendor/laravel/framework/src/Illuminate/Support/Facades/Facade.php(193): Illuminate\Support\Facades\Facade::resolveFacadeInstance('view')
#7 /home/rgusomuk/posbillingwala.com/adminpanel/vendor/laravel/framework/src/Illuminate/Support/Facades/Facade.php(332): Illuminate\Support\Facades\Facade::getFacadeRoot()
#8 /home/rgusomuk/posbillingwala.com/adminpanel/vendor/laravel/framework/src/Illuminate/Foundation/Exceptions/RegisterErrorViewPaths.php(16): Illuminate\Support\Facades\Facade::__callStatic('replaceNamespac...', Array)
#9 /home/rgusomuk/posbillingwala.com/adminpanel/vendor/laravel/framework/src/Illuminate/Foundation/Exceptions/Handler.php(642): Illuminate\Foundation\Exceptions\RegisterErrorViewPaths->__invoke()
#10 /home/rgusomuk/posbillingwala.com/adminpanel/vendor/laravel/framework/src/Illuminate/Foundation/Exceptions/Handler.php(623): Illuminate\Foundation\Exceptions\Handler->registerErrorViewPaths()
#11 /home/rgusomuk/posbillingwala.com/adminpanel/vendor/laravel/framework/src/Illuminate/Foundation/Exceptions/Handler.php(554): Illuminate\Foundation\Exceptions\Handler->renderHttpException(Object(Symfony\Component\HttpKernel\Exception\HttpException))
#12 /home/rgusomuk/posbillingwala.com/adminpanel/vendor/laravel/framework/src/Illuminate/Foundation/Exceptions/Handler.php(460): Illuminate\Foundation\Exceptions\Handler->prepareResponse(Object(Illuminate\Http\Request), Object(Symfony\Component\HttpKernel\Exception\HttpException))
#13 /home/rgusomuk/posbillingwala.com/adminpanel/vendor/laravel/framework/src/Illuminate/Foundation/Exceptions/Handler.php(377): Illuminate\Foundation\Exceptions\Handler->renderExceptionResponse(Object(Illuminate\Http\Request), Object(Illuminate\Contracts\Container\BindingResolutionException))
#14 /home/rgusomuk/posbillingwala.com/adminpanel/vendor/laravel/framework/src/Illuminate/Foundation/Bootstrap/HandleExceptions.php(229): Illuminate\Foundation\Exceptions\Handler->render(Object(Illuminate\Http\Request), Object(Illuminate\Contracts\Container\BindingResolutionException))
#15 /home/rgusomuk/posbillingwala.com/adminpanel/vendor/laravel/framework/src/Illuminate/Foundation/Bootstrap/HandleExceptions.php(206): Illuminate\Foundation\Bootstrap\HandleExceptions->renderHttpResponse(Object(Illuminate\Contracts\Container\BindingResolutionException))
#16 /home/rgusomuk/posbillingwala.com/adminpanel/vendor/laravel/framework/src/Illuminate/Foundation/Bootstrap/HandleExceptions.php(266): Illuminate\Foundation\Bootstrap\HandleExceptions->handleException(Object(Illuminate\Contracts\Container\BindingResolutionException))
#17 [internal function]: Illuminate\Foundation\Bootstrap\HandleExceptions->Illuminate\Foundation\Bootstrap\{closure}(Object(Illuminate\Contracts\Container\BindingResolutionException))
#18 {main}
  thrown {"exception":"[object] (Symfony\\Component\\ErrorHandler\\Error\\FatalError(code: 0): Uncaught ReflectionException: Class \"view\" does not exist in /home/rgusomuk/posbillingwala.com/adminpanel/vendor/laravel/framework/src/Illuminate/Container/Container.php:889
Stack trace:
#0 /home/rgusomuk/posbillingwala.com/adminpanel/vendor/laravel/framework/src/Illuminate/Container/Container.php(889): ReflectionClass->__construct('view')
#1 /home/rgusomuk/posbillingwala.com/adminpanel/vendor/laravel/framework/src/Illuminate/Container/Container.php(770): Illuminate\\Container\\Container->build('view')
#2 /home/rgusomuk/posbillingwala.com/adminpanel/vendor/laravel/framework/src/Illuminate/Foundation/Application.php(856): Illuminate\\Container\\Container->resolve('view', Array, true)
#3 /home/rgusomuk/posbillingwala.com/adminpanel/vendor/laravel/framework/src/Illuminate/Container/Container.php(706): Illuminate\\Foundation\\Application->resolve('view', Array)
#4 /home/rgusomuk/posbillingwala.com/adminpanel/vendor/laravel/framework/src/Illuminate/Foundation/Application.php(841): Illuminate\\Container\\Container->make('view', Array)
#5 /home/rgusomuk/posbillingwala.com/adminpanel/vendor/laravel/framework/src/Illuminate/Container/Container.php(1431): Illuminate\\Foundation\\Application->make('view')
#6 /home/rgusomuk/posbillingwala.com/adminpanel/vendor/laravel/framework/src/Illuminate/Support/Facades/Facade.php(222): Illuminate\\Container\\Container->offsetGet('view')
#7 /home/rgusomuk/posbillingwala.com/adminpanel/vendor/laravel/framework/src/Illuminate/Support/Facades/Facade.php(193): Illuminate\\Support\\Facades\\Facade::resolveFacadeInstance('view')
#8 /home/rgusomuk/posbillingwala.com/adminpanel/vendor/laravel/framework/src/Illuminate/Support/Facades/Facade.php(332): Illuminate\\Support\\Facades\\Facade::getFacadeRoot()
#9 /home/rgusomuk/posbillingwala.com/adminpanel/vendor/laravel/framework/src/Illuminate/Foundation/Exceptions/RegisterErrorViewPaths.php(16): Illuminate\\Support\\Facades\\Facade::__callStatic('replaceNamespac...', Array)
#10 /home/rgusomuk/posbillingwala.com/adminpanel/vendor/laravel/framework/src/Illuminate/Foundation/Exceptions/Handler.php(642): Illuminate\\Foundation\\Exceptions\\RegisterErrorViewPaths->__invoke()
#11 /home/rgusomuk/posbillingwala.com/adminpanel/vendor/laravel/framework/src/Illuminate/Foundation/Exceptions/Handler.php(623): Illuminate\\Foundation\\Exceptions\\Handler->registerErrorViewPaths()
#12 /home/rgusomuk/posbillingwala.com/adminpanel/vendor/laravel/framework/src/Illuminate/Foundation/Exceptions/Handler.php(554): Illuminate\\Foundation\\Exceptions\\Handler->renderHttpException(Object(Symfony\\Component\\HttpKernel\\Exception\\HttpException))
#13 /home/rgusomuk/posbillingwala.com/adminpanel/vendor/laravel/framework/src/Illuminate/Foundation/Exceptions/Handler.php(460): Illuminate\\Foundation\\Exceptions\\Handler->prepareResponse(Object(Illuminate\\Http\\Request), Object(Symfony\\Component\\HttpKernel\\Exception\\HttpException))
#14 /home/rgusomuk/posbillingwala.com/adminpanel/vendor/laravel/framework/src/Illuminate/Foundation/Exceptions/Handler.php(377): Illuminate\\Foundation\\Exceptions\\Handler->renderExceptionResponse(Object(Illuminate\\Http\\Request), Object(Illuminate\\Contracts\\Container\\BindingResolutionException))
#15 /home/rgusomuk/posbillingwala.com/adminpanel/vendor/laravel/framework/src/Illuminate/Foundation/Bootstrap/HandleExceptions.php(229): Illuminate\\Foundation\\Exceptions\\Handler->render(Object(Illuminate\\Http\\Request), Object(Illuminate\\Contracts\\Container\\BindingResolutionException))
#16 /home/rgusomuk/posbillingwala.com/adminpanel/vendor/laravel/framework/src/Illuminate/Foundation/Bootstrap/HandleExceptions.php(206): Illuminate\\Foundation\\Bootstrap\\HandleExceptions->renderHttpResponse(Object(Illuminate\\Contracts\\Container\\BindingResolutionException))
#17 /home/rgusomuk/posbillingwala.com/adminpanel/vendor/laravel/framework/src/Illuminate/Foundation/Bootstrap/HandleExceptions.php(266): Illuminate\\Foundation\\Bootstrap\\HandleExceptions->handleException(Object(Illuminate\\Contracts\\Container\\BindingResolutionException))
#18 [internal function]: Illuminate\\Foundation\\Bootstrap\\HandleExceptions->Illuminate\\Foundation\\Bootstrap\\{closure}(Object(Illuminate\\Contracts\\Container\\BindingResolutionException))
#19 {main}

Next Illuminate\\Contracts\\Container\\BindingResolutionException: Target class [view] does not exist. in /home/rgusomuk/posbillingwala.com/adminpanel/vendor/laravel/framework/src/Illuminate/Container/Container.php:891
Stack trace:
#0 /home/rgusomuk/posbillingwala.com/adminpanel/vendor/laravel/framework/src/Illuminate/Container/Container.php(770): Illuminate\\Container\\Container->build('view')
#1 /home/rgusomuk/posbillingwala.com/adminpanel/vendor/laravel/framework/src/Illuminate/Foundation/Application.php(856): Illuminate\\Container\\Container->resolve('view', Array, true)
#2 /home/rgusomuk/posbillingwala.com/adminpanel/vendor/laravel/framework/src/Illuminate/Container/Container.php(706): Illuminate\\Foundation\\Application->resolve('view', Array)
#3 /home/rgusomuk/posbillingwala.com/adminpanel/vendor/laravel/framework/src/Illuminate/Foundation/Application.php(841): Illuminate\\Container\\Container->make('view', Array)
#4 /home/rgusomuk/posbillingwala.com/adminpanel/vendor/laravel/framework/src/Illuminate/Container/Container.php(1431): Illuminate\\Foundation\\Application->make('view')
#5 /home/rgusomuk/posbillingwala.com/adminpanel/vendor/laravel/framework/src/Illuminate/Support/Facades/Facade.php(222): Illuminate\\Container\\Container->offsetGet('view')
#6 /home/rgusomuk/posbillingwala.com/adminpanel/vendor/laravel/framework/src/Illuminate/Support/Facades/Facade.php(193): Illuminate\\Support\\Facades\\Facade::resolveFacadeInstance('view')
#7 /home/rgusomuk/posbillingwala.com/adminpanel/vendor/laravel/framework/src/Illuminate/Support/Facades/Facade.php(332): Illuminate\\Support\\Facades\\Facade::getFacadeRoot()
#8 /home/rgusomuk/posbillingwala.com/adminpanel/vendor/laravel/framework/src/Illuminate/Foundation/Exceptions/RegisterErrorViewPaths.php(16): Illuminate\\Support\\Facades\\Facade::__callStatic('replaceNamespac...', Array)
#9 /home/rgusomuk/posbillingwala.com/adminpanel/vendor/laravel/framework/src/Illuminate/Foundation/Exceptions/Handler.php(642): Illuminate\\Foundation\\Exceptions\\RegisterErrorViewPaths->__invoke()
#10 /home/rgusomuk/posbillingwala.com/adminpanel/vendor/laravel/framework/src/Illuminate/Foundation/Exceptions/Handler.php(623): Illuminate\\Foundation\\Exceptions\\Handler->registerErrorViewPaths()
#11 /home/rgusomuk/posbillingwala.com/adminpanel/vendor/laravel/framework/src/Illuminate/Foundation/Exceptions/Handler.php(554): Illuminate\\Foundation\\Exceptions\\Handler->renderHttpException(Object(Symfony\\Component\\HttpKernel\\Exception\\HttpException))
#12 /home/rgusomuk/posbillingwala.com/adminpanel/vendor/laravel/framework/src/Illuminate/Foundation/Exceptions/Handler.php(460): Illuminate\\Foundation\\Exceptions\\Handler->prepareResponse(Object(Illuminate\\Http\\Request), Object(Symfony\\Component\\HttpKernel\\Exception\\HttpException))
#13 /home/rgusomuk/posbillingwala.com/adminpanel/vendor/laravel/framework/src/Illuminate/Foundation/Exceptions/Handler.php(377): Illuminate\\Foundation\\Exceptions\\Handler->renderExceptionResponse(Object(Illuminate\\Http\\Request), Object(Illuminate\\Contracts\\Container\\BindingResolutionException))
#14 /home/rgusomuk/posbillingwala.com/adminpanel/vendor/laravel/framework/src/Illuminate/Foundation/Bootstrap/HandleExceptions.php(229): Illuminate\\Foundation\\Exceptions\\Handler->render(Object(Illuminate\\Http\\Request), Object(Illuminate\\Contracts\\Container\\BindingResolutionException))
#15 /home/rgusomuk/posbillingwala.com/adminpanel/vendor/laravel/framework/src/Illuminate/Foundation/Bootstrap/HandleExceptions.php(206): Illuminate\\Foundation\\Bootstrap\\HandleExceptions->renderHttpResponse(Object(Illuminate\\Contracts\\Container\\BindingResolutionException))
#16 /home/rgusomuk/posbillingwala.com/adminpanel/vendor/laravel/framework/src/Illuminate/Foundation/Bootstrap/HandleExceptions.php(266): Illuminate\\Foundation\\Bootstrap\\HandleExceptions->handleException(Object(Illuminate\\Contracts\\Container\\BindingResolutionException))
#17 [internal function]: Illuminate\\Foundation\\Bootstrap\\HandleExceptions->Illuminate\\Foundation\\Bootstrap\\{closure}(Object(Illuminate\\Contracts\\Container\\BindingResolutionException))
#18 {main}
  thrown at /home/rgusomuk/posbillingwala.com/adminpanel/vendor/laravel/framework/src/Illuminate/Container/Container.php:891)
[stacktrace]
#0 {main}
"} 
[2026-08-25 03:34:20] local.ERROR: The /home/rgusomuk/posbillingwala.com/adminpanel/bootstrap/cache directory must be present and writable. {"exception":"[object] (Exception(code: 0): The /home/rgusomuk/posbillingwala.com/adminpanel/bootstrap/cache directory must be present and writable. at /home/rgusomuk/posbillingwala.com/adminpanel/vendor/laravel/framework/src/Illuminate/Foundation/PackageManifest.php:178)
[stacktrace]
#0 /home/rgusomuk/posbillingwala.com/adminpanel/vendor/laravel/framework/src/Illuminate/Foundation/PackageManifest.php(131): Illuminate\\Foundation\\PackageManifest->write(Array)
#1 /home/rgusomuk/posbillingwala.com/adminpanel/vendor/laravel/framework/src/Illuminate/Foundation/PackageManifest.php(107): Illuminate\\Foundation\\PackageManifest->build()
#2 /home/rgusomuk/posbillingwala.com/adminpanel/vendor/laravel/framework/src/Illuminate/Foundation/PackageManifest.php(90): Illuminate\\Foundation\\PackageManifest->getManifest()
#3 /home/rgusomuk/posbillingwala.com/adminpanel/vendor/laravel/framework/src/Illuminate/Foundation/PackageManifest.php(79): Illuminate\\Foundation\\PackageManifest->config('aliases')
#4 /home/rgusomuk/posbillingwala.com/adminpanel/vendor/laravel/framework/src/Illuminate/Foundation/Bootstrap/RegisterFacades.php(26): Illuminate\\Foundation\\PackageManifest->aliases()
#5 /home/rgusomuk/posbillingwala.com/adminpanel/vendor/laravel/framework/src/Illuminate/Foundation/Application.php(242): Illuminate\\Foundation\\Bootstrap\\RegisterFacades->bootstrap(Object(Illuminate\\Foundation\\Application))
#6 /home/rgusomuk/posbillingwala.com/adminpanel/vendor/laravel/framework/src/Illuminate/Foundation/Console/Kernel.php(383): Illuminate\\Foundation\\Application->bootstrapWith(Array)
#7 /home/rgusomuk/posbillingwala.com/adminpanel/vendor/laravel/framework/src/Illuminate/Foundation/Console/Kernel.php(153): Illuminate\\Foundation\\Console\\Kernel->bootstrap()
#8 /home/rgusomuk/posbillingwala.com/adminpanel/artisan(35): Illuminate\\Foundation\\Console\\Kernel->handle(Object(Symfony\\Component\\Console\\Input\\ArgvInput), Object(Symfony\\Component\\Console\\Output\\ConsoleOutput))
#9 {main}
"} 
[2026-08-25 15:06:14] local.ERROR: SQLSTATE[42S22]: Column not found: 1054 Unknown column 'users.licenseKey' in 'WHERE' (SQL: select count(*) as aggregate from `users` inner join `licenses` on `licenses`.`userId` = `users`.`id` where `licenses`.`userType` = owner and `users`.`role_id` = 3 and (LOWER(`users`.`name`) LIKE %m% or LOWER(`users`.`contact_number`) LIKE %m% or LOWER(`users`.`shopName`) LIKE %m% or LOWER(`users`.`licenseKey`) LIKE %m% or LOWER(`users`.`expiryDate`) LIKE %m% or LOWER(`users`.`licenseStatus`) LIKE %m% or LOWER(`users`.`licenseStatus`) LIKE %m%)) {"userId":1,"exception":"[object] (Illuminate\\Database\\QueryException(code: 42S22): SQLSTATE[42S22]: Column not found: 1054 Unknown column 'users.licenseKey' in 'WHERE' (SQL: select count(*) as aggregate from `users` inner join `licenses` on `licenses`.`userId` = `users`.`id` where `licenses`.`userType` = owner and `users`.`role_id` = 3 and (LOWER(`users`.`name`) LIKE %m% or LOWER(`users`.`contact_number`) LIKE %m% or LOWER(`users`.`shopName`) LIKE %m% or LOWER(`users`.`licenseKey`) LIKE %m% or LOWER(`users`.`expiryDate`) LIKE %m% or LOWER(`users`.`licenseStatus`) LIKE %m% or LOWER(`users`.`licenseStatus`) LIKE %m%)) at /home/rgusomuk/admin.posbillingwala.com/vendor/laravel/framework/src/Illuminate/Database/Connection.php:760)
[stacktrace]
#0 /home/rgusomuk/admin.posbillingwala.com/vendor/laravel/framework/src/Illuminate/Database/Connection.php(720): Illuminate\\Database\\Connection->runQueryCallback('select count(*)...', Array, Object(Closure))
#1 /home/rgusomuk/admin.posbillingwala.com/vendor/laravel/framework/src/Illuminate/Database/Connection.php(405): Illuminate\\Database\\Connection->run('select count(*)...', Array, Object(Closure))
#2 /home/rgusomuk/admin.posbillingwala.com/vendor/laravel/framework/src/Illuminate/Database/Query/Builder.php(2705): Illuminate\\Database\\Connection->select('select count(*)...', Array, true)
#3 /home/rgusomuk/admin.posbillingwala.com/vendor/laravel/framework/src/Illuminate/Database/Query/Builder.php(2694): Illuminate\\Database\\Query\\Builder->runSelect()
#4 /home/rgusomuk/admin.posbillingwala.com/vendor/laravel/framework/src/Illuminate/Database/Query/Builder.php(3230): Illuminate\\Database\\Query\\Builder->{closure:Illuminate\\Database\\Query\\Builder::get():2693}()
#5 /home/rgusomuk/admin.posbillingwala.com/vendor/laravel/framework/src/Illuminate/Database/Query/Builder.php(2693): Illuminate\\Database\\Query\\Builder->onceWithColumns(Array, Object(Closure))
#6 /home/rgusomuk/admin.posbillingwala.com/vendor/laravel/framework/src/Illuminate/Database/Query/Builder.php(3157): Illuminate\\Database\\Query\\Builder->get(Array)
#7 /home/rgusomuk/admin.posbillingwala.com/vendor/laravel/framework/src/Illuminate/Database/Query/Builder.php(3085): Illuminate\\Database\\Query\\Builder->aggregate('count', Array)
#8 /home/rgusomuk/admin.posbillingwala.com/vendor/laravel/framework/src/Illuminate/Database/Eloquent/Builder.php(1869): Illuminate\\Database\\Query\\Builder->count()
#9 /home/rgusomuk/admin.posbillingwala.com/vendor/yajra/laravel-datatables-oracle/src/QueryDataTable.php(146): Illuminate\\Database\\Eloquent\\Builder->__call('count', Array)
#10 /home/rgusomuk/admin.posbillingwala.com/vendor/yajra/laravel-datatables-oracle/src/DataTableAbstract.php(805): Yajra\\DataTables\\QueryDataTable->count()
#11 /home/rgusomuk/admin.posbillingwala.com/vendor/yajra/laravel-datatables-oracle/src/DataTableAbstract.php(731): Yajra\\DataTables\\DataTableAbstract->filteredCount()
#12 /home/rgusomuk/admin.posbillingwala.com/vendor/yajra/laravel-datatables-oracle/src/QueryDataTable.php(129): Yajra\\DataTables\\DataTableAbstract->filterRecords()
#13 /home/rgusomuk/admin.posbillingwala.com/vendor/yajra/laravel-datatables-oracle/src/QueryDataTable.php(99): Yajra\\DataTables\\QueryDataTable->prepareQuery()
#14 /home/rgusomuk/admin.posbillingwala.com/app/Http/Controllers/CustomerController.php(23): Yajra\\DataTables\\QueryDataTable->make(true)
#15 /home/rgusomuk/admin.posbillingwala.com/vendor/laravel/framework/src/Illuminate/Routing/Controller.php(54): App\\Http\\Controllers\\CustomerController->getAllCustomers(Object(Illuminate\\Http\\Request))
#16 /home/rgusomuk/admin.posbillingwala.com/vendor/laravel/framework/src/Illuminate/Routing/ControllerDispatcher.php(43): Illuminate\\Routing\\Controller->callAction('getAllCustomers', Array)
#17 /home/rgusomuk/admin.posbillingwala.com/vendor/laravel/framework/src/Illuminate/Routing/Route.php(259): Illuminate\\Routing\\ControllerDispatcher->dispatch(Object(Illuminate\\Routing\\Route), Object(App\\Http\\Controllers\\CustomerController), 'getAllCustomers')
#18 /home/rgusomuk/admin.posbillingwala.com/vendor/laravel/framework/src/Illuminate/Routing/Route.php(205): Illuminate\\Routing\\Route->runController()
#19 /home/rgusomuk/admin.posbillingwala.com/vendor/laravel/framework/src/Illuminate/Routing/Router.php(798): Illuminate\\Routing\\Route->run()
#20 /home/rgusomuk/admin.posbillingwala.com/vendor/laravel/framework/src/Illuminate/Pipeline/Pipeline.php(141): Illuminate\\Routing\\Router->{closure:Illuminate\\Routing\\Router::runRouteWithinStack():797}(Object(Illuminate\\Http\\Request))
#21 /home/rgusomuk/admin.posbillingwala.com/vendor/laravel/framework/src/Illuminate/Routing/Middleware/SubstituteBindings.php(50): Illuminate\\Pipeline\\Pipeline->{closure:Illuminate\\Pipeline\\Pipeline::prepareDestination():139}(Object(Illuminate\\Http\\Request))
#22 /home/rgusomuk/admin.posbillingwala.com/vendor/laravel/framework/src/Illuminate/Pipeline/Pipeline.php(180): Illuminate\\Routing\\Middleware\\SubstituteBindings->handle(Object(Illuminate\\Http\\Request), Object(Closure))
#23 /home/rgusomuk/admin.posbillingwala.com/vendor/laravel/framework/src/Illuminate/Auth/Middleware/Authenticate.php(44): Illuminate\\Pipeline\\Pipeline->{closure:{closure:Illuminate\\Pipeline\\Pipeline::carry():155}:156}(Object(Illuminate\\Http\\Request))
#24 /home/rgusomuk/admin.posbillingwala.com/vendor/laravel/framework/src/Illuminate/Pipeline/Pipeline.php(180): Illuminate\\Auth\\Middleware\\Authenticate->handle(Object(Illuminate\\Http\\Request), Object(Closure))
#25 /home/rgusomuk/admin.posbillingwala.com/vendor/laravel/framework/src/Illuminate/Foundation/Http/Middleware/VerifyCsrfToken.php(78): Illuminate\\Pipeline\\Pipeline->{closure:{closure:Illuminate\\Pipeline\\Pipeline::carry():155}:156}(Object(Illuminate\\Http\\Request))
#26 /home/rgusomuk/admin.posbillingwala.com/vendor/laravel/framework/src/Illuminate/Pipeline/Pipeline.php(180): Illuminate\\Foundation\\Http\\Middleware\\VerifyCsrfToken->handle(Object(Illuminate\\Http\\Request), Object(Closure))
#27 /home/rgusomuk/admin.posbillingwala.com/vendor/laravel/framework/src/Illuminate/View/Middleware/ShareErrorsFromSession.php(49): Illuminate\\Pipeline\\Pipeline->{closure:{closure:Illuminate\\Pipeline\\Pipeline::carry():155}:156}(Object(Illuminate\\Http\\Request))
#28 /home/rgusomuk/admin.posbillingwala.com/vendor/laravel/framework/src/Illuminate/Pipeline/Pipeline.php(180): Illuminate\\View\\Middleware\\ShareErrorsFromSession->handle(Object(Illuminate\\Http\\Request), Object(Closure))
#29 /home/rgusomuk/admin.posbillingwala.com/vendor/laravel/framework/src/Illuminate/Session/Middleware/StartSession.php(121): Illuminate\\Pipeline\\Pipeline->{closure:{closure:Illuminate\\Pipeline\\Pipeline::carry():155}:156}(Object(Illuminate\\Http\\Request))
#30 /home/rgusomuk/admin.posbillingwala.com/vendor/laravel/framework/src/Illuminate/Session/Middleware/StartSession.php(64): Illuminate\\Session\\Middleware\\StartSession->handleStatefulRequest(Object(Illuminate\\Http\\Request), Object(Illuminate\\Session\\Store), Object(Closure))
#31 /home/rgusomuk/admin.posbillingwala.com/vendor/laravel/framework/src/Illuminate/Pipeline/Pipeline.php(180): Illuminate\\Session\\Middleware\\StartSession->handle(Object(Illuminate\\Http\\Request), Object(Closure))
#32 /home/rgusomuk/admin.posbillingwala.com/vendor/laravel/framework/src/Illuminate/Cookie/Middleware/AddQueuedCookiesToResponse.php(37): Illuminate\\Pipeline\\Pipeline->{closure:{closure:Illuminate\\Pipeline\\Pipeline::carry():155}:156}(Object(Illuminate\\Http\\Request))
#33 /home/rgusomuk/admin.posbillingwala.com/vendor/laravel/framework/src/Illuminate/Pipeline/Pipeline.php(180): Illuminate\\Cookie\\Middleware\\AddQueuedCookiesToResponse->handle(Object(Illuminate\\Http\\Request), Object(Closure))
#34 /home/rgusomuk/admin.posbillingwala.com/vendor/laravel/framework/src/Illuminate/Cookie/Middleware/EncryptCookies.php(67): Illuminate\\Pipeline\\Pipeline->{closure:{closure:Illuminate\\Pipeline\\Pipeline::carry():155}:156}(Object(Illuminate\\Http\\Request))
#35 /home/rgusomuk/admin.posbillingwala.com/vendor/laravel/framework/src/Illuminate/Pipeline/Pipeline.php(180): Illuminate\\Cookie\\Middleware\\EncryptCookies->handle(Object(Illuminate\\Http\\Request), Object(Closure))
#36 /home/rgusomuk/admin.posbillingwala.com/vendor/laravel/framework/src/Illuminate/Pipeline/Pipeline.php(116): Illuminate\\Pipeline\\Pipeline->{closure:{closure:Illuminate\\Pipeline\\Pipeline::carry():155}:156}(Object(Illuminate\\Http\\Request))
#37 /home/rgusomuk/admin.posbillingwala.com/vendor/laravel/framework/src/Illuminate/Routing/Router.php(797): Illuminate\\Pipeline\\Pipeline->then(Object(Closure))
#38 /home/rgusomuk/admin.posbillingwala.com/vendor/laravel/framework/src/Illuminate/Routing/Router.php(776): Illuminate\\Routing\\Router->runRouteWithinStack(Object(Illuminate\\Routing\\Route), Object(Illuminate\\Http\\Request))
#39 /home/rgusomuk/admin.posbillingwala.com/vendor/laravel/framework/src/Illuminate/Routing/Router.php(740): Illuminate\\Routing\\Router->runRoute(Object(Illuminate\\Http\\Request), Object(Illuminate\\Routing\\Route))
#40 /home/rgusomuk/admin.posbillingwala.com/vendor/laravel/framework/src/Illuminate/Routing/Router.php(729): Illuminate\\Routing\\Router->dispatchToRoute(Object(Illuminate\\Http\\Request))
#41 /home/rgusomuk/admin.posbillingwala.com/vendor/laravel/framework/src/Illuminate/Foundation/Http/Kernel.php(190): Illuminate\\Routing\\Router->dispatch(Object(Illuminate\\Http\\Request))
#42 /home/rgusomuk/admin.posbillingwala.com/vendor/laravel/framework/src/Illuminate/Pipeline/Pipeline.php(141): Illuminate\\Foundation\\Http\\Kernel->{closure:Illuminate\\Foundation\\Http\\Kernel::dispatchToRouter():187}(Object(Illuminate\\Http\\Request))
#43 /home/rgusomuk/admin.posbillingwala.com/vendor/laravel/framework/src/Illuminate/Foundation/Http/Middleware/TransformsRequest.php(21): Illuminate\\Pipeline\\Pipeline->{closure:Illuminate\\Pipeline\\Pipeline::prepareDestination():139}(Object(Illuminate\\Http\\Request))
#44 /home/rgusomuk/admin.posbillingwala.com/vendor/laravel/framework/src/Illuminate/Foundation/Http/Middleware/ConvertEmptyStringsToNull.php(31): Illuminate\\Foundation\\Http\\Middleware\\TransformsRequest->handle(Object(Illuminate\\Http\\Request), Object(Closure))
#45 /home/rgusomuk/admin.posbillingwala.com/vendor/laravel/framework/src/Illuminate/Pipeline/Pipeline.php(180): Illuminate\\Foundation\\Http\\Middleware\\ConvertEmptyStringsToNull->handle(Object(Illuminate\\Http\\Request), Object(Closure))
#46 /home/rgusomuk/admin.posbillingwala.com/vendor/laravel/framework/src/Illuminate/Foundation/Http/Middleware/TransformsRequest.php(21): Illuminate\\Pipeline\\Pipeline->{closure:{closure:Illuminate\\Pipeline\\Pipeline::carry():155}:156}(Object(Illuminate\\Http\\Request))
#47 /home/rgusomuk/admin.posbillingwala.com/vendor/laravel/framework/src/Illuminate/Foundation/Http/Middleware/TrimStrings.php(40): Illuminate\\Foundation\\Http\\Middleware\\TransformsRequest->handle(Object(Illuminate\\Http\\Request), Object(Closure))
#48 /home/rgusomuk/admin.posbillingwala.com/vendor/laravel/framework/src/Illuminate/Pipeline/Pipeline.php(180): Illuminate\\Foundation\\Http\\Middleware\\TrimStrings->handle(Object(Illuminate\\Http\\Request), Object(Closure))
#49 /home/rgusomuk/admin.posbillingwala.com/vendor/laravel/framework/src/Illuminate/Foundation/Http/Middleware/ValidatePostSize.php(27): Illuminate\\Pipeline\\Pipeline->{closure:{closure:Illuminate\\Pipeline\\Pipeline::carry():155}:156}(Object(Illuminate\\Http\\Request))
#50 /home/rgusomuk/admin.posbillingwala.com/vendor/laravel/framework/src/Illuminate/Pipeline/Pipeline.php(180): Illuminate\\Foundation\\Http\\Middleware\\ValidatePostSize->handle(Object(Illuminate\\Http\\Request), Object(Closure))
#51 /home/rgusomuk/admin.posbillingwala.com/vendor/laravel/framework/src/Illuminate/Foundation/Http/Middleware/PreventRequestsDuringMaintenance.php(86): Illuminate\\Pipeline\\Pipeline->{closure:{closure:Illuminate\\Pipeline\\Pipeline::carry():155}:156}(Object(Illuminate\\Http\\Request))
#52 /home/rgusomuk/admin.posbillingwala.com/vendor/laravel/framework/src/Illuminate/Pipeline/Pipeline.php(180): Illuminate\\Foundation\\Http\\Middleware\\PreventRequestsDuringMaintenance->handle(Object(Illuminate\\Http\\Request), Object(Closure))
#53 /home/rgusomuk/admin.posbillingwala.com/vendor/laravel/framework/src/Illuminate/Http/Middleware/HandleCors.php(49): Illuminate\\Pipeline\\Pipeline->{closure:{closure:Illuminate\\Pipeline\\Pipeline::carry():155}:156}(Object(Illuminate\\Http\\Request))
#54 /home/rgusomuk/admin.posbillingwala.com/vendor/laravel/framework/src/Illuminate/Pipeline/Pipeline.php(180): Illuminate\\Http\\Middleware\\HandleCors->handle(Object(Illuminate\\Http\\Request), Object(Closure))
#55 /home/rgusomuk/admin.posbillingwala.com/vendor/laravel/framework/src/Illuminate/Http/Middleware/TrustProxies.php(39): Illuminate\\Pipeline\\Pipeline->{closure:{closure:Illuminate\\Pipeline\\Pipeline::carry():155}:156}(Object(Illuminate\\Http\\Request))
#56 /home/rgusomuk/admin.posbillingwala.com/vendor/laravel/framework/src/Illuminate/Pipeline/Pipeline.php(180): Illuminate\\Http\\Middleware\\TrustProxies->handle(Object(Illuminate\\Http\\Request), Object(Closure))
#57 /home/rgusomuk/admin.posbillingwala.com/vendor/laravel/framework/src/Illuminate/Pipeline/Pipeline.php(116): Illuminate\\Pipeline\\Pipeline->{closure:{closure:Illuminate\\Pipeline\\Pipeline::carry():155}:156}(Object(Illuminate\\Http\\Request))
#58 /home/rgusomuk/admin.posbillingwala.com/vendor/laravel/framework/src/Illuminate/Foundation/Http/Kernel.php(165): Illuminate\\Pipeline\\Pipeline->then(Object(Closure))
#59 /home/rgusomuk/admin.posbillingwala.com/vendor/laravel/framework/src/Illuminate/Foundation/Http/Kernel.php(134): Illuminate\\Foundation\\Http\\Kernel->sendRequestThroughRouter(Object(Illuminate\\Http\\Request))
#60 /home/rgusomuk/admin.posbillingwala.com/public/index.php(51): Illuminate\\Foundation\\Http\\Kernel->handle(Object(Illuminate\\Http\\Request))
#61 /home/rgusomuk/admin.posbillingwala.com/index.php(21): require_once('/home/rgusomuk/...')
#62 {main}

[previous exception] [object] (PDOException(code: 42S22): SQLSTATE[42S22]: Column not found: 1054 Unknown column 'users.licenseKey' in 'WHERE' at /home/rgusomuk/admin.posbillingwala.com/vendor/laravel/framework/src/Illuminate/Database/Connection.php:414)
[stacktrace]
#0 /home/rgusomuk/admin.posbillingwala.com/vendor/laravel/framework/src/Illuminate/Database/Connection.php(414): PDO->prepare('select count(*)...')
#1 /home/rgusomuk/admin.posbillingwala.com/vendor/laravel/framework/src/Illuminate/Database/Connection.php(753): Illuminate\\Database\\Connection->{closure:Illuminate\\Database\\Connection::select():405}('select count(*)...', Array)
#2 /home/rgusomuk/admin.posbillingwala.com/vendor/laravel/framework/src/Illuminate/Database/Connection.php(720): Illuminate\\Database\\Connection->runQueryCallback('select count(*)...', Array, Object(Closure))
#3 /home/rgusomuk/admin.posbillingwala.com/vendor/laravel/framework/src/Illuminate/Database/Connection.php(405): Illuminate\\Database\\Connection->run('select count(*)...', Array, Object(Closure))
#4 /home/rgusomuk/admin.posbillingwala.com/vendor/laravel/framework/src/Illuminate/Database/Query/Builder.php(2705): Illuminate\\Database\\Connection->select('select count(*)...', Array, true)
#5 /home/rgusomuk/admin.posbillingwala.com/vendor/laravel/framework/src/Illuminate/Database/Query/Builder.php(2694): Illuminate\\Database\\Query\\Builder->runSelect()
#6 /home/rgusomuk/admin.posbillingwala.com/vendor/laravel/framework/src/Illuminate/Database/Query/Builder.php(3230): Illuminate\\Database\\Query\\Builder->{closure:Illuminate\\Database\\Query\\Builder::get():2693}()
#7 /home/rgusomuk/admin.posbillingwala.com/vendor/laravel/framework/src/Illuminate/Database/Query/Builder.php(2693): Illuminate\\Database\\Query\\Builder->onceWithColumns(Array, Object(Closure))
#8 /home/rgusomuk/admin.posbillingwala.com/vendor/laravel/framework/src/Illuminate/Database/Query/Builder.php(3157): Illuminate\\Database\\Query\\Builder->get(Array)
#9 /home/rgusomuk/admin.posbillingwala.com/vendor/laravel/framework/src/Illuminate/Database/Query/Builder.php(3085): Illuminate\\Database\\Query\\Builder->aggregate('count', Array)
#10 /home/rgusomuk/admin.posbillingwala.com/vendor/laravel/framework/src/Illuminate/Database/Eloquent/Builder.php(1869): Illuminate\\Database\\Query\\Builder->count()
#11 /home/rgusomuk/admin.posbillingwala.com/vendor/yajra/laravel-datatables-oracle/src/QueryDataTable.php(146): Illuminate\\Database\\Eloquent\\Builder->__call('count', Array)
#12 /home/rgusomuk/admin.posbillingwala.com/vendor/yajra/laravel-datatables-oracle/src/DataTableAbstract.php(805): Yajra\\DataTables\\QueryDataTable->count()
#13 /home/rgusomuk/admin.posbillingwala.com/vendor/yajra/laravel-datatables-oracle/src/DataTableAbstract.php(731): Yajra\\DataTables\\DataTableAbstract->filteredCount()
#14 /home/rgusomuk/admin.posbillingwala.com/vendor/yajra/laravel-datatables-oracle/src/QueryDataTable.php(129): Yajra\\DataTables\\DataTableAbstract->filterRecords()
#15 /home/rgusomuk/admin.posbillingwala.com/vendor/yajra/laravel-datatables-oracle/src/QueryDataTable.php(99): Yajra\\DataTables\\QueryDataTable->prepareQuery()
#16 /home/rgusomuk/admin.posbillingwala.com/app/Http/Controllers/CustomerController.php(23): Yajra\\DataTables\\QueryDataTable->make(true)
#17 /home/rgusomuk/admin.posbillingwala.com/vendor/laravel/framework/src/Illuminate/Routing/Controller.php(54): App\\Http\\Controllers\\CustomerController->getAllCustomers(Object(Illuminate\\Http\\Request))
#18 /home/rgusomuk/admin.posbillingwala.com/vendor/laravel/framework/src/Illuminate/Routing/ControllerDispatcher.php(43): Illuminate\\Routing\\Controller->callAction('getAllCustomers', Array)
#19 /home/rgusomuk/admin.posbillingwala.com/vendor/laravel/framework/src/Illuminate/Routing/Route.php(259): Illuminate\\Routing\\ControllerDispatcher->dispatch(Object(Illuminate\\Routing\\Route), Object(App\\Http\\Controllers\\CustomerController), 'getAllCustomers')
#20 /home/rgusomuk/admin.posbillingwala.com/vendor/laravel/framework/src/Illuminate/Routing/Route.php(205): Illuminate\\Routing\\Route->runController()
#21 /home/rgusomuk/admin.posbillingwala.com/vendor/laravel/framework/src/Illuminate/Routing/Router.php(798): Illuminate\\Routing\\Route->run()
#22 /home/rgusomuk/admin.posbillingwala.com/vendor/laravel/framework/src/Illuminate/Pipeline/Pipeline.php(141): Illuminate\\Routing\\Router->{closure:Illuminate\\Routing\\Router::runRouteWithinStack():797}(Object(Illuminate\\Http\\Request))
#23 /home/rgusomuk/admin.posbillingwala.com/vendor/laravel/framework/src/Illuminate/Routing/Middleware/SubstituteBindings.php(50): Illuminate\\Pipeline\\Pipeline->{closure:Illuminate\\Pipeline\\Pipeline::prepareDestination():139}(Object(Illuminate\\Http\\Request))
#24 /home/rgusomuk/admin.posbillingwala.com/vendor/laravel/framework/src/Illuminate/Pipeline/Pipeline.php(180): Illuminate\\Routing\\Middleware\\SubstituteBindings->handle(Object(Illuminate\\Http\\Request), Object(Closure))
#25 /home/rgusomuk/admin.posbillingwala.com/vendor/laravel/framework/src/Illuminate/Auth/Middleware/Authenticate.php(44): Illuminate\\Pipeline\\Pipeline->{closure:{closure:Illuminate\\Pipeline\\Pipeline::carry():155}:156}(Object(Illuminate\\Http\\Request))
#26 /home/rgusomuk/admin.posbillingwala.com/vendor/laravel/framework/src/Illuminate/Pipeline/Pipeline.php(180): Illuminate\\Auth\\Middleware\\Authenticate->handle(Object(Illuminate\\Http\\Request), Object(Closure))
#27 /home/rgusomuk/admin.posbillingwala.com/vendor/laravel/framework/src/Illuminate/Foundation/Http/Middleware/VerifyCsrfToken.php(78): Illuminate\\Pipeline\\Pipeline->{closure:{closure:Illuminate\\Pipeline\\Pipeline::carry():155}:156}(Object(Illuminate\\Http\\Request))
#28 /home/rgusomuk/admin.posbillingwala.com/vendor/laravel/framework/src/Illuminate/Pipeline/Pipeline.php(180): Illuminate\\Foundation\\Http\\Middleware\\VerifyCsrfToken->handle(Object(Illuminate\\Http\\Request), Object(Closure))
#29 /home/rgusomuk/admin.posbillingwala.com/vendor/laravel/framework/src/Illuminate/View/Middleware/ShareErrorsFromSession.php(49): Illuminate\\Pipeline\\Pipeline->{closure:{closure:Illuminate\\Pipeline\\Pipeline::carry():155}:156}(Object(Illuminate\\Http\\Request))
#30 /home/rgusomuk/admin.posbillingwala.com/vendor/laravel/framework/src/Illuminate/Pipeline/Pipeline.php(180): Illuminate\\View\\Middleware\\ShareErrorsFromSession->handle(Object(Illuminate\\Http\\Request), Object(Closure))
#31 /home/rgusomuk/admin.posbillingwala.com/vendor/laravel/framework/src/Illuminate/Session/Middleware/StartSession.php(121): Illuminate\\Pipeline\\Pipeline->{closure:{closure:Illuminate\\Pipeline\\Pipeline::carry():155}:156}(Object(Illuminate\\Http\\Request))
#32 /home/rgusomuk/admin.posbillingwala.com/vendor/laravel/framework/src/Illuminate/Session/Middleware/StartSession.php(64): Illuminate\\Session\\Middleware\\StartSession->handleStatefulRequest(Object(Illuminate\\Http\\Request), Object(Illuminate\\Session\\Store), Object(Closure))
#33 /home/rgusomuk/admin.posbillingwala.com/vendor/laravel/framework/src/Illuminate/Pipeline/Pipeline.php(180): Illuminate\\Session\\Middleware\\StartSession->handle(Object(Illuminate\\Http\\Request), Object(Closure))
#34 /home/rgusomuk/admin.posbillingwala.com/vendor/laravel/framework/src/Illuminate/Cookie/Middleware/AddQueuedCookiesToResponse.php(37): Illuminate\\Pipeline\\Pipeline->{closure:{closure:Illuminate\\Pipeline\\Pipeline::carry():155}:156}(Object(Illuminate\\Http\\Request))
#35 /home/rgusomuk/admin.posbillingwala.com/vendor/laravel/framework/src/Illuminate/Pipeline/Pipeline.php(180): Illuminate\\Cookie\\Middleware\\AddQueuedCookiesToResponse->handle(Object(Illuminate\\Http\\Request), Object(Closure))
#36 /home/rgusomuk/admin.posbillingwala.com/vendor/laravel/framework/src/Illuminate/Cookie/Middleware/EncryptCookies.php(67): Illuminate\\Pipeline\\Pipeline->{closure:{closure:Illuminate\\Pipeline\\Pipeline::carry():155}:156}(Object(Illuminate\\Http\\Request))
#37 /home/rgusomuk/admin.posbillingwala.com/vendor/laravel/framework/src/Illuminate/Pipeline/Pipeline.php(180): Illuminate\\Cookie\\Middleware\\EncryptCookies->handle(Object(Illuminate\\Http\\Request), Object(Closure))
#38 /home/rgusomuk/admin.posbillingwala.com/vendor/laravel/framework/src/Illuminate/Pipeline/Pipeline.php(116): Illuminate\\Pipeline\\Pipeline->{closure:{closure:Illuminate\\Pipeline\\Pipeline::carry():155}:156}(Object(Illuminate\\Http\\Request))
#39 /home/rgusomuk/admin.posbillingwala.com/vendor/laravel/framework/src/Illuminate/Routing/Router.php(797): Illuminate\\Pipeline\\Pipeline->then(Object(Closure))
#40 /home/rgusomuk/admin.posbillingwala.com/vendor/laravel/framework/src/Illuminate/Routing/Router.php(776): Illuminate\\Routing\\Router->runRouteWithinStack(Object(Illuminate\\Routing\\Route), Object(Illuminate\\Http\\Request))
#41 /home/rgusomuk/admin.posbillingwala.com/vendor/laravel/framework/src/Illuminate/Routing/Router.php(740): Illuminate\\Routing\\Router->runRoute(Object(Illuminate\\Http\\Request), Object(Illuminate\\Routing\\Route))
#42 /home/rgusomuk/admin.posbillingwala.com/vendor/laravel/framework/src/Illuminate/Routing/Router.php(729): Illuminate\\Routing\\Router->dispatchToRoute(Object(Illuminate\\Http\\Request))
#43 /home/rgusomuk/admin.posbillingwala.com/vendor/laravel/framework/src/Illuminate/Foundation/Http/Kernel.php(190): Illuminate\\Routing\\Router->dispatch(Object(Illuminate\\Http\\Request))
#44 /home/rgusomuk/admin.posbillingwala.com/vendor/laravel/framework/src/Illuminate/Pipeline/Pipeline.php(141): Illuminate\\Foundation\\Http\\Kernel->{closure:Illuminate\\Foundation\\Http\\Kernel::dispatchToRouter():187}(Object(Illuminate\\Http\\Request))
#45 /home/rgusomuk/admin.posbillingwala.com/vendor/laravel/framework/src/Illuminate/Foundation/Http/Middleware/TransformsRequest.php(21): Illuminate\\Pipeline\\Pipeline->{closure:Illuminate\\Pipeline\\Pipeline::prepareDestination():139}(Object(Illuminate\\Http\\Request))
#46 /home/rgusomuk/admin.posbillingwala.com/vendor/laravel/framework/src/Illuminate/Foundation/Http/Middleware/ConvertEmptyStringsToNull.php(31): Illuminate\\Foundation\\Http\\Middleware\\TransformsRequest->handle(Object(Illuminate\\Http\\Request), Object(Closure))
#47 /home/rgusomuk/admin.posbillingwala.com/vendor/laravel/framework/src/Illuminate/Pipeline/Pipeline.php(180): Illuminate\\Foundation\\Http\\Middleware\\ConvertEmptyStringsToNull->handle(Object(Illuminate\\Http\\Request), Object(Closure))
#48 /home/rgusomuk/admin.posbillingwala.com/vendor/laravel/framework/src/Illuminate/Foundation/Http/Middleware/TransformsRequest.php(21): Illuminate\\Pipeline\\Pipeline->{closure:{closure:Illuminate\\Pipeline\\Pipeline::carry():155}:156}(Object(Illuminate\\Http\\Request))
#49 /home/rgusomuk/admin.posbillingwala.com/vendor/laravel/framework/src/Illuminate/Foundation/Http/Middleware/TrimStrings.php(40): Illuminate\\Foundation\\Http\\Middleware\\TransformsRequest->handle(Object(Illuminate\\Http\\Request), Object(Closure))
#50 /home/rgusomuk/admin.posbillingwala.com/vendor/laravel/framework/src/Illuminate/Pipeline/Pipeline.php(180): Illuminate\\Foundation\\Http\\Middleware\\TrimStrings->handle(Object(Illuminate\\Http\\Request), Object(Closure))
#51 /home/rgusomuk/admin.posbillingwala.com/vendor/laravel/framework/src/Illuminate/Foundation/Http/Middleware/ValidatePostSize.php(27): Illuminate\\Pipeline\\Pipeline->{closure:{closure:Illuminate\\Pipeline\\Pipeline::carry():155}:156}(Object(Illuminate\\Http\\Request))
#52 /home/rgusomuk/admin.posbillingwala.com/vendor/laravel/framework/src/Illuminate/Pipeline/Pipeline.php(180): Illuminate\\Foundation\\Http\\Middleware\\ValidatePostSize->handle(Object(Illuminate\\Http\\Request), Object(Closure))
#53 /home/rgusomuk/admin.posbillingwala.com/vendor/laravel/framework/src/Illuminate/Foundation/Http/Middleware/PreventRequestsDuringMaintenance.php(86): Illuminate\\Pipeline\\Pipeline->{closure:{closure:Illuminate\\Pipeline\\Pipeline::carry():155}:156}(Object(Illuminate\\Http\\Request))
#54 /home/rgusomuk/admin.posbillingwala.com/vendor/laravel/framework/src/Illuminate/Pipeline/Pipeline.php(180): Illuminate\\Foundation\\Http\\Middleware\\PreventRequestsDuringMaintenance->handle(Object(Illuminate\\Http\\Request), Object(Closure))
#55 /home/rgusomuk/admin.posbillingwala.com/vendor/laravel/framework/src/Illuminate/Http/Middleware/HandleCors.php(49): Illuminate\\Pipeline\\Pipeline->{closure:{closure:Illuminate\\Pipeline\\Pipeline::carry():155}:156}(Object(Illuminate\\Http\\Request))
#56 /home/rgusomuk/admin.posbillingwala.com/vendor/laravel/framework/src/Illuminate/Pipeline/Pipeline.php(180): Illuminate\\Http\\Middleware\\HandleCors->handle(Object(Illuminate\\Http\\Request), Object(Closure))
#57 /home/rgusomuk/admin.posbillingwala.com/vendor/laravel/framework/src/Illuminate/Http/Middleware/TrustProxies.php(39): Illuminate\\Pipeline\\Pipeline->{closure:{closure:Illuminate\\Pipeline\\Pipeline::carry():155}:156}(Object(Illuminate\\Http\\Request))
#58 /home/rgusomuk/admin.posbillingwala.com/vendor/laravel/framework/src/Illuminate/Pipeline/Pipeline.php(180): Illuminate\\Http\\Middleware\\TrustProxies->handle(Object(Illuminate\\Http\\Request), Object(Closure))
#59 /home/rgusomuk/admin.posbillingwala.com/vendor/laravel/framework/src/Illuminate/Pipeline/Pipeline.php(116): Illuminate\\Pipeline\\Pipeline->{closure:{closure:Illuminate\\Pipeline\\Pipeline::carry():155}:156}(Object(Illuminate\\Http\\Request))
#60 /home/rgusomuk/admin.posbillingwala.com/vendor/laravel/framework/src/Illuminate/Foundation/Http/Kernel.php(165): Illuminate\\Pipeline\\Pipeline->then(Object(Closure))
#61 /home/rgusomuk/admin.posbillingwala.com/vendor/laravel/framework/src/Illuminate/Foundation/Http/Kernel.php(134): Illuminate\\Foundation\\Http\\Kernel->sendRequestThroughRouter(Object(Illuminate\\Http\\Request))
#62 /home/rgusomuk/admin.posbillingwala.com/public/index.php(51): Illuminate\\Foundation\\Http\\Kernel->handle(Object(Illuminate\\Http\\Request))
#63 /home/rgusomuk/admin.posbillingwala.com/index.php(21): require_once('/home/rgusomuk/...')
#64 {main}
"} 
[2026-08-25 15:06:18] local.ERROR: SQLSTATE[42S22]: Column not found: 1054 Unknown column 'users.licenseKey' in 'WHERE' (SQL: select count(*) as aggregate from `users` inner join `licenses` on `licenses`.`userId` = `users`.`id` where `licenses`.`userType` = owner and `users`.`role_id` = 3 and (LOWER(`users`.`name`) LIKE %mi% or LOWER(`users`.`contact_number`) LIKE %mi% or LOWER(`users`.`shopName`) LIKE %mi% or LOWER(`users`.`licenseKey`) LIKE %mi% or LOWER(`users`.`expiryDate`) LIKE %mi% or LOWER(`users`.`licenseStatus`) LIKE %mi% or LOWER(`users`.`licenseStatus`) LIKE %mi%)) {"userId":1,"exception":"[object] (Illuminate\\Database\\QueryException(code: 42S22): SQLSTATE[42S22]: Column not found: 1054 Unknown column 'users.licenseKey' in 'WHERE' (SQL: select count(*) as aggregate from `users` inner join `licenses` on `licenses`.`userId` = `users`.`id` where `licenses`.`userType` = owner and `users`.`role_id` = 3 and (LOWER(`users`.`name`) LIKE %mi% or LOWER(`users`.`contact_number`) LIKE %mi% or LOWER(`users`.`shopName`) LIKE %mi% or LOWER(`users`.`licenseKey`) LIKE %mi% or LOWER(`users`.`expiryDate`) LIKE %mi% or LOWER(`users`.`licenseStatus`) LIKE %mi% or LOWER(`users`.`licenseStatus`) LIKE %mi%)) at /home/rgusomuk/admin.posbillingwala.com/vendor/laravel/framework/src/Illuminate/Database/Connection.php:760)
[stacktrace]
#0 /home/rgusomuk/admin.posbillingwala.com/vendor/laravel/framework/src/Illuminate/Database/Connection.php(720): Illuminate\\Database\\Connection->runQueryCallback('select count(*)...', Array, Object(Closure))
#1 /home/rgusomuk/admin.posbillingwala.com/vendor/laravel/framework/src/Illuminate/Database/Connection.php(405): Illuminate\\Database\\Connection->run('select count(*)...', Array, Object(Closure))
#2 /home/rgusomuk/admin.posbillingwala.com/vendor/laravel/framework/src/Illuminate/Database/Query/Builder.php(2705): Illuminate\\Database\\Connection->select('select count(*)...', Array, true)
#3 /home/rgusomuk/admin.posbillingwala.com/vendor/laravel/framework/src/Illuminate/Database/Query/Builder.php(2694): Illuminate\\Database\\Query\\Builder->runSelect()
#4 /home/rgusomuk/admin.posbillingwala.com/vendor/laravel/framework/src/Illuminate/Database/Query/Builder.php(3230): Illuminate\\Database\\Query\\Builder->{closure:Illuminate\\Database\\Query\\Builder::get():2693}()
#5 /home/rgusomuk/admin.posbillingwala.com/vendor/laravel/framework/src/Illuminate/Database/Query/Builder.php(2693): Illuminate\\Database\\Query\\Builder->onceWithColumns(Array, Object(Closure))
#6 /home/rgusomuk/admin.posbillingwala.com/vendor/laravel/framework/src/Illuminate/Database/Query/Builder.php(3157): Illuminate\\Database\\Query\\Builder->get(Array)
#7 /home/rgusomuk/admin.posbillingwala.com/vendor/laravel/framework/src/Illuminate/Database/Query/Builder.php(3085): Illuminate\\Database\\Query\\Builder->aggregate('count', Array)
#8 /home/rgusomuk/admin.posbillingwala.com/vendor/laravel/framework/src/Illuminate/Database/Eloquent/Builder.php(1869): Illuminate\\Database\\Query\\Builder->count()
#9 /home/rgusomuk/admin.posbillingwala.com/vendor/yajra/laravel-datatables-oracle/src/QueryDataTable.php(146): Illuminate\\Database\\Eloquent\\Builder->__call('count', Array)
#10 /home/rgusomuk/admin.posbillingwala.com/vendor/yajra/laravel-datatables-oracle/src/DataTableAbstract.php(805): Yajra\\DataTables\\QueryDataTable->count()
#11 /home/rgusomuk/admin.posbillingwala.com/vendor/yajra/laravel-datatables-oracle/src/DataTableAbstract.php(731): Yajra\\DataTables\\DataTableAbstract->filteredCount()
#12 /home/rgusomuk/admin.posbillingwala.com/vendor/yajra/laravel-datatables-oracle/src/QueryDataTable.php(129): Yajra\\DataTables\\DataTableAbstract->filterRecords()
#13 /home/rgusomuk/admin.posbillingwala.com/vendor/yajra/laravel-datatables-oracle/src/QueryDataTable.php(99): Yajra\\DataTables\\QueryDataTable->prepareQuery()
#14 /home/rgusomuk/admin.posbillingwala.com/app/Http/Controllers/CustomerController.php(23): Yajra\\DataTables\\QueryDataTable->make(true)
#15 /home/rgusomuk/admin.posbillingwala.com/vendor/laravel/framework/src/Illuminate/Routing/Controller.php(54): App\\Http\\Controllers\\CustomerController->getAllCustomers(Object(Illuminate\\Http\\Request))
#16 /home/rgusomuk/admin.posbillingwala.com/vendor/laravel/framework/src/Illuminate/Routing/ControllerDispatcher.php(43): Illuminate\\Routing\\Controller->callAction('getAllCustomers', Array)
#17 /home/rgusomuk/admin.posbillingwala.com/vendor/laravel/framework/src/Illuminate/Routing/Route.php(259): Illuminate\\Routing\\ControllerDispatcher->dispatch(Object(Illuminate\\Routing\\Route), Object(App\\Http\\Controllers\\CustomerController), 'getAllCustomers')
#18 /home/rgusomuk/admin.posbillingwala.com/vendor/laravel/framework/src/Illuminate/Routing/Route.php(205): Illuminate\\Routing\\Route->runController()
#19 /home/rgusomuk/admin.posbillingwala.com/vendor/laravel/framework/src/Illuminate/Routing/Router.php(798): Illuminate\\Routing\\Route->run()
#20 /home/rgusomuk/admin.posbillingwala.com/vendor/laravel/framework/src/Illuminate/Pipeline/Pipeline.php(141): Illuminate\\Routing\\Router->{closure:Illuminate\\Routing\\Router::runRouteWithinStack():797}(Object(Illuminate\\Http\\Request))
#21 /home/rgusomuk/admin.posbillingwala.com/vendor/laravel/framework/src/Illuminate/Routing/Middleware/SubstituteBindings.php(50): Illuminate\\Pipeline\\Pipeline->{closure:Illuminate\\Pipeline\\Pipeline::prepareDestination():139}(Object(Illuminate\\Http\\Request))
#22 /home/rgusomuk/admin.posbillingwala.com/vendor/laravel/framework/src/Illuminate/Pipeline/Pipeline.php(180): Illuminate\\Routing\\Middleware\\SubstituteBindings->handle(Object(Illuminate\\Http\\Request), Object(Closure))
#23 /home/rgusomuk/admin.posbillingwala.com/vendor/laravel/framework/src/Illuminate/Auth/Middleware/Authenticate.php(44): Illuminate\\Pipeline\\Pipeline->{closure:{closure:Illuminate\\Pipeline\\Pipeline::carry():155}:156}(Object(Illuminate\\Http\\Request))
#24 /home/rgusomuk/admin.posbillingwala.com/vendor/laravel/framework/src/Illuminate/Pipeline/Pipeline.php(180): Illuminate\\Auth\\Middleware\\Authenticate->handle(Object(Illuminate\\Http\\Request), Object(Closure))
#25 /home/rgusomuk/admin.posbillingwala.com/vendor/laravel/framework/src/Illuminate/Foundation/Http/Middleware/VerifyCsrfToken.php(78): Illuminate\\Pipeline\\Pipeline->{closure:{closure:Illuminate\\Pipeline\\Pipeline::carry():155}:156}(Object(Illuminate\\Http\\Request))
#26 /home/rgusomuk/admin.posbillingwala.com/vendor/laravel/framework/src/Illuminate/Pipeline/Pipeline.php(180): Illuminate\\Foundation\\Http\\Middleware\\VerifyCsrfToken->handle(Object(Illuminate\\Http\\Request), Object(Closure))
#27 /home/rgusomuk/admin.posbillingwala.com/vendor/laravel/framework/src/Illuminate/View/Middleware/ShareErrorsFromSession.php(49): Illuminate\\Pipeline\\Pipeline->{closure:{closure:Illuminate\\Pipeline\\Pipeline::carry():155}:156}(Object(Illuminate\\Http\\Request))
#28 /home/rgusomuk/admin.posbillingwala.com/vendor/laravel/framework/src/Illuminate/Pipeline/Pipeline.php(180): Illuminate\\View\\Middleware\\ShareErrorsFromSession->handle(Object(Illuminate\\Http\\Request), Object(Closure))
#29 /home/rgusomuk/admin.posbillingwala.com/vendor/laravel/framework/src/Illuminate/Session/Middleware/StartSession.php(121): Illuminate\\Pipeline\\Pipeline->{closure:{closure:Illuminate\\Pipeline\\Pipeline::carry():155}:156}(Object(Illuminate\\Http\\Request))
#30 /home/rgusomuk/admin.posbillingwala.com/vendor/laravel/framework/src/Illuminate/Session/Middleware/StartSession.php(64): Illuminate\\Session\\Middleware\\StartSession->handleStatefulRequest(Object(Illuminate\\Http\\Request), Object(Illuminate\\Session\\Store), Object(Closure))
#31 /home/rgusomuk/admin.posbillingwala.com/vendor/laravel/framework/src/Illuminate/Pipeline/Pipeline.php(180): Illuminate\\Session\\Middleware\\StartSession->handle(Object(Illuminate\\Http\\Request), Object(Closure))
#32 /home/rgusomuk/admin.posbillingwala.com/vendor/laravel/framework/src/Illuminate/Cookie/Middleware/AddQueuedCookiesToResponse.php(37): Illuminate\\Pipeline\\Pipeline->{closure:{closure:Illuminate\\Pipeline\\Pipeline::carry():155}:156}(Object(Illuminate\\Http\\Request))
#33 /home/rgusomuk/admin.posbillingwala.com/vendor/laravel/framework/src/Illuminate/Pipeline/Pipeline.php(180): Illuminate\\Cookie\\Middleware\\AddQueuedCookiesToResponse->handle(Object(Illuminate\\Http\\Request), Object(Closure))
#34 /home/rgusomuk/admin.posbillingwala.com/vendor/laravel/framework/src/Illuminate/Cookie/Middleware/EncryptCookies.php(67): Illuminate\\Pipeline\\Pipeline->{closure:{closure:Illuminate\\Pipeline\\Pipeline::carry():155}:156}(Object(Illuminate\\Http\\Request))
#35 /home/rgusomuk/admin.posbillingwala.com/vendor/laravel/framework/src/Illuminate/Pipeline/Pipeline.php(180): Illuminate\\Cookie\\Middleware\\EncryptCookies->handle(Object(Illuminate\\Http\\Request), Object(Closure))
#36 /home/rgusomuk/admin.posbillingwala.com/vendor/laravel/framework/src/Illuminate/Pipeline/Pipeline.php(116): Illuminate\\Pipeline\\Pipeline->{closure:{closure:Illuminate\\Pipeline\\Pipeline::carry():155}:156}(Object(Illuminate\\Http\\Request))
#37 /home/rgusomuk/admin.posbillingwala.com/vendor/laravel/framework/src/Illuminate/Routing/Router.php(797): Illuminate\\Pipeline\\Pipeline->then(Object(Closure))
#38 /home/rgusomuk/admin.posbillingwala.com/vendor/laravel/framework/src/Illuminate/Routing/Router.php(776): Illuminate\\Routing\\Router->runRouteWithinStack(Object(Illuminate\\Routing\\Route), Object(Illuminate\\Http\\Request))
#39 /home/rgusomuk/admin.posbillingwala.com/vendor/laravel/framework/src/Illuminate/Routing/Router.php(740): Illuminate\\Routing\\Router->runRoute(Object(Illuminate\\Http\\Request), Object(Illuminate\\Routing\\Route))
#40 /home/rgusomuk/admin.posbillingwala.com/vendor/laravel/framework/src/Illuminate/Routing/Router.php(729): Illuminate\\Routing\\Router->dispatchToRoute(Object(Illuminate\\Http\\Request))
#41 /home/rgusomuk/admin.posbillingwala.com/vendor/laravel/framework/src/Illuminate/Foundation/Http/Kernel.php(190): Illuminate\\Routing\\Router->dispatch(Object(Illuminate\\Http\\Request))
#42 /home/rgusomuk/admin.posbillingwala.com/vendor/laravel/framework/src/Illuminate/Pipeline/Pipeline.php(141): Illuminate\\Foundation\\Http\\Kernel->{closure:Illuminate\\Foundation\\Http\\Kernel::dispatchToRouter():187}(Object(Illuminate\\Http\\Request))
#43 /home/rgusomuk/admin.posbillingwala.com/vendor/laravel/framework/src/Illuminate/Foundation/Http/Middleware/TransformsRequest.php(21): Illuminate\\Pipeline\\Pipeline->{closure:Illuminate\\Pipeline\\Pipeline::prepareDestination():139}(Object(Illuminate\\Http\\Request))
#44 /home/rgusomuk/admin.posbillingwala.com/vendor/laravel/framework/src/Illuminate/Foundation/Http/Middleware/ConvertEmptyStringsToNull.php(31): Illuminate\\Foundation\\Http\\Middleware\\TransformsRequest->handle(Object(Illuminate\\Http\\Request), Object(Closure))
#45 /home/rgusomuk/admin.posbillingwala.com/vendor/laravel/framework/src/Illuminate/Pipeline/Pipeline.php(180): Illuminate\\Foundation\\Http\\Middleware\\ConvertEmptyStringsToNull->handle(Object(Illuminate\\Http\\Request), Object(Closure))
#46 /home/rgusomuk/admin.posbillingwala.com/vendor/laravel/framework/src/Illuminate/Foundation/Http/Middleware/TransformsRequest.php(21): Illuminate\\Pipeline\\Pipeline->{closure:{closure:Illuminate\\Pipeline\\Pipeline::carry():155}:156}(Object(Illuminate\\Http\\Request))
#47 /home/rgusomuk/admin.posbillingwala.com/vendor/laravel/framework/src/Illuminate/Foundation/Http/Middleware/TrimStrings.php(40): Illuminate\\Foundation\\Http\\Middleware\\TransformsRequest->handle(Object(Illuminate\\Http\\Request), Object(Closure))
#48 /home/rgusomuk/admin.posbillingwala.com/vendor/laravel/framework/src/Illuminate/Pipeline/Pipeline.php(180): Illuminate\\Foundation\\Http\\Middleware\\TrimStrings->handle(Object(Illuminate\\Http\\Request), Object(Closure))
#49 /home/rgusomuk/admin.posbillingwala.com/vendor/laravel/framework/src/Illuminate/Foundation/Http/Middleware/ValidatePostSize.php(27): Illuminate\\Pipeline\\Pipeline->{closure:{closure:Illuminate\\Pipeline\\Pipeline::carry():155}:156}(Object(Illuminate\\Http\\Request))
#50 /home/rgusomuk/admin.posbillingwala.com/vendor/laravel/framework/src/Illuminate/Pipeline/Pipeline.php(180): Illuminate\\Foundation\\Http\\Middleware\\ValidatePostSize->handle(Object(Illuminate\\Http\\Request), Object(Closure))
#51 /home/rgusomuk/admin.posbillingwala.com/vendor/laravel/framework/src/Illuminate/Foundation/Http/Middleware/PreventRequestsDuringMaintenance.php(86): Illuminate\\Pipeline\\Pipeline->{closure:{closure:Illuminate\\Pipeline\\Pipeline::carry():155}:156}(Object(Illuminate\\Http\\Request))
#52 /home/rgusomuk/admin.posbillingwala.com/vendor/laravel/framework/src/Illuminate/Pipeline/Pipeline.php(180): Illuminate\\Foundation\\Http\\Middleware\\PreventRequestsDuringMaintenance->handle(Object(Illuminate\\Http\\Request), Object(Closure))
#53 /home/rgusomuk/admin.posbillingwala.com/vendor/laravel/framework/src/Illuminate/Http/Middleware/HandleCors.php(49): Illuminate\\Pipeline\\Pipeline->{closure:{closure:Illuminate\\Pipeline\\Pipeline::carry():155}:156}(Object(Illuminate\\Http\\Request))
#54 /home/rgusomuk/admin.posbillingwala.com/vendor/laravel/framework/src/Illuminate/Pipeline/Pipeline.php(180): Illuminate\\Http\\Middleware\\HandleCors->handle(Object(Illuminate\\Http\\Request), Object(Closure))
#55 /home/rgusomuk/admin.posbillingwala.com/vendor/laravel/framework/src/Illuminate/Http/Middleware/TrustProxies.php(39): Illuminate\\Pipeline\\Pipeline->{closure:{closure:Illuminate\\Pipeline\\Pipeline::carry():155}:156}(Object(Illuminate\\Http\\Request))
#56 /home/rgusomuk/admin.posbillingwala.com/vendor/laravel/framework/src/Illuminate/Pipeline/Pipeline.php(180): Illuminate\\Http\\Middleware\\TrustProxies->handle(Object(Illuminate\\Http\\Request), Object(Closure))
#57 /home/rgusomuk/admin.posbillingwala.com/vendor/laravel/framework/src/Illuminate/Pipeline/Pipeline.php(116): Illuminate\\Pipeline\\Pipeline->{closure:{closure:Illuminate\\Pipeline\\Pipeline::carry():155}:156}(Object(Illuminate\\Http\\Request))
#58 /home/rgusomuk/admin.posbillingwala.com/vendor/laravel/framework/src/Illuminate/Foundation/Http/Kernel.php(165): Illuminate\\Pipeline\\Pipeline->then(Object(Closure))
#59 /home/rgusomuk/admin.posbillingwala.com/vendor/laravel/framework/src/Illuminate/Foundation/Http/Kernel.php(134): Illuminate\\Foundation\\Http\\Kernel->sendRequestThroughRouter(Object(Illuminate\\Http\\Request))
#60 /home/rgusomuk/admin.posbillingwala.com/public/index.php(51): Illuminate\\Foundation\\Http\\Kernel->handle(Object(Illuminate\\Http\\Request))
#61 /home/rgusomuk/admin.posbillingwala.com/index.php(21): require_once('/home/rgusomuk/...')
#62 {main}

[previous exception] [object] (PDOException(code: 42S22): SQLSTATE[42S22]: Column not found: 1054 Unknown column 'users.licenseKey' in 'WHERE' at /home/rgusomuk/admin.posbillingwala.com/vendor/laravel/framework/src/Illuminate/Database/Connection.php:414)
[stacktrace]
#0 /home/rgusomuk/admin.posbillingwala.com/vendor/laravel/framework/src/Illuminate/Database/Connection.php(414): PDO->prepare('select count(*)...')
#1 /home/rgusomuk/admin.posbillingwala.com/vendor/laravel/framework/src/Illuminate/Database/Connection.php(753): Illuminate\\Database\\Connection->{closure:Illuminate\\Database\\Connection::select():405}('select count(*)...', Array)
#2 /home/rgusomuk/admin.posbillingwala.com/vendor/laravel/framework/src/Illuminate/Database/Connection.php(720): Illuminate\\Database\\Connection->runQueryCallback('select count(*)...', Array, Object(Closure))
#3 /home/rgusomuk/admin.posbillingwala.com/vendor/laravel/framework/src/Illuminate/Database/Connection.php(405): Illuminate\\Database\\Connection->run('select count(*)...', Array, Object(Closure))
#4 /home/rgusomuk/admin.posbillingwala.com/vendor/laravel/framework/src/Illuminate/Database/Query/Builder.php(2705): Illuminate\\Database\\Connection->select('select count(*)...', Array, true)
#5 /home/rgusomuk/admin.posbillingwala.com/vendor/laravel/framework/src/Illuminate/Database/Query/Builder.php(2694): Illuminate\\Database\\Query\\Builder->runSelect()
#6 /home/rgusomuk/admin.posbillingwala.com/vendor/laravel/framework/src/Illuminate/Database/Query/Builder.php(3230): Illuminate\\Database\\Query\\Builder->{closure:Illuminate\\Database\\Query\\Builder::get():2693}()
#7 /home/rgusomuk/admin.posbillingwala.com/vendor/laravel/framework/src/Illuminate/Database/Query/Builder.php(2693): Illuminate\\Database\\Query\\Builder->onceWithColumns(Array, Object(Closure))
#8 /home/rgusomuk/admin.posbillingwala.com/vendor/laravel/framework/src/Illuminate/Database/Query/Builder.php(3157): Illuminate\\Database\\Query\\Builder->get(Array)
#9 /home/rgusomuk/admin.posbillingwala.com/vendor/laravel/framework/src/Illuminate/Database/Query/Builder.php(3085): Illuminate\\Database\\Query\\Builder->aggregate('count', Array)
#10 /home/rgusomuk/admin.posbillingwala.com/vendor/laravel/framework/src/Illuminate/Database/Eloquent/Builder.php(1869): Illuminate\\Database\\Query\\Builder->count()
#11 /home/rgusomuk/admin.posbillingwala.com/vendor/yajra/laravel-datatables-oracle/src/QueryDataTable.php(146): Illuminate\\Database\\Eloquent\\Builder->__call('count', Array)
#12 /home/rgusomuk/admin.posbillingwala.com/vendor/yajra/laravel-datatables-oracle/src/DataTableAbstract.php(805): Yajra\\DataTables\\QueryDataTable->count()
#13 /home/rgusomuk/admin.posbillingwala.com/vendor/yajra/laravel-datatables-oracle/src/DataTableAbstract.php(731): Yajra\\DataTables\\DataTableAbstract->filteredCount()
#14 /home/rgusomuk/admin.posbillingwala.com/vendor/yajra/laravel-datatables-oracle/src/QueryDataTable.php(129): Yajra\\DataTables\\DataTableAbstract->filterRecords()
#15 /home/rgusomuk/admin.posbillingwala.com/vendor/yajra/laravel-datatables-oracle/src/QueryDataTable.php(99): Yajra\\DataTables\\QueryDataTable->prepareQuery()
#16 /home/rgusomuk/admin.posbillingwala.com/app/Http/Controllers/CustomerController.php(23): Yajra\\DataTables\\QueryDataTable->make(true)
#17 /home/rgusomuk/admin.posbillingwala.com/vendor/laravel/framework/src/Illuminate/Routing/Controller.php(54): App\\Http\\Controllers\\CustomerController->getAllCustomers(Object(Illuminate\\Http\\Request))
#18 /home/rgusomuk/admin.posbillingwala.com/vendor/laravel/framework/src/Illuminate/Routing/ControllerDispatcher.php(43): Illuminate\\Routing\\Controller->callAction('getAllCustomers', Array)
#19 /home/rgusomuk/admin.posbillingwala.com/vendor/laravel/framework/src/Illuminate/Routing/Route.php(259): Illuminate\\Routing\\ControllerDispatcher->dispatch(Object(Illuminate\\Routing\\Route), Object(App\\Http\\Controllers\\CustomerController), 'getAllCustomers')
#20 /home/rgusomuk/admin.posbillingwala.com/vendor/laravel/framework/src/Illuminate/Routing/Route.php(205): Illuminate\\Routing\\Route->runController()
#21 /home/rgusomuk/admin.posbillingwala.com/vendor/laravel/framework/src/Illuminate/Routing/Router.php(798): Illuminate\\Routing\\Route->run()
#22 /home/rgusomuk/admin.posbillingwala.com/vendor/laravel/framework/src/Illuminate/Pipeline/Pipeline.php(141): Illuminate\\Routing\\Router->{closure:Illuminate\\Routing\\Router::runRouteWithinStack():797}(Object(Illuminate\\Http\\Request))
#23 /home/rgusomuk/admin.posbillingwala.com/vendor/laravel/framework/src/Illuminate/Routing/Middleware/SubstituteBindings.php(50): Illuminate\\Pipeline\\Pipeline->{closure:Illuminate\\Pipeline\\Pipeline::prepareDestination():139}(Object(Illuminate\\Http\\Request))
#24 /home/rgusomuk/admin.posbillingwala.com/vendor/laravel/framework/src/Illuminate/Pipeline/Pipeline.php(180): Illuminate\\Routing\\Middleware\\SubstituteBindings->handle(Object(Illuminate\\Http\\Request), Object(Closure))
#25 /home/rgusomuk/admin.posbillingwala.com/vendor/laravel/framework/src/Illuminate/Auth/Middleware/Authenticate.php(44): Illuminate\\Pipeline\\Pipeline->{closure:{closure:Illuminate\\Pipeline\\Pipeline::carry():155}:156}(Object(Illuminate\\Http\\Request))
#26 /home/rgusomuk/admin.posbillingwala.com/vendor/laravel/framework/src/Illuminate/Pipeline/Pipeline.php(180): Illuminate\\Auth\\Middleware\\Authenticate->handle(Object(Illuminate\\Http\\Request), Object(Closure))
#27 /home/rgusomuk/admin.posbillingwala.com/vendor/laravel/framework/src/Illuminate/Foundation/Http/Middleware/VerifyCsrfToken.php(78): Illuminate\\Pipeline\\Pipeline->{closure:{closure:Illuminate\\Pipeline\\Pipeline::carry():155}:156}(Object(Illuminate\\Http\\Request))
#28 /home/rgusomuk/admin.posbillingwala.com/vendor/laravel/framework/src/Illuminate/Pipeline/Pipeline.php(180): Illuminate\\Foundation\\Http\\Middleware\\VerifyCsrfToken->handle(Object(Illuminate\\Http\\Request), Object(Closure))
#29 /home/rgusomuk/admin.posbillingwala.com/vendor/laravel/framework/src/Illuminate/View/Middleware/ShareErrorsFromSession.php(49): Illuminate\\Pipeline\\Pipeline->{closure:{closure:Illuminate\\Pipeline\\Pipeline::carry():155}:156}(Object(Illuminate\\Http\\Request))
#30 /home/rgusomuk/admin.posbillingwala.com/vendor/laravel/framework/src/Illuminate/Pipeline/Pipeline.php(180): Illuminate\\View\\Middleware\\ShareErrorsFromSession->handle(Object(Illuminate\\Http\\Request), Object(Closure))
#31 /home/rgusomuk/admin.posbillingwala.com/vendor/laravel/framework/src/Illuminate/Session/Middleware/StartSession.php(121): Illuminate\\Pipeline\\Pipeline->{closure:{closure:Illuminate\\Pipeline\\Pipeline::carry():155}:156}(Object(Illuminate\\Http\\Request))
#32 /home/rgusomuk/admin.posbillingwala.com/vendor/laravel/framework/src/Illuminate/Session/Middleware/StartSession.php(64): Illuminate\\Session\\Middleware\\StartSession->handleStatefulRequest(Object(Illuminate\\Http\\Request), Object(Illuminate\\Session\\Store), Object(Closure))
#33 /home/rgusomuk/admin.posbillingwala.com/vendor/laravel/framework/src/Illuminate/Pipeline/Pipeline.php(180): Illuminate\\Session\\Middleware\\StartSession->handle(Object(Illuminate\\Http\\Request), Object(Closure))
#34 /home/rgusomuk/admin.posbillingwala.com/vendor/laravel/framework/src/Illuminate/Cookie/Middleware/AddQueuedCookiesToResponse.php(37): Illuminate\\Pipeline\\Pipeline->{closure:{closure:Illuminate\\Pipeline\\Pipeline::carry():155}:156}(Object(Illuminate\\Http\\Request))
#35 /home/rgusomuk/admin.posbillingwala.com/vendor/laravel/framework/src/Illuminate/Pipeline/Pipeline.php(180): Illuminate\\Cookie\\Middleware\\AddQueuedCookiesToResponse->handle(Object(Illuminate\\Http\\Request), Object(Closure))
#36 /home/rgusomuk/admin.posbillingwala.com/vendor/laravel/framework/src/Illuminate/Cookie/Middleware/EncryptCookies.php(67): Illuminate\\Pipeline\\Pipeline->{closure:{closure:Illuminate\\Pipeline\\Pipeline::carry():155}:156}(Object(Illuminate\\Http\\Request))
#37 /home/rgusomuk/admin.posbillingwala.com/vendor/laravel/framework/src/Illuminate/Pipeline/Pipeline.php(180): Illuminate\\Cookie\\Middleware\\EncryptCookies->handle(Object(Illuminate\\Http\\Request), Object(Closure))
#38 /home/rgusomuk/admin.posbillingwala.com/vendor/laravel/framework/src/Illuminate/Pipeline/Pipeline.php(116): Illuminate\\Pipeline\\Pipeline->{closure:{closure:Illuminate\\Pipeline\\Pipeline::carry():155}:156}(Object(Illuminate\\Http\\Request))
#39 /home/rgusomuk/admin.posbillingwala.com/vendor/laravel/framework/src/Illuminate/Routing/Router.php(797): Illuminate\\Pipeline\\Pipeline->then(Object(Closure))
#40 /home/rgusomuk/admin.posbillingwala.com/vendor/laravel/framework/src/Illuminate/Routing/Router.php(776): Illuminate\\Routing\\Router->runRouteWithinStack(Object(Illuminate\\Routing\\Route), Object(Illuminate\\Http\\Request))
#41 /home/rgusomuk/admin.posbillingwala.com/vendor/laravel/framework/src/Illuminate/Routing/Router.php(740): Illuminate\\Routing\\Router->runRoute(Object(Illuminate\\Http\\Request), Object(Illuminate\\Routing\\Route))
#42 /home/rgusomuk/admin.posbillingwala.com/vendor/laravel/framework/src/Illuminate/Routing/Router.php(729): Illuminate\\Routing\\Router->dispatchToRoute(Object(Illuminate\\Http\\Request))
#43 /home/rgusomuk/admin.posbillingwala.com/vendor/laravel/framework/src/Illuminate/Foundation/Http/Kernel.php(190): Illuminate\\Routing\\Router->dispatch(Object(Illuminate\\Http\\Request))
#44 /home/rgusomuk/admin.posbillingwala.com/vendor/laravel/framework/src/Illuminate/Pipeline/Pipeline.php(141): Illuminate\\Foundation\\Http\\Kernel->{closure:Illuminate\\Foundation\\Http\\Kernel::dispatchToRouter():187}(Object(Illuminate\\Http\\Request))
#45 /home/rgusomuk/admin.posbillingwala.com/vendor/laravel/framework/src/Illuminate/Foundation/Http/Middleware/TransformsRequest.php(21): Illuminate\\Pipeline\\Pipeline->{closure:Illuminate\\Pipeline\\Pipeline::prepareDestination():139}(Object(Illuminate\\Http\\Request))
#46 /home/rgusomuk/admin.posbillingwala.com/vendor/laravel/framework/src/Illuminate/Foundation/Http/Middleware/ConvertEmptyStringsToNull.php(31): Illuminate\\Foundation\\Http\\Middleware\\TransformsRequest->handle(Object(Illuminate\\Http\\Request), Object(Closure))
#47 /home/rgusomuk/admin.posbillingwala.com/vendor/laravel/framework/src/Illuminate/Pipeline/Pipeline.php(180): Illuminate\\Foundation\\Http\\Middleware\\ConvertEmptyStringsToNull->handle(Object(Illuminate\\Http\\Request), Object(Closure))
#48 /home/rgusomuk/admin.posbillingwala.com/vendor/laravel/framework/src/Illuminate/Foundation/Http/Middleware/TransformsRequest.php(21): Illuminate\\Pipeline\\Pipeline->{closure:{closure:Illuminate\\Pipeline\\Pipeline::carry():155}:156}(Object(Illuminate\\Http\\Request))
#49 /home/rgusomuk/admin.posbillingwala.com/vendor/laravel/framework/src/Illuminate/Foundation/Http/Middleware/TrimStrings.php(40): Illuminate\\Foundation\\Http\\Middleware\\TransformsRequest->handle(Object(Illuminate\\Http\\Request), Object(Closure))
#50 /home/rgusomuk/admin.posbillingwala.com/vendor/laravel/framework/src/Illuminate/Pipeline/Pipeline.php(180): Illuminate\\Foundation\\Http\\Middleware\\TrimStrings->handle(Object(Illuminate\\Http\\Request), Object(Closure))
#51 /home/rgusomuk/admin.posbillingwala.com/vendor/laravel/framework/src/Illuminate/Foundation/Http/Middleware/ValidatePostSize.php(27): Illuminate\\Pipeline\\Pipeline->{closure:{closure:Illuminate\\Pipeline\\Pipeline::carry():155}:156}(Object(Illuminate\\Http\\Request))
#52 /home/rgusomuk/admin.posbillingwala.com/vendor/laravel/framework/src/Illuminate/Pipeline/Pipeline.php(180): Illuminate\\Foundation\\Http\\Middleware\\ValidatePostSize->handle(Object(Illuminate\\Http\\Request), Object(Closure))
#53 /home/rgusomuk/admin.posbillingwala.com/vendor/laravel/framework/src/Illuminate/Foundation/Http/Middleware/PreventRequestsDuringMaintenance.php(86): Illuminate\\Pipeline\\Pipeline->{closure:{closure:Illuminate\\Pipeline\\Pipeline::carry():155}:156}(Object(Illuminate\\Http\\Request))
#54 /home/rgusomuk/admin.posbillingwala.com/vendor/laravel/framework/src/Illuminate/Pipeline/Pipeline.php(180): Illuminate\\Foundation\\Http\\Middleware\\PreventRequestsDuringMaintenance->handle(Object(Illuminate\\Http\\Request), Object(Closure))
#55 /home/rgusomuk/admin.posbillingwala.com/vendor/laravel/framework/src/Illuminate/Http/Middleware/HandleCors.php(49): Illuminate\\Pipeline\\Pipeline->{closure:{closure:Illuminate\\Pipeline\\Pipeline::carry():155}:156}(Object(Illuminate\\Http\\Request))
#56 /home/rgusomuk/admin.posbillingwala.com/vendor/laravel/framework/src/Illuminate/Pipeline/Pipeline.php(180): Illuminate\\Http\\Middleware\\HandleCors->handle(Object(Illuminate\\Http\\Request), Object(Closure))
#57 /home/rgusomuk/admin.posbillingwala.com/vendor/laravel/framework/src/Illuminate/Http/Middleware/TrustProxies.php(39): Illuminate\\Pipeline\\Pipeline->{closure:{closure:Illuminate\\Pipeline\\Pipeline::carry():155}:156}(Object(Illuminate\\Http\\Request))
#58 /home/rgusomuk/admin.posbillingwala.com/vendor/laravel/framework/src/Illuminate/Pipeline/Pipeline.php(180): Illuminate\\Http\\Middleware\\TrustProxies->handle(Object(Illuminate\\Http\\Request), Object(Closure))
#59 /home/rgusomuk/admin.posbillingwala.com/vendor/laravel/framework/src/Illuminate/Pipeline/Pipeline.php(116): Illuminate\\Pipeline\\Pipeline->{closure:{closure:Illuminate\\Pipeline\\Pipeline::carry():155}:156}(Object(Illuminate\\Http\\Request))
#60 /home/rgusomuk/admin.posbillingwala.com/vendor/laravel/framework/src/Illuminate/Foundation/Http/Kernel.php(165): Illuminate\\Pipeline\\Pipeline->then(Object(Closure))
#61 /home/rgusomuk/admin.posbillingwala.com/vendor/laravel/framework/src/Illuminate/Foundation/Http/Kernel.php(134): Illuminate\\Foundation\\Http\\Kernel->sendRequestThroughRouter(Object(Illuminate\\Http\\Request))
#62 /home/rgusomuk/admin.posbillingwala.com/public/index.php(51): Illuminate\\Foundation\\Http\\Kernel->handle(Object(Illuminate\\Http\\Request))
#63 /home/rgusomuk/admin.posbillingwala.com/index.php(21): require_once('/home/rgusomuk/...')
#64 {main}
"} 
[2026-08-25 15:06:26] local.ERROR: SQLSTATE[42S22]: Column not found: 1054 Unknown column 'users.licenseKey' in 'WHERE' (SQL: select count(*) as aggregate from `users` inner join `licenses` on `licenses`.`userId` = `users`.`id` where `licenses`.`userType` = owner and `users`.`role_id` = 3 and (LOWER(`users`.`name`) LIKE %mi% or LOWER(`users`.`contact_number`) LIKE %mi% or LOWER(`users`.`shopName`) LIKE %mi% or LOWER(`users`.`licenseKey`) LIKE %mi% or LOWER(`users`.`expiryDate`) LIKE %mi% or LOWER(`users`.`licenseStatus`) LIKE %mi% or LOWER(`users`.`licenseStatus`) LIKE %mi%)) {"userId":1,"exception":"[object] (Illuminate\\Database\\QueryException(code: 42S22): SQLSTATE[42S22]: Column not found: 1054 Unknown column 'users.licenseKey' in 'WHERE' (SQL: select count(*) as aggregate from `users` inner join `licenses` on `licenses`.`userId` = `users`.`id` where `licenses`.`userType` = owner and `users`.`role_id` = 3 and (LOWER(`users`.`name`) LIKE %mi% or LOWER(`users`.`contact_number`) LIKE %mi% or LOWER(`users`.`shopName`) LIKE %mi% or LOWER(`users`.`licenseKey`) LIKE %mi% or LOWER(`users`.`expiryDate`) LIKE %mi% or LOWER(`users`.`licenseStatus`) LIKE %mi% or LOWER(`users`.`licenseStatus`) LIKE %mi%)) at /home/rgusomuk/admin.posbillingwala.com/vendor/laravel/framework/src/Illuminate/Database/Connection.php:760)
[stacktrace]
#0 /home/rgusomuk/admin.posbillingwala.com/vendor/laravel/framework/src/Illuminate/Database/Connection.php(720): Illuminate\\Database\\Connection->runQueryCallback('select count(*)...', Array, Object(Closure))
#1 /home/rgusomuk/admin.posbillingwala.com/vendor/laravel/framework/src/Illuminate/Database/Connection.php(405): Illuminate\\Database\\Connection->run('select count(*)...', Array, Object(Closure))
#2 /home/rgusomuk/admin.posbillingwala.com/vendor/laravel/framework/src/Illuminate/Database/Query/Builder.php(2705): Illuminate\\Database\\Connection->select('select count(*)...', Array, true)
#3 /home/rgusomuk/admin.posbillingwala.com/vendor/laravel/framework/src/Illuminate/Database/Query/Builder.php(2694): Illuminate\\Database\\Query\\Builder->runSelect()
#4 /home/rgusomuk/admin.posbillingwala.com/vendor/laravel/framework/src/Illuminate/Database/Query/Builder.php(3230): Illuminate\\Database\\Query\\Builder->{closure:Illuminate\\Database\\Query\\Builder::get():2693}()
#5 /home/rgusomuk/admin.posbillingwala.com/vendor/laravel/framework/src/Illuminate/Database/Query/Builder.php(2693): Illuminate\\Database\\Query\\Builder->onceWithColumns(Array, Object(Closure))
#6 /home/rgusomuk/admin.posbillingwala.com/vendor/laravel/framework/src/Illuminate/Database/Query/Builder.php(3157): Illuminate\\Database\\Query\\Builder->get(Array)
#7 /home/rgusomuk/admin.posbillingwala.com/vendor/laravel/framework/src/Illuminate/Database/Query/Builder.php(3085): Illuminate\\Database\\Query\\Builder->aggregate('count', Array)
#8 /home/rgusomuk/admin.posbillingwala.com/vendor/laravel/framework/src/Illuminate/Database/Eloquent/Builder.php(1869): Illuminate\\Database\\Query\\Builder->count()
#9 /home/rgusomuk/admin.posbillingwala.com/vendor/yajra/laravel-datatables-oracle/src/QueryDataTable.php(146): Illuminate\\Database\\Eloquent\\Builder->__call('count', Array)
#10 /home/rgusomuk/admin.posbillingwala.com/vendor/yajra/laravel-datatables-oracle/src/DataTableAbstract.php(805): Yajra\\DataTables\\QueryDataTable->count()
#11 /home/rgusomuk/admin.posbillingwala.com/vendor/yajra/laravel-datatables-oracle/src/DataTableAbstract.php(731): Yajra\\DataTables\\DataTableAbstract->filteredCount()
#12 /home/rgusomuk/admin.posbillingwala.com/vendor/yajra/laravel-datatables-oracle/src/QueryDataTable.php(129): Yajra\\DataTables\\DataTableAbstract->filterRecords()
#13 /home/rgusomuk/admin.posbillingwala.com/vendor/yajra/laravel-datatables-oracle/src/QueryDataTable.php(99): Yajra\\DataTables\\QueryDataTable->prepareQuery()
#14 /home/rgusomuk/admin.posbillingwala.com/app/Http/Controllers/CustomerController.php(23): Yajra\\DataTables\\QueryDataTable->make(true)
#15 /home/rgusomuk/admin.posbillingwala.com/vendor/laravel/framework/src/Illuminate/Routing/Controller.php(54): App\\Http\\Controllers\\CustomerController->getAllCustomers(Object(Illuminate\\Http\\Request))
#16 /home/rgusomuk/admin.posbillingwala.com/vendor/laravel/framework/src/Illuminate/Routing/ControllerDispatcher.php(43): Illuminate\\Routing\\Controller->callAction('getAllCustomers', Array)
#17 /home/rgusomuk/admin.posbillingwala.com/vendor/laravel/framework/src/Illuminate/Routing/Route.php(259): Illuminate\\Routing\\ControllerDispatcher->dispatch(Object(Illuminate\\Routing\\Route), Object(App\\Http\\Controllers\\CustomerController), 'getAllCustomers')
#18 /home/rgusomuk/admin.posbillingwala.com/vendor/laravel/framework/src/Illuminate/Routing/Route.php(205): Illuminate\\Routing\\Route->runController()
#19 /home/rgusomuk/admin.posbillingwala.com/vendor/laravel/framework/src/Illuminate/Routing/Router.php(798): Illuminate\\Routing\\Route->run()
#20 /home/rgusomuk/admin.posbillingwala.com/vendor/laravel/framework/src/Illuminate/Pipeline/Pipeline.php(141): Illuminate\\Routing\\Router->{closure:Illuminate\\Routing\\Router::runRouteWithinStack():797}(Object(Illuminate\\Http\\Request))
#21 /home/rgusomuk/admin.posbillingwala.com/vendor/laravel/framework/src/Illuminate/Routing/Middleware/SubstituteBindings.php(50): Illuminate\\Pipeline\\Pipeline->{closure:Illuminate\\Pipeline\\Pipeline::prepareDestination():139}(Object(Illuminate\\Http\\Request))
#22 /home/rgusomuk/admin.posbillingwala.com/vendor/laravel/framework/src/Illuminate/Pipeline/Pipeline.php(180): Illuminate\\Routing\\Middleware\\SubstituteBindings->handle(Object(Illuminate\\Http\\Request), Object(Closure))
#23 /home/rgusomuk/admin.posbillingwala.com/vendor/laravel/framework/src/Illuminate/Auth/Middleware/Authenticate.php(44): Illuminate\\Pipeline\\Pipeline->{closure:{closure:Illuminate\\Pipeline\\Pipeline::carry():155}:156}(Object(Illuminate\\Http\\Request))
#24 /home/rgusomuk/admin.posbillingwala.com/vendor/laravel/framework/src/Illuminate/Pipeline/Pipeline.php(180): Illuminate\\Auth\\Middleware\\Authenticate->handle(Object(Illuminate\\Http\\Request), Object(Closure))
#25 /home/rgusomuk/admin.posbillingwala.com/vendor/laravel/framework/src/Illuminate/Foundation/Http/Middleware/VerifyCsrfToken.php(78): Illuminate\\Pipeline\\Pipeline->{closure:{closure:Illuminate\\Pipeline\\Pipeline::carry():155}:156}(Object(Illuminate\\Http\\Request))
#26 /home/rgusomuk/admin.posbillingwala.com/vendor/laravel/framework/src/Illuminate/Pipeline/Pipeline.php(180): Illuminate\\Foundation\\Http\\Middleware\\VerifyCsrfToken->handle(Object(Illuminate\\Http\\Request), Object(Closure))
#27 /home/rgusomuk/admin.posbillingwala.com/vendor/laravel/framework/src/Illuminate/View/Middleware/ShareErrorsFromSession.php(49): Illuminate\\Pipeline\\Pipeline->{closure:{closure:Illuminate\\Pipeline\\Pipeline::carry():155}:156}(Object(Illuminate\\Http\\Request))
#28 /home/rgusomuk/admin.posbillingwala.com/vendor/laravel/framework/src/Illuminate/Pipeline/Pipeline.php(180): Illuminate\\View\\Middleware\\ShareErrorsFromSession->handle(Object(Illuminate\\Http\\Request), Object(Closure))
#29 /home/rgusomuk/admin.posbillingwala.com/vendor/laravel/framework/src/Illuminate/Session/Middleware/StartSession.php(121): Illuminate\\Pipeline\\Pipeline->{closure:{closure:Illuminate\\Pipeline\\Pipeline::carry():155}:156}(Object(Illuminate\\Http\\Request))
#30 /home/rgusomuk/admin.posbillingwala.com/vendor/laravel/framework/src/Illuminate/Session/Middleware/StartSession.php(64): Illuminate\\Session\\Middleware\\StartSession->handleStatefulRequest(Object(Illuminate\\Http\\Request), Object(Illuminate\\Session\\Store), Object(Closure))
#31 /home/rgusomuk/admin.posbillingwala.com/vendor/laravel/framework/src/Illuminate/Pipeline/Pipeline.php(180): Illuminate\\Session\\Middleware\\StartSession->handle(Object(Illuminate\\Http\\Request), Object(Closure))
#32 /home/rgusomuk/admin.posbillingwala.com/vendor/laravel/framework/src/Illuminate/Cookie/Middleware/AddQueuedCookiesToResponse.php(37): Illuminate\\Pipeline\\Pipeline->{closure:{closure:Illuminate\\Pipeline\\Pipeline::carry():155}:156}(Object(Illuminate\\Http\\Request))
#33 /home/rgusomuk/admin.posbillingwala.com/vendor/laravel/framework/src/Illuminate/Pipeline/Pipeline.php(180): Illuminate\\Cookie\\Middleware\\AddQueuedCookiesToResponse->handle(Object(Illuminate\\Http\\Request), Object(Closure))
#34 /home/rgusomuk/admin.posbillingwala.com/vendor/laravel/framework/src/Illuminate/Cookie/Middleware/EncryptCookies.php(67): Illuminate\\Pipeline\\Pipeline->{closure:{closure:Illuminate\\Pipeline\\Pipeline::carry():155}:156}(Object(Illuminate\\Http\\Request))
#35 /home/rgusomuk/admin.posbillingwala.com/vendor/laravel/framework/src/Illuminate/Pipeline/Pipeline.php(180): Illuminate\\Cookie\\Middleware\\EncryptCookies->handle(Object(Illuminate\\Http\\Request), Object(Closure))
#36 /home/rgusomuk/admin.posbillingwala.com/vendor/laravel/framework/src/Illuminate/Pipeline/Pipeline.php(116): Illuminate\\Pipeline\\Pipeline->{closure:{closure:Illuminate\\Pipeline\\Pipeline::carry():155}:156}(Object(Illuminate\\Http\\Request))
#37 /home/rgusomuk/admin.posbillingwala.com/vendor/laravel/framework/src/Illuminate/Routing/Router.php(797): Illuminate\\Pipeline\\Pipeline->then(Object(Closure))
#38 /home/rgusomuk/admin.posbillingwala.com/vendor/laravel/framework/src/Illuminate/Routing/Router.php(776): Illuminate\\Routing\\Router->runRouteWithinStack(Object(Illuminate\\Routing\\Route), Object(Illuminate\\Http\\Request))
#39 /home/rgusomuk/admin.posbillingwala.com/vendor/laravel/framework/src/Illuminate/Routing/Router.php(740): Illuminate\\Routing\\Router->runRoute(Object(Illuminate\\Http\\Request), Object(Illuminate\\Routing\\Route))
#40 /home/rgusomuk/admin.posbillingwala.com/vendor/laravel/framework/src/Illuminate/Routing/Router.php(729): Illuminate\\Routing\\Router->dispatchToRoute(Object(Illuminate\\Http\\Request))
#41 /home/rgusomuk/admin.posbillingwala.com/vendor/laravel/framework/src/Illuminate/Foundation/Http/Kernel.php(190): Illuminate\\Routing\\Router->dispatch(Object(Illuminate\\Http\\Request))
#42 /home/rgusomuk/admin.posbillingwala.com/vendor/laravel/framework/src/Illuminate/Pipeline/Pipeline.php(141): Illuminate\\Foundation\\Http\\Kernel->{closure:Illuminate\\Foundation\\Http\\Kernel::dispatchToRouter():187}(Object(Illuminate\\Http\\Request))
#43 /home/rgusomuk/admin.posbillingwala.com/vendor/laravel/framework/src/Illuminate/Foundation/Http/Middleware/TransformsRequest.php(21): Illuminate\\Pipeline\\Pipeline->{closure:Illuminate\\Pipeline\\Pipeline::prepareDestination():139}(Object(Illuminate\\Http\\Request))
#44 /home/rgusomuk/admin.posbillingwala.com/vendor/laravel/framework/src/Illuminate/Foundation/Http/Middleware/ConvertEmptyStringsToNull.php(31): Illuminate\\Foundation\\Http\\Middleware\\TransformsRequest->handle(Object(Illuminate\\Http\\Request), Object(Closure))
#45 /home/rgusomuk/admin.posbillingwala.com/vendor/laravel/framework/src/Illuminate/Pipeline/Pipeline.php(180): Illuminate\\Foundation\\Http\\Middleware\\ConvertEmptyStringsToNull->handle(Object(Illuminate\\Http\\Request), Object(Closure))
#46 /home/rgusomuk/admin.posbillingwala.com/vendor/laravel/framework/src/Illuminate/Foundation/Http/Middleware/TransformsRequest.php(21): Illuminate\\Pipeline\\Pipeline->{closure:{closure:Illuminate\\Pipeline\\Pipeline::carry():155}:156}(Object(Illuminate\\Http\\Request))
#47 /home/rgusomuk/admin.posbillingwala.com/vendor/laravel/framework/src/Illuminate/Foundation/Http/Middleware/TrimStrings.php(40): Illuminate\\Foundation\\Http\\Middleware\\TransformsRequest->handle(Object(Illuminate\\Http\\Request), Object(Closure))
#48 /home/rgusomuk/admin.posbillingwala.com/vendor/laravel/framework/src/Illuminate/Pipeline/Pipeline.php(180): Illuminate\\Foundation\\Http\\Middleware\\TrimStrings->handle(Object(Illuminate\\Http\\Request), Object(Closure))
#49 /home/rgusomuk/admin.posbillingwala.com/vendor/laravel/framework/src/Illuminate/Foundation/Http/Middleware/ValidatePostSize.php(27): Illuminate\\Pipeline\\Pipeline->{closure:{closure:Illuminate\\Pipeline\\Pipeline::carry():155}:156}(Object(Illuminate\\Http\\Request))
#50 /home/rgusomuk/admin.posbillingwala.com/vendor/laravel/framework/src/Illuminate/Pipeline/Pipeline.php(180): Illuminate\\Foundation\\Http\\Middleware\\ValidatePostSize->handle(Object(Illuminate\\Http\\Request), Object(Closure))
#51 /home/rgusomuk/admin.posbillingwala.com/vendor/laravel/framework/src/Illuminate/Foundation/Http/Middleware/PreventRequestsDuringMaintenance.php(86): Illuminate\\Pipeline\\Pipeline->{closure:{closure:Illuminate\\Pipeline\\Pipeline::carry():155}:156}(Object(Illuminate\\Http\\Request))
#52 /home/rgusomuk/admin.posbillingwala.com/vendor/laravel/framework/src/Illuminate/Pipeline/Pipeline.php(180): Illuminate\\Foundation\\Http\\Middleware\\PreventRequestsDuringMaintenance->handle(Object(Illuminate\\Http\\Request), Object(Closure))
#53 /home/rgusomuk/admin.posbillingwala.com/vendor/laravel/framework/src/Illuminate/Http/Middleware/HandleCors.php(49): Illuminate\\Pipeline\\Pipeline->{closure:{closure:Illuminate\\Pipeline\\Pipeline::carry():155}:156}(Object(Illuminate\\Http\\Request))
#54 /home/rgusomuk/admin.posbillingwala.com/vendor/laravel/framework/src/Illuminate/Pipeline/Pipeline.php(180): Illuminate\\Http\\Middleware\\HandleCors->handle(Object(Illuminate\\Http\\Request), Object(Closure))
#55 /home/rgusomuk/admin.posbillingwala.com/vendor/laravel/framework/src/Illuminate/Http/Middleware/TrustProxies.php(39): Illuminate\\Pipeline\\Pipeline->{closure:{closure:Illuminate\\Pipeline\\Pipeline::carry():155}:156}(Object(Illuminate\\Http\\Request))
#56 /home/rgusomuk/admin.posbillingwala.com/vendor/laravel/framework/src/Illuminate/Pipeline/Pipeline.php(180): Illuminate\\Http\\Middleware\\TrustProxies->handle(Object(Illuminate\\Http\\Request), Object(Closure))
#57 /home/rgusomuk/admin.posbillingwala.com/vendor/laravel/framework/src/Illuminate/Pipeline/Pipeline.php(116): Illuminate\\Pipeline\\Pipeline->{closure:{closure:Illuminate\\Pipeline\\Pipeline::carry():155}:156}(Object(Illuminate\\Http\\Request))
#58 /home/rgusomuk/admin.posbillingwala.com/vendor/laravel/framework/src/Illuminate/Foundation/Http/Kernel.php(165): Illuminate\\Pipeline\\Pipeline->then(Object(Closure))
#59 /home/rgusomuk/admin.posbillingwala.com/vendor/laravel/framework/src/Illuminate/Foundation/Http/Kernel.php(134): Illuminate\\Foundation\\Http\\Kernel->sendRequestThroughRouter(Object(Illuminate\\Http\\Request))
#60 /home/rgusomuk/admin.posbillingwala.com/public/index.php(51): Illuminate\\Foundation\\Http\\Kernel->handle(Object(Illuminate\\Http\\Request))
#61 /home/rgusomuk/admin.posbillingwala.com/index.php(21): require_once('/home/rgusomuk/...')
#62 {main}

[previous exception] [object] (PDOException(code: 42S22): SQLSTATE[42S22]: Column not found: 1054 Unknown column 'users.licenseKey' in 'WHERE' at /home/rgusomuk/admin.posbillingwala.com/vendor/laravel/framework/src/Illuminate/Database/Connection.php:414)
[stacktrace]
#0 /home/rgusomuk/admin.posbillingwala.com/vendor/laravel/framework/src/Illuminate/Database/Connection.php(414): PDO->prepare('select count(*)...')
#1 /home/rgusomuk/admin.posbillingwala.com/vendor/laravel/framework/src/Illuminate/Database/Connection.php(753): Illuminate\\Database\\Connection->{closure:Illuminate\\Database\\Connection::select():405}('select count(*)...', Array)
#2 /home/rgusomuk/admin.posbillingwala.com/vendor/laravel/framework/src/Illuminate/Database/Connection.php(720): Illuminate\\Database\\Connection->runQueryCallback('select count(*)...', Array, Object(Closure))
#3 /home/rgusomuk/admin.posbillingwala.com/vendor/laravel/framework/src/Illuminate/Database/Connection.php(405): Illuminate\\Database\\Connection->run('select count(*)...', Array, Object(Closure))
#4 /home/rgusomuk/admin.posbillingwala.com/vendor/laravel/framework/src/Illuminate/Database/Query/Builder.php(2705): Illuminate\\Database\\Connection->select('select count(*)...', Array, true)
#5 /home/rgusomuk/admin.posbillingwala.com/vendor/laravel/framework/src/Illuminate/Database/Query/Builder.php(2694): Illuminate\\Database\\Query\\Builder->runSelect()
#6 /home/rgusomuk/admin.posbillingwala.com/vendor/laravel/framework/src/Illuminate/Database/Query/Builder.php(3230): Illuminate\\Database\\Query\\Builder->{closure:Illuminate\\Database\\Query\\Builder::get():2693}()
#7 /home/rgusomuk/admin.posbillingwala.com/vendor/laravel/framework/src/Illuminate/Database/Query/Builder.php(2693): Illuminate\\Database\\Query\\Builder->onceWithColumns(Array, Object(Closure))
#8 /home/rgusomuk/admin.posbillingwala.com/vendor/laravel/framework/src/Illuminate/Database/Query/Builder.php(3157): Illuminate\\Database\\Query\\Builder->get(Array)
#9 /home/rgusomuk/admin.posbillingwala.com/vendor/laravel/framework/src/Illuminate/Database/Query/Builder.php(3085): Illuminate\\Database\\Query\\Builder->aggregate('count', Array)
#10 /home/rgusomuk/admin.posbillingwala.com/vendor/laravel/framework/src/Illuminate/Database/Eloquent/Builder.php(1869): Illuminate\\Database\\Query\\Builder->count()
#11 /home/rgusomuk/admin.posbillingwala.com/vendor/yajra/laravel-datatables-oracle/src/QueryDataTable.php(146): Illuminate\\Database\\Eloquent\\Builder->__call('count', Array)
#12 /home/rgusomuk/admin.posbillingwala.com/vendor/yajra/laravel-datatables-oracle/src/DataTableAbstract.php(805): Yajra\\DataTables\\QueryDataTable->count()
#13 /home/rgusomuk/admin.posbillingwala.com/vendor/yajra/laravel-datatables-oracle/src/DataTableAbstract.php(731): Yajra\\DataTables\\DataTableAbstract->filteredCount()
#14 /home/rgusomuk/admin.posbillingwala.com/vendor/yajra/laravel-datatables-oracle/src/QueryDataTable.php(129): Yajra\\DataTables\\DataTableAbstract->filterRecords()
#15 /home/rgusomuk/admin.posbillingwala.com/vendor/yajra/laravel-datatables-oracle/src/QueryDataTable.php(99): Yajra\\DataTables\\QueryDataTable->prepareQuery()
#16 /home/rgusomuk/admin.posbillingwala.com/app/Http/Controllers/CustomerController.php(23): Yajra\\DataTables\\QueryDataTable->make(true)
#17 /home/rgusomuk/admin.posbillingwala.com/vendor/laravel/framework/src/Illuminate/Routing/Controller.php(54): App\\Http\\Controllers\\CustomerController->getAllCustomers(Object(Illuminate\\Http\\Request))
#18 /home/rgusomuk/admin.posbillingwala.com/vendor/laravel/framework/src/Illuminate/Routing/ControllerDispatcher.php(43): Illuminate\\Routing\\Controller->callAction('getAllCustomers', Array)
#19 /home/rgusomuk/admin.posbillingwala.com/vendor/laravel/framework/src/Illuminate/Routing/Route.php(259): Illuminate\\Routing\\ControllerDispatcher->dispatch(Object(Illuminate\\Routing\\Route), Object(App\\Http\\Controllers\\CustomerController), 'getAllCustomers')
#20 /home/rgusomuk/admin.posbillingwala.com/vendor/laravel/framework/src/Illuminate/Routing/Route.php(205): Illuminate\\Routing\\Route->runController()
#21 /home/rgusomuk/admin.posbillingwala.com/vendor/laravel/framework/src/Illuminate/Routing/Router.php(798): Illuminate\\Routing\\Route->run()
#22 /home/rgusomuk/admin.posbillingwala.com/vendor/laravel/framework/src/Illuminate/Pipeline/Pipeline.php(141): Illuminate\\Routing\\Router->{closure:Illuminate\\Routing\\Router::runRouteWithinStack():797}(Object(Illuminate\\Http\\Request))
#23 /home/rgusomuk/admin.posbillingwala.com/vendor/laravel/framework/src/Illuminate/Routing/Middleware/SubstituteBindings.php(50): Illuminate\\Pipeline\\Pipeline->{closure:Illuminate\\Pipeline\\Pipeline::prepareDestination():139}(Object(Illuminate\\Http\\Request))
#24 /home/rgusomuk/admin.posbillingwala.com/vendor/laravel/framework/src/Illuminate/Pipeline/Pipeline.php(180): Illuminate\\Routing\\Middleware\\SubstituteBindings->handle(Object(Illuminate\\Http\\Request), Object(Closure))
#25 /home/rgusomuk/admin.posbillingwala.com/vendor/laravel/framework/src/Illuminate/Auth/Middleware/Authenticate.php(44): Illuminate\\Pipeline\\Pipeline->{closure:{closure:Illuminate\\Pipeline\\Pipeline::carry():155}:156}(Object(Illuminate\\Http\\Request))
#26 /home/rgusomuk/admin.posbillingwala.com/vendor/laravel/framework/src/Illuminate/Pipeline/Pipeline.php(180): Illuminate\\Auth\\Middleware\\Authenticate->handle(Object(Illuminate\\Http\\Request), Object(Closure))
#27 /home/rgusomuk/admin.posbillingwala.com/vendor/laravel/framework/src/Illuminate/Foundation/Http/Middleware/VerifyCsrfToken.php(78): Illuminate\\Pipeline\\Pipeline->{closure:{closure:Illuminate\\Pipeline\\Pipeline::carry():155}:156}(Object(Illuminate\\Http\\Request))
#28 /home/rgusomuk/admin.posbillingwala.com/vendor/laravel/framework/src/Illuminate/Pipeline/Pipeline.php(180): Illuminate\\Foundation\\Http\\Middleware\\VerifyCsrfToken->handle(Object(Illuminate\\Http\\Request), Object(Closure))
#29 /home/rgusomuk/admin.posbillingwala.com/vendor/laravel/framework/src/Illuminate/View/Middleware/ShareErrorsFromSession.php(49): Illuminate\\Pipeline\\Pipeline->{closure:{closure:Illuminate\\Pipeline\\Pipeline::carry():155}:156}(Object(Illuminate\\Http\\Request))
#30 /home/rgusomuk/admin.posbillingwala.com/vendor/laravel/framework/src/Illuminate/Pipeline/Pipeline.php(180): Illuminate\\View\\Middleware\\ShareErrorsFromSession->handle(Object(Illuminate\\Http\\Request), Object(Closure))
#31 /home/rgusomuk/admin.posbillingwala.com/vendor/laravel/framework/src/Illuminate/Session/Middleware/StartSession.php(121): Illuminate\\Pipeline\\Pipeline->{closure:{closure:Illuminate\\Pipeline\\Pipeline::carry():155}:156}(Object(Illuminate\\Http\\Request))
#32 /home/rgusomuk/admin.posbillingwala.com/vendor/laravel/framework/src/Illuminate/Session/Middleware/StartSession.php(64): Illuminate\\Session\\Middleware\\StartSession->handleStatefulRequest(Object(Illuminate\\Http\\Request), Object(Illuminate\\Session\\Store), Object(Closure))
#33 /home/rgusomuk/admin.posbillingwala.com/vendor/laravel/framework/src/Illuminate/Pipeline/Pipeline.php(180): Illuminate\\Session\\Middleware\\StartSession->handle(Object(Illuminate\\Http\\Request), Object(Closure))
#34 /home/rgusomuk/admin.posbillingwala.com/vendor/laravel/framework/src/Illuminate/Cookie/Middleware/AddQueuedCookiesToResponse.php(37): Illuminate\\Pipeline\\Pipeline->{closure:{closure:Illuminate\\Pipeline\\Pipeline::carry():155}:156}(Object(Illuminate\\Http\\Request))
#35 /home/rgusomuk/admin.posbillingwala.com/vendor/laravel/framework/src/Illuminate/Pipeline/Pipeline.php(180): Illuminate\\Cookie\\Middleware\\AddQueuedCookiesToResponse->handle(Object(Illuminate\\Http\\Request), Object(Closure))
#36 /home/rgusomuk/admin.posbillingwala.com/vendor/laravel/framework/src/Illuminate/Cookie/Middleware/EncryptCookies.php(67): Illuminate\\Pipeline\\Pipeline->{closure:{closure:Illuminate\\Pipeline\\Pipeline::carry():155}:156}(Object(Illuminate\\Http\\Request))
#37 /home/rgusomuk/admin.posbillingwala.com/vendor/laravel/framework/src/Illuminate/Pipeline/Pipeline.php(180): Illuminate\\Cookie\\Middleware\\EncryptCookies->handle(Object(Illuminate\\Http\\Request), Object(Closure))
#38 /home/rgusomuk/admin.posbillingwala.com/vendor/laravel/framework/src/Illuminate/Pipeline/Pipeline.php(116): Illuminate\\Pipeline\\Pipeline->{closure:{closure:Illuminate\\Pipeline\\Pipeline::carry():155}:156}(Object(Illuminate\\Http\\Request))
#39 /home/rgusomuk/admin.posbillingwala.com/vendor/laravel/framework/src/Illuminate/Routing/Router.php(797): Illuminate\\Pipeline\\Pipeline->then(Object(Closure))
#40 /home/rgusomuk/admin.posbillingwala.com/vendor/laravel/framework/src/Illuminate/Routing/Router.php(776): Illuminate\\Routing\\Router->runRouteWithinStack(Object(Illuminate\\Routing\\Route), Object(Illuminate\\Http\\Request))
#41 /home/rgusomuk/admin.posbillingwala.com/vendor/laravel/framework/src/Illuminate/Routing/Router.php(740): Illuminate\\Routing\\Router->runRoute(Object(Illuminate\\Http\\Request), Object(Illuminate\\Routing\\Route))
#42 /home/rgusomuk/admin.posbillingwala.com/vendor/laravel/framework/src/Illuminate/Routing/Router.php(729): Illuminate\\Routing\\Router->dispatchToRoute(Object(Illuminate\\Http\\Request))
#43 /home/rgusomuk/admin.posbillingwala.com/vendor/laravel/framework/src/Illuminate/Foundation/Http/Kernel.php(190): Illuminate\\Routing\\Router->dispatch(Object(Illuminate\\Http\\Request))
#44 /home/rgusomuk/admin.posbillingwala.com/vendor/laravel/framework/src/Illuminate/Pipeline/Pipeline.php(141): Illuminate\\Foundation\\Http\\Kernel->{closure:Illuminate\\Foundation\\Http\\Kernel::dispatchToRouter():187}(Object(Illuminate\\Http\\Request))
#45 /home/rgusomuk/admin.posbillingwala.com/vendor/laravel/framework/src/Illuminate/Foundation/Http/Middleware/TransformsRequest.php(21): Illuminate\\Pipeline\\Pipeline->{closure:Illuminate\\Pipeline\\Pipeline::prepareDestination():139}(Object(Illuminate\\Http\\Request))
#46 /home/rgusomuk/admin.posbillingwala.com/vendor/laravel/framework/src/Illuminate/Foundation/Http/Middleware/ConvertEmptyStringsToNull.php(31): Illuminate\\Foundation\\Http\\Middleware\\TransformsRequest->handle(Object(Illuminate\\Http\\Request), Object(Closure))
#47 /home/rgusomuk/admin.posbillingwala.com/vendor/laravel/framework/src/Illuminate/Pipeline/Pipeline.php(180): Illuminate\\Foundation\\Http\\Middleware\\ConvertEmptyStringsToNull->handle(Object(Illuminate\\Http\\Request), Object(Closure))
#48 /home/rgusomuk/admin.posbillingwala.com/vendor/laravel/framework/src/Illuminate/Foundation/Http/Middleware/TransformsRequest.php(21): Illuminate\\Pipeline\\Pipeline->{closure:{closure:Illuminate\\Pipeline\\Pipeline::carry():155}:156}(Object(Illuminate\\Http\\Request))
#49 /home/rgusomuk/admin.posbillingwala.com/vendor/laravel/framework/src/Illuminate/Foundation/Http/Middleware/TrimStrings.php(40): Illuminate\\Foundation\\Http\\Middleware\\TransformsRequest->handle(Object(Illuminate\\Http\\Request), Object(Closure))
#50 /home/rgusomuk/admin.posbillingwala.com/vendor/laravel/framework/src/Illuminate/Pipeline/Pipeline.php(180): Illuminate\\Foundation\\Http\\Middleware\\TrimStrings->handle(Object(Illuminate\\Http\\Request), Object(Closure))
#51 /home/rgusomuk/admin.posbillingwala.com/vendor/laravel/framework/src/Illuminate/Foundation/Http/Middleware/ValidatePostSize.php(27): Illuminate\\Pipeline\\Pipeline->{closure:{closure:Illuminate\\Pipeline\\Pipeline::carry():155}:156}(Object(Illuminate\\Http\\Request))
#52 /home/rgusomuk/admin.posbillingwala.com/vendor/laravel/framework/src/Illuminate/Pipeline/Pipeline.php(180): Illuminate\\Foundation\\Http\\Middleware\\ValidatePostSize->handle(Object(Illuminate\\Http\\Request), Object(Closure))
#53 /home/rgusomuk/admin.posbillingwala.com/vendor/laravel/framework/src/Illuminate/Foundation/Http/Middleware/PreventRequestsDuringMaintenance.php(86): Illuminate\\Pipeline\\Pipeline->{closure:{closure:Illuminate\\Pipeline\\Pipeline::carry():155}:156}(Object(Illuminate\\Http\\Request))
#54 /home/rgusomuk/admin.posbillingwala.com/vendor/laravel/framework/src/Illuminate/Pipeline/Pipeline.php(180): Illuminate\\Foundation\\Http\\Middleware\\PreventRequestsDuringMaintenance->handle(Object(Illuminate\\Http\\Request), Object(Closure))
#55 /home/rgusomuk/admin.posbillingwala.com/vendor/laravel/framework/src/Illuminate/Http/Middleware/HandleCors.php(49): Illuminate\\Pipeline\\Pipeline->{closure:{closure:Illuminate\\Pipeline\\Pipeline::carry():155}:156}(Object(Illuminate\\Http\\Request))
#56 /home/rgusomuk/admin.posbillingwala.com/vendor/laravel/framework/src/Illuminate/Pipeline/Pipeline.php(180): Illuminate\\Http\\Middleware\\HandleCors->handle(Object(Illuminate\\Http\\Request), Object(Closure))
#57 /home/rgusomuk/admin.posbillingwala.com/vendor/laravel/framework/src/Illuminate/Http/Middleware/TrustProxies.php(39): Illuminate\\Pipeline\\Pipeline->{closure:{closure:Illuminate\\Pipeline\\Pipeline::carry():155}:156}(Object(Illuminate\\Http\\Request))
#58 /home/rgusomuk/admin.posbillingwala.com/vendor/laravel/framework/src/Illuminate/Pipeline/Pipeline.php(180): Illuminate\\Http\\Middleware\\TrustProxies->handle(Object(Illuminate\\Http\\Request), Object(Closure))
#59 /home/rgusomuk/admin.posbillingwala.com/vendor/laravel/framework/src/Illuminate/Pipeline/Pipeline.php(116): Illuminate\\Pipeline\\Pipeline->{closure:{closure:Illuminate\\Pipeline\\Pipeline::carry():155}:156}(Object(Illuminate\\Http\\Request))
#60 /home/rgusomuk/admin.posbillingwala.com/vendor/laravel/framework/src/Illuminate/Foundation/Http/Kernel.php(165): Illuminate\\Pipeline\\Pipeline->then(Object(Closure))
#61 /home/rgusomuk/admin.posbillingwala.com/vendor/laravel/framework/src/Illuminate/Foundation/Http/Kernel.php(134): Illuminate\\Foundation\\Http\\Kernel->sendRequestThroughRouter(Object(Illuminate\\Http\\Request))
#62 /home/rgusomuk/admin.posbillingwala.com/public/index.php(51): Illuminate\\Foundation\\Http\\Kernel->handle(Object(Illuminate\\Http\\Request))
#63 /home/rgusomuk/admin.posbillingwala.com/index.php(21): require_once('/home/rgusomuk/...')
#64 {main}
"} 
[2026-08-25 15:06:30] local.ERROR: SQLSTATE[42S22]: Column not found: 1054 Unknown column 'users.licenseKey' in 'WHERE' (SQL: select count(*) as aggregate from `users` inner join `licenses` on `licenses`.`userId` = `users`.`id` where `licenses`.`userType` = owner and `users`.`role_id` = 3 and (LOWER(`users`.`name`) LIKE %mi% or LOWER(`users`.`contact_number`) LIKE %mi% or LOWER(`users`.`shopName`) LIKE %mi% or LOWER(`users`.`licenseKey`) LIKE %mi% or LOWER(`users`.`expiryDate`) LIKE %mi% or LOWER(`users`.`licenseStatus`) LIKE %mi% or LOWER(`users`.`licenseStatus`) LIKE %mi%)) {"userId":1,"exception":"[object] (Illuminate\\Database\\QueryException(code: 42S22): SQLSTATE[42S22]: Column not found: 1054 Unknown column 'users.licenseKey' in 'WHERE' (SQL: select count(*) as aggregate from `users` inner join `licenses` on `licenses`.`userId` = `users`.`id` where `licenses`.`userType` = owner and `users`.`role_id` = 3 and (LOWER(`users`.`name`) LIKE %mi% or LOWER(`users`.`contact_number`) LIKE %mi% or LOWER(`users`.`shopName`) LIKE %mi% or LOWER(`users`.`licenseKey`) LIKE %mi% or LOWER(`users`.`expiryDate`) LIKE %mi% or LOWER(`users`.`licenseStatus`) LIKE %mi% or LOWER(`users`.`licenseStatus`) LIKE %mi%)) at /home/rgusomuk/admin.posbillingwala.com/vendor/laravel/framework/src/Illuminate/Database/Connection.php:760)
[stacktrace]
#0 /home/rgusomuk/admin.posbillingwala.com/vendor/laravel/framework/src/Illuminate/Database/Connection.php(720): Illuminate\\Database\\Connection->runQueryCallback('select count(*)...', Array, Object(Closure))
#1 /home/rgusomuk/admin.posbillingwala.com/vendor/laravel/framework/src/Illuminate/Database/Connection.php(405): Illuminate\\Database\\Connection->run('select count(*)...', Array, Object(Closure))
#2 /home/rgusomuk/admin.posbillingwala.com/vendor/laravel/framework/src/Illuminate/Database/Query/Builder.php(2705): Illuminate\\Database\\Connection->select('select count(*)...', Array, true)
#3 /home/rgusomuk/admin.posbillingwala.com/vendor/laravel/framework/src/Illuminate/Database/Query/Builder.php(2694): Illuminate\\Database\\Query\\Builder->runSelect()
#4 /home/rgusomuk/admin.posbillingwala.com/vendor/laravel/framework/src/Illuminate/Database/Query/Builder.php(3230): Illuminate\\Database\\Query\\Builder->{closure:Illuminate\\Database\\Query\\Builder::get():2693}()
#5 /home/rgusomuk/admin.posbillingwala.com/vendor/laravel/framework/src/Illuminate/Database/Query/Builder.php(2693): Illuminate\\Database\\Query\\Builder->onceWithColumns(Array, Object(Closure))
#6 /home/rgusomuk/admin.posbillingwala.com/vendor/laravel/framework/src/Illuminate/Database/Query/Builder.php(3157): Illuminate\\Database\\Query\\Builder->get(Array)
#7 /home/rgusomuk/admin.posbillingwala.com/vendor/laravel/framework/src/Illuminate/Database/Query/Builder.php(3085): Illuminate\\Database\\Query\\Builder->aggregate('count', Array)
#8 /home/rgusomuk/admin.posbillingwala.com/vendor/laravel/framework/src/Illuminate/Database/Eloquent/Builder.php(1869): Illuminate\\Database\\Query\\Builder->count()
#9 /home/rgusomuk/admin.posbillingwala.com/vendor/yajra/laravel-datatables-oracle/src/QueryDataTable.php(146): Illuminate\\Database\\Eloquent\\Builder->__call('count', Array)
#10 /home/rgusomuk/admin.posbillingwala.com/vendor/yajra/laravel-datatables-oracle/src/DataTableAbstract.php(805): Yajra\\DataTables\\QueryDataTable->count()
#11 /home/rgusomuk/admin.posbillingwala.com/vendor/yajra/laravel-datatables-oracle/src/DataTableAbstract.php(731): Yajra\\DataTables\\DataTableAbstract->filteredCount()
#12 /home/rgusomuk/admin.posbillingwala.com/vendor/yajra/laravel-datatables-oracle/src/QueryDataTable.php(129): Yajra\\DataTables\\DataTableAbstract->filterRecords()
#13 /home/rgusomuk/admin.posbillingwala.com/vendor/yajra/laravel-datatables-oracle/src/QueryDataTable.php(99): Yajra\\DataTables\\QueryDataTable->prepareQuery()
#14 /home/rgusomuk/admin.posbillingwala.com/app/Http/Controllers/CustomerController.php(23): Yajra\\DataTables\\QueryDataTable->make(true)
#15 /home/rgusomuk/admin.posbillingwala.com/vendor/laravel/framework/src/Illuminate/Routing/Controller.php(54): App\\Http\\Controllers\\CustomerController->getAllCustomers(Object(Illuminate\\Http\\Request))
#16 /home/rgusomuk/admin.posbillingwala.com/vendor/laravel/framework/src/Illuminate/Routing/ControllerDispatcher.php(43): Illuminate\\Routing\\Controller->callAction('getAllCustomers', Array)
#17 /home/rgusomuk/admin.posbillingwala.com/vendor/laravel/framework/src/Illuminate/Routing/Route.php(259): Illuminate\\Routing\\ControllerDispatcher->dispatch(Object(Illuminate\\Routing\\Route), Object(App\\Http\\Controllers\\CustomerController), 'getAllCustomers')
#18 /home/rgusomuk/admin.posbillingwala.com/vendor/laravel/framework/src/Illuminate/Routing/Route.php(205): Illuminate\\Routing\\Route->runController()
#19 /home/rgusomuk/admin.posbillingwala.com/vendor/laravel/framework/src/Illuminate/Routing/Router.php(798): Illuminate\\Routing\\Route->run()
#20 /home/rgusomuk/admin.posbillingwala.com/vendor/laravel/framework/src/Illuminate/Pipeline/Pipeline.php(141): Illuminate\\Routing\\Router->{closure:Illuminate\\Routing\\Router::runRouteWithinStack():797}(Object(Illuminate\\Http\\Request))
#21 /home/rgusomuk/admin.posbillingwala.com/vendor/laravel/framework/src/Illuminate/Routing/Middleware/SubstituteBindings.php(50): Illuminate\\Pipeline\\Pipeline->{closure:Illuminate\\Pipeline\\Pipeline::prepareDestination():139}(Object(Illuminate\\Http\\Request))
#22 /home/rgusomuk/admin.posbillingwala.com/vendor/laravel/framework/src/Illuminate/Pipeline/Pipeline.php(180): Illuminate\\Routing\\Middleware\\SubstituteBindings->handle(Object(Illuminate\\Http\\Request), Object(Closure))
#23 /home/rgusomuk/admin.posbillingwala.com/vendor/laravel/framework/src/Illuminate/Auth/Middleware/Authenticate.php(44): Illuminate\\Pipeline\\Pipeline->{closure:{closure:Illuminate\\Pipeline\\Pipeline::carry():155}:156}(Object(Illuminate\\Http\\Request))
#24 /home/rgusomuk/admin.posbillingwala.com/vendor/laravel/framework/src/Illuminate/Pipeline/Pipeline.php(180): Illuminate\\Auth\\Middleware\\Authenticate->handle(Object(Illuminate\\Http\\Request), Object(Closure))
#25 /home/rgusomuk/admin.posbillingwala.com/vendor/laravel/framework/src/Illuminate/Foundation/Http/Middleware/VerifyCsrfToken.php(78): Illuminate\\Pipeline\\Pipeline->{closure:{closure:Illuminate\\Pipeline\\Pipeline::carry():155}:156}(Object(Illuminate\\Http\\Request))
#26 /home/rgusomuk/admin.posbillingwala.com/vendor/laravel/framework/src/Illuminate/Pipeline/Pipeline.php(180): Illuminate\\Foundation\\Http\\Middleware\\VerifyCsrfToken->handle(Object(Illuminate\\Http\\Request), Object(Closure))
#27 /home/rgusomuk/admin.posbillingwala.com/vendor/laravel/framework/src/Illuminate/View/Middleware/ShareErrorsFromSession.php(49): Illuminate\\Pipeline\\Pipeline->{closure:{closure:Illuminate\\Pipeline\\Pipeline::carry():155}:156}(Object(Illuminate\\Http\\Request))
#28 /home/rgusomuk/admin.posbillingwala.com/vendor/laravel/framework/src/Illuminate/Pipeline/Pipeline.php(180): Illuminate\\View\\Middleware\\ShareErrorsFromSession->handle(Object(Illuminate\\Http\\Request), Object(Closure))
#29 /home/rgusomuk/admin.posbillingwala.com/vendor/laravel/framework/src/Illuminate/Session/Middleware/StartSession.php(121): Illuminate\\Pipeline\\Pipeline->{closure:{closure:Illuminate\\Pipeline\\Pipeline::carry():155}:156}(Object(Illuminate\\Http\\Request))
#30 /home/rgusomuk/admin.posbillingwala.com/vendor/laravel/framework/src/Illuminate/Session/Middleware/StartSession.php(64): Illuminate\\Session\\Middleware\\StartSession->handleStatefulRequest(Object(Illuminate\\Http\\Request), Object(Illuminate\\Session\\Store), Object(Closure))
#31 /home/rgusomuk/admin.posbillingwala.com/vendor/laravel/framework/src/Illuminate/Pipeline/Pipeline.php(180): Illuminate\\Session\\Middleware\\StartSession->handle(Object(Illuminate\\Http\\Request), Object(Closure))
#32 /home/rgusomuk/admin.posbillingwala.com/vendor/laravel/framework/src/Illuminate/Cookie/Middleware/AddQueuedCookiesToResponse.php(37): Illuminate\\Pipeline\\Pipeline->{closure:{closure:Illuminate\\Pipeline\\Pipeline::carry():155}:156}(Object(Illuminate\\Http\\Request))
#33 /home/rgusomuk/admin.posbillingwala.com/vendor/laravel/framework/src/Illuminate/Pipeline/Pipeline.php(180): Illuminate\\Cookie\\Middleware\\AddQueuedCookiesToResponse->handle(Object(Illuminate\\Http\\Request), Object(Closure))
#34 /home/rgusomuk/admin.posbillingwala.com/vendor/laravel/framework/src/Illuminate/Cookie/Middleware/EncryptCookies.php(67): Illuminate\\Pipeline\\Pipeline->{closure:{closure:Illuminate\\Pipeline\\Pipeline::carry():155}:156}(Object(Illuminate\\Http\\Request))
#35 /home/rgusomuk/admin.posbillingwala.com/vendor/laravel/framework/src/Illuminate/Pipeline/Pipeline.php(180): Illuminate\\Cookie\\Middleware\\EncryptCookies->handle(Object(Illuminate\\Http\\Request), Object(Closure))
#36 /home/rgusomuk/admin.posbillingwala.com/vendor/laravel/framework/src/Illuminate/Pipeline/Pipeline.php(116): Illuminate\\Pipeline\\Pipeline->{closure:{closure:Illuminate\\Pipeline\\Pipeline::carry():155}:156}(Object(Illuminate\\Http\\Request))
#37 /home/rgusomuk/admin.posbillingwala.com/vendor/laravel/framework/src/Illuminate/Routing/Router.php(797): Illuminate\\Pipeline\\Pipeline->then(Object(Closure))
#38 /home/rgusomuk/admin.posbillingwala.com/vendor/laravel/framework/src/Illuminate/Routing/Router.php(776): Illuminate\\Routing\\Router->runRouteWithinStack(Object(Illuminate\\Routing\\Route), Object(Illuminate\\Http\\Request))
#39 /home/rgusomuk/admin.posbillingwala.com/vendor/laravel/framework/src/Illuminate/Routing/Router.php(740): Illuminate\\Routing\\Router->runRoute(Object(Illuminate\\Http\\Request), Object(Illuminate\\Routing\\Route))
#40 /home/rgusomuk/admin.posbillingwala.com/vendor/laravel/framework/src/Illuminate/Routing/Router.php(729): Illuminate\\Routing\\Router->dispatchToRoute(Object(Illuminate\\Http\\Request))
#41 /home/rgusomuk/admin.posbillingwala.com/vendor/laravel/framework/src/Illuminate/Foundation/Http/Kernel.php(190): Illuminate\\Routing\\Router->dispatch(Object(Illuminate\\Http\\Request))
#42 /home/rgusomuk/admin.posbillingwala.com/vendor/laravel/framework/src/Illuminate/Pipeline/Pipeline.php(141): Illuminate\\Foundation\\Http\\Kernel->{closure:Illuminate\\Foundation\\Http\\Kernel::dispatchToRouter():187}(Object(Illuminate\\Http\\Request))
#43 /home/rgusomuk/admin.posbillingwala.com/vendor/laravel/framework/src/Illuminate/Foundation/Http/Middleware/TransformsRequest.php(21): Illuminate\\Pipeline\\Pipeline->{closure:Illuminate\\Pipeline\\Pipeline::prepareDestination():139}(Object(Illuminate\\Http\\Request))
#44 /home/rgusomuk/admin.posbillingwala.com/vendor/laravel/framework/src/Illuminate/Foundation/Http/Middleware/ConvertEmptyStringsToNull.php(31): Illuminate\\Foundation\\Http\\Middleware\\TransformsRequest->handle(Object(Illuminate\\Http\\Request), Object(Closure))
#45 /home/rgusomuk/admin.posbillingwala.com/vendor/laravel/framework/src/Illuminate/Pipeline/Pipeline.php(180): Illuminate\\Foundation\\Http\\Middleware\\ConvertEmptyStringsToNull->handle(Object(Illuminate\\Http\\Request), Object(Closure))
#46 /home/rgusomuk/admin.posbillingwala.com/vendor/laravel/framework/src/Illuminate/Foundation/Http/Middleware/TransformsRequest.php(21): Illuminate\\Pipeline\\Pipeline->{closure:{closure:Illuminate\\Pipeline\\Pipeline::carry():155}:156}(Object(Illuminate\\Http\\Request))
#47 /home/rgusomuk/admin.posbillingwala.com/vendor/laravel/framework/src/Illuminate/Foundation/Http/Middleware/TrimStrings.php(40): Illuminate\\Foundation\\Http\\Middleware\\TransformsRequest->handle(Object(Illuminate\\Http\\Request), Object(Closure))
#48 /home/rgusomuk/admin.posbillingwala.com/vendor/laravel/framework/src/Illuminate/Pipeline/Pipeline.php(180): Illuminate\\Foundation\\Http\\Middleware\\TrimStrings->handle(Object(Illuminate\\Http\\Request), Object(Closure))
#49 /home/rgusomuk/admin.posbillingwala.com/vendor/laravel/framework/src/Illuminate/Foundation/Http/Middleware/ValidatePostSize.php(27): Illuminate\\Pipeline\\Pipeline->{closure:{closure:Illuminate\\Pipeline\\Pipeline::carry():155}:156}(Object(Illuminate\\Http\\Request))
#50 /home/rgusomuk/admin.posbillingwala.com/vendor/laravel/framework/src/Illuminate/Pipeline/Pipeline.php(180): Illuminate\\Foundation\\Http\\Middleware\\ValidatePostSize->handle(Object(Illuminate\\Http\\Request), Object(Closure))
#51 /home/rgusomuk/admin.posbillingwala.com/vendor/laravel/framework/src/Illuminate/Foundation/Http/Middleware/PreventRequestsDuringMaintenance.php(86): Illuminate\\Pipeline\\Pipeline->{closure:{closure:Illuminate\\Pipeline\\Pipeline::carry():155}:156}(Object(Illuminate\\Http\\Request))
#52 /home/rgusomuk/admin.posbillingwala.com/vendor/laravel/framework/src/Illuminate/Pipeline/Pipeline.php(180): Illuminate\\Foundation\\Http\\Middleware\\PreventRequestsDuringMaintenance->handle(Object(Illuminate\\Http\\Request), Object(Closure))
#53 /home/rgusomuk/admin.posbillingwala.com/vendor/laravel/framework/src/Illuminate/Http/Middleware/HandleCors.php(49): Illuminate\\Pipeline\\Pipeline->{closure:{closure:Illuminate\\Pipeline\\Pipeline::carry():155}:156}(Object(Illuminate\\Http\\Request))
#54 /home/rgusomuk/admin.posbillingwala.com/vendor/laravel/framework/src/Illuminate/Pipeline/Pipeline.php(180): Illuminate\\Http\\Middleware\\HandleCors->handle(Object(Illuminate\\Http\\Request), Object(Closure))
#55 /home/rgusomuk/admin.posbillingwala.com/vendor/laravel/framework/src/Illuminate/Http/Middleware/TrustProxies.php(39): Illuminate\\Pipeline\\Pipeline->{closure:{closure:Illuminate\\Pipeline\\Pipeline::carry():155}:156}(Object(Illuminate\\Http\\Request))
#56 /home/rgusomuk/admin.posbillingwala.com/vendor/laravel/framework/src/Illuminate/Pipeline/Pipeline.php(180): Illuminate\\Http\\Middleware\\TrustProxies->handle(Object(Illuminate\\Http\\Request), Object(Closure))
#57 /home/rgusomuk/admin.posbillingwala.com/vendor/laravel/framework/src/Illuminate/Pipeline/Pipeline.php(116): Illuminate\\Pipeline\\Pipeline->{closure:{closure:Illuminate\\Pipeline\\Pipeline::carry():155}:156}(Object(Illuminate\\Http\\Request))
#58 /home/rgusomuk/admin.posbillingwala.com/vendor/laravel/framework/src/Illuminate/Foundation/Http/Kernel.php(165): Illuminate\\Pipeline\\Pipeline->then(Object(Closure))
#59 /home/rgusomuk/admin.posbillingwala.com/vendor/laravel/framework/src/Illuminate/Foundation/Http/Kernel.php(134): Illuminate\\Foundation\\Http\\Kernel->sendRequestThroughRouter(Object(Illuminate\\Http\\Request))
#60 /home/rgusomuk/admin.posbillingwala.com/public/index.php(51): Illuminate\\Foundation\\Http\\Kernel->handle(Object(Illuminate\\Http\\Request))
#61 /home/rgusomuk/admin.posbillingwala.com/index.php(21): require_once('/home/rgusomuk/...')
#62 {main}

[previous exception] [object] (PDOException(code: 42S22): SQLSTATE[42S22]: Column not found: 1054 Unknown column 'users.licenseKey' in 'WHERE' at /home/rgusomuk/admin.posbillingwala.com/vendor/laravel/framework/src/Illuminate/Database/Connection.php:414)
[stacktrace]
#0 /home/rgusomuk/admin.posbillingwala.com/vendor/laravel/framework/src/Illuminate/Database/Connection.php(414): PDO->prepare('select count(*)...')
#1 /home/rgusomuk/admin.posbillingwala.com/vendor/laravel/framework/src/Illuminate/Database/Connection.php(753): Illuminate\\Database\\Connection->{closure:Illuminate\\Database\\Connection::select():405}('select count(*)...', Array)
#2 /home/rgusomuk/admin.posbillingwala.com/vendor/laravel/framework/src/Illuminate/Database/Connection.php(720): Illuminate\\Database\\Connection->runQueryCallback('select count(*)...', Array, Object(Closure))
#3 /home/rgusomuk/admin.posbillingwala.com/vendor/laravel/framework/src/Illuminate/Database/Connection.php(405): Illuminate\\Database\\Connection->run('select count(*)...', Array, Object(Closure))
#4 /home/rgusomuk/admin.posbillingwala.com/vendor/laravel/framework/src/Illuminate/Database/Query/Builder.php(2705): Illuminate\\Database\\Connection->select('select count(*)...', Array, true)
#5 /home/rgusomuk/admin.posbillingwala.com/vendor/laravel/framework/src/Illuminate/Database/Query/Builder.php(2694): Illuminate\\Database\\Query\\Builder->runSelect()
#6 /home/rgusomuk/admin.posbillingwala.com/vendor/laravel/framework/src/Illuminate/Database/Query/Builder.php(3230): Illuminate\\Database\\Query\\Builder->{closure:Illuminate\\Database\\Query\\Builder::get():2693}()
#7 /home/rgusomuk/admin.posbillingwala.com/vendor/laravel/framework/src/Illuminate/Database/Query/Builder.php(2693): Illuminate\\Database\\Query\\Builder->onceWithColumns(Array, Object(Closure))
#8 /home/rgusomuk/admin.posbillingwala.com/vendor/laravel/framework/src/Illuminate/Database/Query/Builder.php(3157): Illuminate\\Database\\Query\\Builder->get(Array)
#9 /home/rgusomuk/admin.posbillingwala.com/vendor/laravel/framework/src/Illuminate/Database/Query/Builder.php(3085): Illuminate\\Database\\Query\\Builder->aggregate('count', Array)
#10 /home/rgusomuk/admin.posbillingwala.com/vendor/laravel/framework/src/Illuminate/Database/Eloquent/Builder.php(1869): Illuminate\\Database\\Query\\Builder->count()
#11 /home/rgusomuk/admin.posbillingwala.com/vendor/yajra/laravel-datatables-oracle/src/QueryDataTable.php(146): Illuminate\\Database\\Eloquent\\Builder->__call('count', Array)
#12 /home/rgusomuk/admin.posbillingwala.com/vendor/yajra/laravel-datatables-oracle/src/DataTableAbstract.php(805): Yajra\\DataTables\\QueryDataTable->count()
#13 /home/rgusomuk/admin.posbillingwala.com/vendor/yajra/laravel-datatables-oracle/src/DataTableAbstract.php(731): Yajra\\DataTables\\DataTableAbstract->filteredCount()
#14 /home/rgusomuk/admin.posbillingwala.com/vendor/yajra/laravel-datatables-oracle/src/QueryDataTable.php(129): Yajra\\DataTables\\DataTableAbstract->filterRecords()
#15 /home/rgusomuk/admin.posbillingwala.com/vendor/yajra/laravel-datatables-oracle/src/QueryDataTable.php(99): Yajra\\DataTables\\QueryDataTable->prepareQuery()
#16 /home/rgusomuk/admin.posbillingwala.com/app/Http/Controllers/CustomerController.php(23): Yajra\\DataTables\\QueryDataTable->make(true)
#17 /home/rgusomuk/admin.posbillingwala.com/vendor/laravel/framework/src/Illuminate/Routing/Controller.php(54): App\\Http\\Controllers\\CustomerController->getAllCustomers(Object(Illuminate\\Http\\Request))
#18 /home/rgusomuk/admin.posbillingwala.com/vendor/laravel/framework/src/Illuminate/Routing/ControllerDispatcher.php(43): Illuminate\\Routing\\Controller->callAction('getAllCustomers', Array)
#19 /home/rgusomuk/admin.posbillingwala.com/vendor/laravel/framework/src/Illuminate/Routing/Route.php(259): Illuminate\\Routing\\ControllerDispatcher->dispatch(Object(Illuminate\\Routing\\Route), Object(App\\Http\\Controllers\\CustomerController), 'getAllCustomers')
#20 /home/rgusomuk/admin.posbillingwala.com/vendor/laravel/framework/src/Illuminate/Routing/Route.php(205): Illuminate\\Routing\\Route->runController()
#21 /home/rgusomuk/admin.posbillingwala.com/vendor/laravel/framework/src/Illuminate/Routing/Router.php(798): Illuminate\\Routing\\Route->run()
#22 /home/rgusomuk/admin.posbillingwala.com/vendor/laravel/framework/src/Illuminate/Pipeline/Pipeline.php(141): Illuminate\\Routing\\Router->{closure:Illuminate\\Routing\\Router::runRouteWithinStack():797}(Object(Illuminate\\Http\\Request))
#23 /home/rgusomuk/admin.posbillingwala.com/vendor/laravel/framework/src/Illuminate/Routing/Middleware/SubstituteBindings.php(50): Illuminate\\Pipeline\\Pipeline->{closure:Illuminate\\Pipeline\\Pipeline::prepareDestination():139}(Object(Illuminate\\Http\\Request))
#24 /home/rgusomuk/admin.posbillingwala.com/vendor/laravel/framework/src/Illuminate/Pipeline/Pipeline.php(180): Illuminate\\Routing\\Middleware\\SubstituteBindings->handle(Object(Illuminate\\Http\\Request), Object(Closure))
#25 /home/rgusomuk/admin.posbillingwala.com/vendor/laravel/framework/src/Illuminate/Auth/Middleware/Authenticate.php(44): Illuminate\\Pipeline\\Pipeline->{closure:{closure:Illuminate\\Pipeline\\Pipeline::carry():155}:156}(Object(Illuminate\\Http\\Request))
#26 /home/rgusomuk/admin.posbillingwala.com/vendor/laravel/framework/src/Illuminate/Pipeline/Pipeline.php(180): Illuminate\\Auth\\Middleware\\Authenticate->handle(Object(Illuminate\\Http\\Request), Object(Closure))
#27 /home/rgusomuk/admin.posbillingwala.com/vendor/laravel/framework/src/Illuminate/Foundation/Http/Middleware/VerifyCsrfToken.php(78): Illuminate\\Pipeline\\Pipeline->{closure:{closure:Illuminate\\Pipeline\\Pipeline::carry():155}:156}(Object(Illuminate\\Http\\Request))
#28 /home/rgusomuk/admin.posbillingwala.com/vendor/laravel/framework/src/Illuminate/Pipeline/Pipeline.php(180): Illuminate\\Foundation\\Http\\Middleware\\VerifyCsrfToken->handle(Object(Illuminate\\Http\\Request), Object(Closure))
#29 /home/rgusomuk/admin.posbillingwala.com/vendor/laravel/framework/src/Illuminate/View/Middleware/ShareErrorsFromSession.php(49): Illuminate\\Pipeline\\Pipeline->{closure:{closure:Illuminate\\Pipeline\\Pipeline::carry():155}:156}(Object(Illuminate\\Http\\Request))
#30 /home/rgusomuk/admin.posbillingwala.com/vendor/laravel/framework/src/Illuminate/Pipeline/Pipeline.php(180): Illuminate\\View\\Middleware\\ShareErrorsFromSession->handle(Object(Illuminate\\Http\\Request), Object(Closure))
#31 /home/rgusomuk/admin.posbillingwala.com/vendor/laravel/framework/src/Illuminate/Session/Middleware/StartSession.php(121): Illuminate\\Pipeline\\Pipeline->{closure:{closure:Illuminate\\Pipeline\\Pipeline::carry():155}:156}(Object(Illuminate\\Http\\Request))
#32 /home/rgusomuk/admin.posbillingwala.com/vendor/laravel/framework/src/Illuminate/Session/Middleware/StartSession.php(64): Illuminate\\Session\\Middleware\\StartSession->handleStatefulRequest(Object(Illuminate\\Http\\Request), Object(Illuminate\\Session\\Store), Object(Closure))
#33 /home/rgusomuk/admin.posbillingwala.com/vendor/laravel/framework/src/Illuminate/Pipeline/Pipeline.php(180): Illuminate\\Session\\Middleware\\StartSession->handle(Object(Illuminate\\Http\\Request), Object(Closure))
#34 /home/rgusomuk/admin.posbillingwala.com/vendor/laravel/framework/src/Illuminate/Cookie/Middleware/AddQueuedCookiesToResponse.php(37): Illuminate\\Pipeline\\Pipeline->{closure:{closure:Illuminate\\Pipeline\\Pipeline::carry():155}:156}(Object(Illuminate\\Http\\Request))
#35 /home/rgusomuk/admin.posbillingwala.com/vendor/laravel/framework/src/Illuminate/Pipeline/Pipeline.php(180): Illuminate\\Cookie\\Middleware\\AddQueuedCookiesToResponse->handle(Object(Illuminate\\Http\\Request), Object(Closure))
#36 /home/rgusomuk/admin.posbillingwala.com/vendor/laravel/framework/src/Illuminate/Cookie/Middleware/EncryptCookies.php(67): Illuminate\\Pipeline\\Pipeline->{closure:{closure:Illuminate\\Pipeline\\Pipeline::carry():155}:156}(Object(Illuminate\\Http\\Request))
#37 /home/rgusomuk/admin.posbillingwala.com/vendor/laravel/framework/src/Illuminate/Pipeline/Pipeline.php(180): Illuminate\\Cookie\\Middleware\\EncryptCookies->handle(Object(Illuminate\\Http\\Request), Object(Closure))
#38 /home/rgusomuk/admin.posbillingwala.com/vendor/laravel/framework/src/Illuminate/Pipeline/Pipeline.php(116): Illuminate\\Pipeline\\Pipeline->{closure:{closure:Illuminate\\Pipeline\\Pipeline::carry():155}:156}(Object(Illuminate\\Http\\Request))
#39 /home/rgusomuk/admin.posbillingwala.com/vendor/laravel/framework/src/Illuminate/Routing/Router.php(797): Illuminate\\Pipeline\\Pipeline->then(Object(Closure))
#40 /home/rgusomuk/admin.posbillingwala.com/vendor/laravel/framework/src/Illuminate/Routing/Router.php(776): Illuminate\\Routing\\Router->runRouteWithinStack(Object(Illuminate\\Routing\\Route), Object(Illuminate\\Http\\Request))
#41 /home/rgusomuk/admin.posbillingwala.com/vendor/laravel/framework/src/Illuminate/Routing/Router.php(740): Illuminate\\Routing\\Router->runRoute(Object(Illuminate\\Http\\Request), Object(Illuminate\\Routing\\Route))
#42 /home/rgusomuk/admin.posbillingwala.com/vendor/laravel/framework/src/Illuminate/Routing/Router.php(729): Illuminate\\Routing\\Router->dispatchToRoute(Object(Illuminate\\Http\\Request))
#43 /home/rgusomuk/admin.posbillingwala.com/vendor/laravel/framework/src/Illuminate/Foundation/Http/Kernel.php(190): Illuminate\\Routing\\Router->dispatch(Object(Illuminate\\Http\\Request))
#44 /home/rgusomuk/admin.posbillingwala.com/vendor/laravel/framework/src/Illuminate/Pipeline/Pipeline.php(141): Illuminate\\Foundation\\Http\\Kernel->{closure:Illuminate\\Foundation\\Http\\Kernel::dispatchToRouter():187}(Object(Illuminate\\Http\\Request))
#45 /home/rgusomuk/admin.posbillingwala.com/vendor/laravel/framework/src/Illuminate/Foundation/Http/Middleware/TransformsRequest.php(21): Illuminate\\Pipeline\\Pipeline->{closure:Illuminate\\Pipeline\\Pipeline::prepareDestination():139}(Object(Illuminate\\Http\\Request))
#46 /home/rgusomuk/admin.posbillingwala.com/vendor/laravel/framework/src/Illuminate/Foundation/Http/Middleware/ConvertEmptyStringsToNull.php(31): Illuminate\\Foundation\\Http\\Middleware\\TransformsRequest->handle(Object(Illuminate\\Http\\Request), Object(Closure))
#47 /home/rgusomuk/admin.posbillingwala.com/vendor/laravel/framework/src/Illuminate/Pipeline/Pipeline.php(180): Illuminate\\Foundation\\Http\\Middleware\\ConvertEmptyStringsToNull->handle(Object(Illuminate\\Http\\Request), Object(Closure))
#48 /home/rgusomuk/admin.posbillingwala.com/vendor/laravel/framework/src/Illuminate/Foundation/Http/Middleware/TransformsRequest.php(21): Illuminate\\Pipeline\\Pipeline->{closure:{closure:Illuminate\\Pipeline\\Pipeline::carry():155}:156}(Object(Illuminate\\Http\\Request))
#49 /home/rgusomuk/admin.posbillingwala.com/vendor/laravel/framework/src/Illuminate/Foundation/Http/Middleware/TrimStrings.php(40): Illuminate\\Foundation\\Http\\Middleware\\TransformsRequest->handle(Object(Illuminate\\Http\\Request), Object(Closure))
#50 /home/rgusomuk/admin.posbillingwala.com/vendor/laravel/framework/src/Illuminate/Pipeline/Pipeline.php(180): Illuminate\\Foundation\\Http\\Middleware\\TrimStrings->handle(Object(Illuminate\\Http\\Request), Object(Closure))
#51 /home/rgusomuk/admin.posbillingwala.com/vendor/laravel/framework/src/Illuminate/Foundation/Http/Middleware/ValidatePostSize.php(27): Illuminate\\Pipeline\\Pipeline->{closure:{closure:Illuminate\\Pipeline\\Pipeline::carry():155}:156}(Object(Illuminate\\Http\\Request))
#52 /home/rgusomuk/admin.posbillingwala.com/vendor/laravel/framework/src/Illuminate/Pipeline/Pipeline.php(180): Illuminate\\Foundation\\Http\\Middleware\\ValidatePostSize->handle(Object(Illuminate\\Http\\Request), Object(Closure))
#53 /home/rgusomuk/admin.posbillingwala.com/vendor/laravel/framework/src/Illuminate/Foundation/Http/Middleware/PreventRequestsDuringMaintenance.php(86): Illuminate\\Pipeline\\Pipeline->{closure:{closure:Illuminate\\Pipeline\\Pipeline::carry():155}:156}(Object(Illuminate\\Http\\Request))
#54 /home/rgusomuk/admin.posbillingwala.com/vendor/laravel/framework/src/Illuminate/Pipeline/Pipeline.php(180): Illuminate\\Foundation\\Http\\Middleware\\PreventRequestsDuringMaintenance->handle(Object(Illuminate\\Http\\Request), Object(Closure))
#55 /home/rgusomuk/admin.posbillingwala.com/vendor/laravel/framework/src/Illuminate/Http/Middleware/HandleCors.php(49): Illuminate\\Pipeline\\Pipeline->{closure:{closure:Illuminate\\Pipeline\\Pipeline::carry():155}:156}(Object(Illuminate\\Http\\Request))
#56 /home/rgusomuk/admin.posbillingwala.com/vendor/laravel/framework/src/Illuminate/Pipeline/Pipeline.php(180): Illuminate\\Http\\Middleware\\HandleCors->handle(Object(Illuminate\\Http\\Request), Object(Closure))
#57 /home/rgusomuk/admin.posbillingwala.com/vendor/laravel/framework/src/Illuminate/Http/Middleware/TrustProxies.php(39): Illuminate\\Pipeline\\Pipeline->{closure:{closure:Illuminate\\Pipeline\\Pipeline::carry():155}:156}(Object(Illuminate\\Http\\Request))
#58 /home/rgusomuk/admin.posbillingwala.com/vendor/laravel/framework/src/Illuminate/Pipeline/Pipeline.php(180): Illuminate\\Http\\Middleware\\TrustProxies->handle(Object(Illuminate\\Http\\Request), Object(Closure))
#59 /home/rgusomuk/admin.posbillingwala.com/vendor/laravel/framework/src/Illuminate/Pipeline/Pipeline.php(116): Illuminate\\Pipeline\\Pipeline->{closure:{closure:Illuminate\\Pipeline\\Pipeline::carry():155}:156}(Object(Illuminate\\Http\\Request))
#60 /home/rgusomuk/admin.posbillingwala.com/vendor/laravel/framework/src/Illuminate/Foundation/Http/Kernel.php(165): Illuminate\\Pipeline\\Pipeline->then(Object(Closure))
#61 /home/rgusomuk/admin.posbillingwala.com/vendor/laravel/framework/src/Illuminate/Foundation/Http/Kernel.php(134): Illuminate\\Foundation\\Http\\Kernel->sendRequestThroughRouter(Object(Illuminate\\Http\\Request))
#62 /home/rgusomuk/admin.posbillingwala.com/public/index.php(51): Illuminate\\Foundation\\Http\\Kernel->handle(Object(Illuminate\\Http\\Request))
#63 /home/rgusomuk/admin.posbillingwala.com/index.php(21): require_once('/home/rgusomuk/...')
#64 {main}
"} 
[2026-08-25 15:06:34] local.ERROR: SQLSTATE[42S22]: Column not found: 1054 Unknown column 'users.licenseKey' in 'WHERE' (SQL: select count(*) as aggregate from `users` inner join `licenses` on `licenses`.`userId` = `users`.`id` where `licenses`.`userType` = owner and `users`.`role_id` = 3 and (LOWER(`users`.`name`) LIKE %mi% or LOWER(`users`.`contact_number`) LIKE %mi% or LOWER(`users`.`shopName`) LIKE %mi% or LOWER(`users`.`licenseKey`) LIKE %mi% or LOWER(`users`.`expiryDate`) LIKE %mi% or LOWER(`users`.`licenseStatus`) LIKE %mi% or LOWER(`users`.`licenseStatus`) LIKE %mi%)) {"userId":1,"exception":"[object] (Illuminate\\Database\\QueryException(code: 42S22): SQLSTATE[42S22]: Column not found: 1054 Unknown column 'users.licenseKey' in 'WHERE' (SQL: select count(*) as aggregate from `users` inner join `licenses` on `licenses`.`userId` = `users`.`id` where `licenses`.`userType` = owner and `users`.`role_id` = 3 and (LOWER(`users`.`name`) LIKE %mi% or LOWER(`users`.`contact_number`) LIKE %mi% or LOWER(`users`.`shopName`) LIKE %mi% or LOWER(`users`.`licenseKey`) LIKE %mi% or LOWER(`users`.`expiryDate`) LIKE %mi% or LOWER(`users`.`licenseStatus`) LIKE %mi% or LOWER(`users`.`licenseStatus`) LIKE %mi%)) at /home/rgusomuk/admin.posbillingwala.com/vendor/laravel/framework/src/Illuminate/Database/Connection.php:760)
[stacktrace]
#0 /home/rgusomuk/admin.posbillingwala.com/vendor/laravel/framework/src/Illuminate/Database/Connection.php(720): Illuminate\\Database\\Connection->runQueryCallback('select count(*)...', Array, Object(Closure))
#1 /home/rgusomuk/admin.posbillingwala.com/vendor/laravel/framework/src/Illuminate/Database/Connection.php(405): Illuminate\\Database\\Connection->run('select count(*)...', Array, Object(Closure))
#2 /home/rgusomuk/admin.posbillingwala.com/vendor/laravel/framework/src/Illuminate/Database/Query/Builder.php(2705): Illuminate\\Database\\Connection->select('select count(*)...', Array, true)
#3 /home/rgusomuk/admin.posbillingwala.com/vendor/laravel/framework/src/Illuminate/Database/Query/Builder.php(2694): Illuminate\\Database\\Query\\Builder->runSelect()
#4 /home/rgusomuk/admin.posbillingwala.com/vendor/laravel/framework/src/Illuminate/Database/Query/Builder.php(3230): Illuminate\\Database\\Query\\Builder->{closure:Illuminate\\Database\\Query\\Builder::get():2693}()
#5 /home/rgusomuk/admin.posbillingwala.com/vendor/laravel/framework/src/Illuminate/Database/Query/Builder.php(2693): Illuminate\\Database\\Query\\Builder->onceWithColumns(Array, Object(Closure))
#6 /home/rgusomuk/admin.posbillingwala.com/vendor/laravel/framework/src/Illuminate/Database/Query/Builder.php(3157): Illuminate\\Database\\Query\\Builder->get(Array)
#7 /home/rgusomuk/admin.posbillingwala.com/vendor/laravel/framework/src/Illuminate/Database/Query/Builder.php(3085): Illuminate\\Database\\Query\\Builder->aggregate('count', Array)
#8 /home/rgusomuk/admin.posbillingwala.com/vendor/laravel/framework/src/Illuminate/Database/Eloquent/Builder.php(1869): Illuminate\\Database\\Query\\Builder->count()
#9 /home/rgusomuk/admin.posbillingwala.com/vendor/yajra/laravel-datatables-oracle/src/QueryDataTable.php(146): Illuminate\\Database\\Eloquent\\Builder->__call('count', Array)
#10 /home/rgusomuk/admin.posbillingwala.com/vendor/yajra/laravel-datatables-oracle/src/DataTableAbstract.php(805): Yajra\\DataTables\\QueryDataTable->count()
#11 /home/rgusomuk/admin.posbillingwala.com/vendor/yajra/laravel-datatables-oracle/src/DataTableAbstract.php(731): Yajra\\DataTables\\DataTableAbstract->filteredCount()
#12 /home/rgusomuk/admin.posbillingwala.com/vendor/yajra/laravel-datatables-oracle/src/QueryDataTable.php(129): Yajra\\DataTables\\DataTableAbstract->filterRecords()
#13 /home/rgusomuk/admin.posbillingwala.com/vendor/yajra/laravel-datatables-oracle/src/QueryDataTable.php(99): Yajra\\DataTables\\QueryDataTable->prepareQuery()
#14 /home/rgusomuk/admin.posbillingwala.com/app/Http/Controllers/CustomerController.php(23): Yajra\\DataTables\\QueryDataTable->make(true)
#15 /home/rgusomuk/admin.posbillingwala.com/vendor/laravel/framework/src/Illuminate/Routing/Controller.php(54): App\\Http\\Controllers\\CustomerController->getAllCustomers(Object(Illuminate\\Http\\Request))
#16 /home/rgusomuk/admin.posbillingwala.com/vendor/laravel/framework/src/Illuminate/Routing/ControllerDispatcher.php(43): Illuminate\\Routing\\Controller->callAction('getAllCustomers', Array)
#17 /home/rgusomuk/admin.posbillingwala.com/vendor/laravel/framework/src/Illuminate/Routing/Route.php(259): Illuminate\\Routing\\ControllerDispatcher->dispatch(Object(Illuminate\\Routing\\Route), Object(App\\Http\\Controllers\\CustomerController), 'getAllCustomers')
#18 /home/rgusomuk/admin.posbillingwala.com/vendor/laravel/framework/src/Illuminate/Routing/Route.php(205): Illuminate\\Routing\\Route->runController()
#19 /home/rgusomuk/admin.posbillingwala.com/vendor/laravel/framework/src/Illuminate/Routing/Router.php(798): Illuminate\\Routing\\Route->run()
#20 /home/rgusomuk/admin.posbillingwala.com/vendor/laravel/framework/src/Illuminate/Pipeline/Pipeline.php(141): Illuminate\\Routing\\Router->{closure:Illuminate\\Routing\\Router::runRouteWithinStack():797}(Object(Illuminate\\Http\\Request))
#21 /home/rgusomuk/admin.posbillingwala.com/vendor/laravel/framework/src/Illuminate/Routing/Middleware/SubstituteBindings.php(50): Illuminate\\Pipeline\\Pipeline->{closure:Illuminate\\Pipeline\\Pipeline::prepareDestination():139}(Object(Illuminate\\Http\\Request))
#22 /home/rgusomuk/admin.posbillingwala.com/vendor/laravel/framework/src/Illuminate/Pipeline/Pipeline.php(180): Illuminate\\Routing\\Middleware\\SubstituteBindings->handle(Object(Illuminate\\Http\\Request), Object(Closure))
#23 /home/rgusomuk/admin.posbillingwala.com/vendor/laravel/framework/src/Illuminate/Auth/Middleware/Authenticate.php(44): Illuminate\\Pipeline\\Pipeline->{closure:{closure:Illuminate\\Pipeline\\Pipeline::carry():155}:156}(Object(Illuminate\\Http\\Request))
#24 /home/rgusomuk/admin.posbillingwala.com/vendor/laravel/framework/src/Illuminate/Pipeline/Pipeline.php(180): Illuminate\\Auth\\Middleware\\Authenticate->handle(Object(Illuminate\\Http\\Request), Object(Closure))
#25 /home/rgusomuk/admin.posbillingwala.com/vendor/laravel/framework/src/Illuminate/Foundation/Http/Middleware/VerifyCsrfToken.php(78): Illuminate\\Pipeline\\Pipeline->{closure:{closure:Illuminate\\Pipeline\\Pipeline::carry():155}:156}(Object(Illuminate\\Http\\Request))
#26 /home/rgusomuk/admin.posbillingwala.com/vendor/laravel/framework/src/Illuminate/Pipeline/Pipeline.php(180): Illuminate\\Foundation\\Http\\Middleware\\VerifyCsrfToken->handle(Object(Illuminate\\Http\\Request), Object(Closure))
#27 /home/rgusomuk/admin.posbillingwala.com/vendor/laravel/framework/src/Illuminate/View/Middleware/ShareErrorsFromSession.php(49): Illuminate\\Pipeline\\Pipeline->{closure:{closure:Illuminate\\Pipeline\\Pipeline::carry():155}:156}(Object(Illuminate\\Http\\Request))
#28 /home/rgusomuk/admin.posbillingwala.com/vendor/laravel/framework/src/Illuminate/Pipeline/Pipeline.php(180): Illuminate\\View\\Middleware\\ShareErrorsFromSession->handle(Object(Illuminate\\Http\\Request), Object(Closure))
#29 /home/rgusomuk/admin.posbillingwala.com/vendor/laravel/framework/src/Illuminate/Session/Middleware/StartSession.php(121): Illuminate\\Pipeline\\Pipeline->{closure:{closure:Illuminate\\Pipeline\\Pipeline::carry():155}:156}(Object(Illuminate\\Http\\Request))
#30 /home/rgusomuk/admin.posbillingwala.com/vendor/laravel/framework/src/Illuminate/Session/Middleware/StartSession.php(64): Illuminate\\Session\\Middleware\\StartSession->handleStatefulRequest(Object(Illuminate\\Http\\Request), Object(Illuminate\\Session\\Store), Object(Closure))
#31 /home/rgusomuk/admin.posbillingwala.com/vendor/laravel/framework/src/Illuminate/Pipeline/Pipeline.php(180): Illuminate\\Session\\Middleware\\StartSession->handle(Object(Illuminate\\Http\\Request), Object(Closure))
#32 /home/rgusomuk/admin.posbillingwala.com/vendor/laravel/framework/src/Illuminate/Cookie/Middleware/AddQueuedCookiesToResponse.php(37): Illuminate\\Pipeline\\Pipeline->{closure:{closure:Illuminate\\Pipeline\\Pipeline::carry():155}:156}(Object(Illuminate\\Http\\Request))
#33 /home/rgusomuk/admin.posbillingwala.com/vendor/laravel/framework/src/Illuminate/Pipeline/Pipeline.php(180): Illuminate\\Cookie\\Middleware\\AddQueuedCookiesToResponse->handle(Object(Illuminate\\Http\\Request), Object(Closure))
#34 /home/rgusomuk/admin.posbillingwala.com/vendor/laravel/framework/src/Illuminate/Cookie/Middleware/EncryptCookies.php(67): Illuminate\\Pipeline\\Pipeline->{closure:{closure:Illuminate\\Pipeline\\Pipeline::carry():155}:156}(Object(Illuminate\\Http\\Request))
#35 /home/rgusomuk/admin.posbillingwala.com/vendor/laravel/framework/src/Illuminate/Pipeline/Pipeline.php(180): Illuminate\\Cookie\\Middleware\\EncryptCookies->handle(Object(Illuminate\\Http\\Request), Object(Closure))
#36 /home/rgusomuk/admin.posbillingwala.com/vendor/laravel/framework/src/Illuminate/Pipeline/Pipeline.php(116): Illuminate\\Pipeline\\Pipeline->{closure:{closure:Illuminate\\Pipeline\\Pipeline::carry():155}:156}(Object(Illuminate\\Http\\Request))
#37 /home/rgusomuk/admin.posbillingwala.com/vendor/laravel/framework/src/Illuminate/Routing/Router.php(797): Illuminate\\Pipeline\\Pipeline->then(Object(Closure))
#38 /home/rgusomuk/admin.posbillingwala.com/vendor/laravel/framework/src/Illuminate/Routing/Router.php(776): Illuminate\\Routing\\Router->runRouteWithinStack(Object(Illuminate\\Routing\\Route), Object(Illuminate\\Http\\Request))
#39 /home/rgusomuk/admin.posbillingwala.com/vendor/laravel/framework/src/Illuminate/Routing/Router.php(740): Illuminate\\Routing\\Router->runRoute(Object(Illuminate\\Http\\Request), Object(Illuminate\\Routing\\Route))
#40 /home/rgusomuk/admin.posbillingwala.com/vendor/laravel/framework/src/Illuminate/Routing/Router.php(729): Illuminate\\Routing\\Router->dispatchToRoute(Object(Illuminate\\Http\\Request))
#41 /home/rgusomuk/admin.posbillingwala.com/vendor/laravel/framework/src/Illuminate/Foundation/Http/Kernel.php(190): Illuminate\\Routing\\Router->dispatch(Object(Illuminate\\Http\\Request))
#42 /home/rgusomuk/admin.posbillingwala.com/vendor/laravel/framework/src/Illuminate/Pipeline/Pipeline.php(141): Illuminate\\Foundation\\Http\\Kernel->{closure:Illuminate\\Foundation\\Http\\Kernel::dispatchToRouter():187}(Object(Illuminate\\Http\\Request))
#43 /home/rgusomuk/admin.posbillingwala.com/vendor/laravel/framework/src/Illuminate/Foundation/Http/Middleware/TransformsRequest.php(21): Illuminate\\Pipeline\\Pipeline->{closure:Illuminate\\Pipeline\\Pipeline::prepareDestination():139}(Object(Illuminate\\Http\\Request))
#44 /home/rgusomuk/admin.posbillingwala.com/vendor/laravel/framework/src/Illuminate/Foundation/Http/Middleware/ConvertEmptyStringsToNull.php(31): Illuminate\\Foundation\\Http\\Middleware\\TransformsRequest->handle(Object(Illuminate\\Http\\Request), Object(Closure))
#45 /home/rgusomuk/admin.posbillingwala.com/vendor/laravel/framework/src/Illuminate/Pipeline/Pipeline.php(180): Illuminate\\Foundation\\Http\\Middleware\\ConvertEmptyStringsToNull->handle(Object(Illuminate\\Http\\Request), Object(Closure))
#46 /home/rgusomuk/admin.posbillingwala.com/vendor/laravel/framework/src/Illuminate/Foundation/Http/Middleware/TransformsRequest.php(21): Illuminate\\Pipeline\\Pipeline->{closure:{closure:Illuminate\\Pipeline\\Pipeline::carry():155}:156}(Object(Illuminate\\Http\\Request))
#47 /home/rgusomuk/admin.posbillingwala.com/vendor/laravel/framework/src/Illuminate/Foundation/Http/Middleware/TrimStrings.php(40): Illuminate\\Foundation\\Http\\Middleware\\TransformsRequest->handle(Object(Illuminate\\Http\\Request), Object(Closure))
#48 /home/rgusomuk/admin.posbillingwala.com/vendor/laravel/framework/src/Illuminate/Pipeline/Pipeline.php(180): Illuminate\\Foundation\\Http\\Middleware\\TrimStrings->handle(Object(Illuminate\\Http\\Request), Object(Closure))
#49 /home/rgusomuk/admin.posbillingwala.com/vendor/laravel/framework/src/Illuminate/Foundation/Http/Middleware/ValidatePostSize.php(27): Illuminate\\Pipeline\\Pipeline->{closure:{closure:Illuminate\\Pipeline\\Pipeline::carry():155}:156}(Object(Illuminate\\Http\\Request))
#50 /home/rgusomuk/admin.posbillingwala.com/vendor/laravel/framework/src/Illuminate/Pipeline/Pipeline.php(180): Illuminate\\Foundation\\Http\\Middleware\\ValidatePostSize->handle(Object(Illuminate\\Http\\Request), Object(Closure))
#51 /home/rgusomuk/admin.posbillingwala.com/vendor/laravel/framework/src/Illuminate/Foundation/Http/Middleware/PreventRequestsDuringMaintenance.php(86): Illuminate\\Pipeline\\Pipeline->{closure:{closure:Illuminate\\Pipeline\\Pipeline::carry():155}:156}(Object(Illuminate\\Http\\Request))
#52 /home/rgusomuk/admin.posbillingwala.com/vendor/laravel/framework/src/Illuminate/Pipeline/Pipeline.php(180): Illuminate\\Foundation\\Http\\Middleware\\PreventRequestsDuringMaintenance->handle(Object(Illuminate\\Http\\Request), Object(Closure))
#53 /home/rgusomuk/admin.posbillingwala.com/vendor/laravel/framework/src/Illuminate/Http/Middleware/HandleCors.php(49): Illuminate\\Pipeline\\Pipeline->{closure:{closure:Illuminate\\Pipeline\\Pipeline::carry():155}:156}(Object(Illuminate\\Http\\Request))
#54 /home/rgusomuk/admin.posbillingwala.com/vendor/laravel/framework/src/Illuminate/Pipeline/Pipeline.php(180): Illuminate\\Http\\Middleware\\HandleCors->handle(Object(Illuminate\\Http\\Request), Object(Closure))
#55 /home/rgusomuk/admin.posbillingwala.com/vendor/laravel/framework/src/Illuminate/Http/Middleware/TrustProxies.php(39): Illuminate\\Pipeline\\Pipeline->{closure:{closure:Illuminate\\Pipeline\\Pipeline::carry():155}:156}(Object(Illuminate\\Http\\Request))
#56 /home/rgusomuk/admin.posbillingwala.com/vendor/laravel/framework/src/Illuminate/Pipeline/Pipeline.php(180): Illuminate\\Http\\Middleware\\TrustProxies->handle(Object(Illuminate\\Http\\Request), Object(Closure))
#57 /home/rgusomuk/admin.posbillingwala.com/vendor/laravel/framework/src/Illuminate/Pipeline/Pipeline.php(116): Illuminate\\Pipeline\\Pipeline->{closure:{closure:Illuminate\\Pipeline\\Pipeline::carry():155}:156}(Object(Illuminate\\Http\\Request))
#58 /home/rgusomuk/admin.posbillingwala.com/vendor/laravel/framework/src/Illuminate/Foundation/Http/Kernel.php(165): Illuminate\\Pipeline\\Pipeline->then(Object(Closure))
#59 /home/rgusomuk/admin.posbillingwala.com/vendor/laravel/framework/src/Illuminate/Foundation/Http/Kernel.php(134): Illuminate\\Foundation\\Http\\Kernel->sendRequestThroughRouter(Object(Illuminate\\Http\\Request))
#60 /home/rgusomuk/admin.posbillingwala.com/public/index.php(51): Illuminate\\Foundation\\Http\\Kernel->handle(Object(Illuminate\\Http\\Request))
#61 /home/rgusomuk/admin.posbillingwala.com/index.php(21): require_once('/home/rgusomuk/...')
#62 {main}

[previous exception] [object] (PDOException(code: 42S22): SQLSTATE[42S22]: Column not found: 1054 Unknown column 'users.licenseKey' in 'WHERE' at /home/rgusomuk/admin.posbillingwala.com/vendor/laravel/framework/src/Illuminate/Database/Connection.php:414)
[stacktrace]
#0 /home/rgusomuk/admin.posbillingwala.com/vendor/laravel/framework/src/Illuminate/Database/Connection.php(414): PDO->prepare('select count(*)...')
#1 /home/rgusomuk/admin.posbillingwala.com/vendor/laravel/framework/src/Illuminate/Database/Connection.php(753): Illuminate\\Database\\Connection->{closure:Illuminate\\Database\\Connection::select():405}('select count(*)...', Array)
#2 /home/rgusomuk/admin.posbillingwala.com/vendor/laravel/framework/src/Illuminate/Database/Connection.php(720): Illuminate\\Database\\Connection->runQueryCallback('select count(*)...', Array, Object(Closure))
#3 /home/rgusomuk/admin.posbillingwala.com/vendor/laravel/framework/src/Illuminate/Database/Connection.php(405): Illuminate\\Database\\Connection->run('select count(*)...', Array, Object(Closure))
#4 /home/rgusomuk/admin.posbillingwala.com/vendor/laravel/framework/src/Illuminate/Database/Query/Builder.php(2705): Illuminate\\Database\\Connection->select('select count(*)...', Array, true)
#5 /home/rgusomuk/admin.posbillingwala.com/vendor/laravel/framework/src/Illuminate/Database/Query/Builder.php(2694): Illuminate\\Database\\Query\\Builder->runSelect()
#6 /home/rgusomuk/admin.posbillingwala.com/vendor/laravel/framework/src/Illuminate/Database/Query/Builder.php(3230): Illuminate\\Database\\Query\\Builder->{closure:Illuminate\\Database\\Query\\Builder::get():2693}()
#7 /home/rgusomuk/admin.posbillingwala.com/vendor/laravel/framework/src/Illuminate/Database/Query/Builder.php(2693): Illuminate\\Database\\Query\\Builder->onceWithColumns(Array, Object(Closure))
#8 /home/rgusomuk/admin.posbillingwala.com/vendor/laravel/framework/src/Illuminate/Database/Query/Builder.php(3157): Illuminate\\Database\\Query\\Builder->get(Array)
#9 /home/rgusomuk/admin.posbillingwala.com/vendor/laravel/framework/src/Illuminate/Database/Query/Builder.php(3085): Illuminate\\Database\\Query\\Builder->aggregate('count', Array)
#10 /home/rgusomuk/admin.posbillingwala.com/vendor/laravel/framework/src/Illuminate/Database/Eloquent/Builder.php(1869): Illuminate\\Database\\Query\\Builder->count()
#11 /home/rgusomuk/admin.posbillingwala.com/vendor/yajra/laravel-datatables-oracle/src/QueryDataTable.php(146): Illuminate\\Database\\Eloquent\\Builder->__call('count', Array)
#12 /home/rgusomuk/admin.posbillingwala.com/vendor/yajra/laravel-datatables-oracle/src/DataTableAbstract.php(805): Yajra\\DataTables\\QueryDataTable->count()
#13 /home/rgusomuk/admin.posbillingwala.com/vendor/yajra/laravel-datatables-oracle/src/DataTableAbstract.php(731): Yajra\\DataTables\\DataTableAbstract->filteredCount()
#14 /home/rgusomuk/admin.posbillingwala.com/vendor/yajra/laravel-datatables-oracle/src/QueryDataTable.php(129): Yajra\\DataTables\\DataTableAbstract->filterRecords()
#15 /home/rgusomuk/admin.posbillingwala.com/vendor/yajra/laravel-datatables-oracle/src/QueryDataTable.php(99): Yajra\\DataTables\\QueryDataTable->prepareQuery()
#16 /home/rgusomuk/admin.posbillingwala.com/app/Http/Controllers/CustomerController.php(23): Yajra\\DataTables\\QueryDataTable->make(true)
#17 /home/rgusomuk/admin.posbillingwala.com/vendor/laravel/framework/src/Illuminate/Routing/Controller.php(54): App\\Http\\Controllers\\CustomerController->getAllCustomers(Object(Illuminate\\Http\\Request))
#18 /home/rgusomuk/admin.posbillingwala.com/vendor/laravel/framework/src/Illuminate/Routing/ControllerDispatcher.php(43): Illuminate\\Routing\\Controller->callAction('getAllCustomers', Array)
#19 /home/rgusomuk/admin.posbillingwala.com/vendor/laravel/framework/src/Illuminate/Routing/Route.php(259): Illuminate\\Routing\\ControllerDispatcher->dispatch(Object(Illuminate\\Routing\\Route), Object(App\\Http\\Controllers\\CustomerController), 'getAllCustomers')
#20 /home/rgusomuk/admin.posbillingwala.com/vendor/laravel/framework/src/Illuminate/Routing/Route.php(205): Illuminate\\Routing\\Route->runController()
#21 /home/rgusomuk/admin.posbillingwala.com/vendor/laravel/framework/src/Illuminate/Routing/Router.php(798): Illuminate\\Routing\\Route->run()
#22 /home/rgusomuk/admin.posbillingwala.com/vendor/laravel/framework/src/Illuminate/Pipeline/Pipeline.php(141): Illuminate\\Routing\\Router->{closure:Illuminate\\Routing\\Router::runRouteWithinStack():797}(Object(Illuminate\\Http\\Request))
#23 /home/rgusomuk/admin.posbillingwala.com/vendor/laravel/framework/src/Illuminate/Routing/Middleware/SubstituteBindings.php(50): Illuminate\\Pipeline\\Pipeline->{closure:Illuminate\\Pipeline\\Pipeline::prepareDestination():139}(Object(Illuminate\\Http\\Request))
#24 /home/rgusomuk/admin.posbillingwala.com/vendor/laravel/framework/src/Illuminate/Pipeline/Pipeline.php(180): Illuminate\\Routing\\Middleware\\SubstituteBindings->handle(Object(Illuminate\\Http\\Request), Object(Closure))
#25 /home/rgusomuk/admin.posbillingwala.com/vendor/laravel/framework/src/Illuminate/Auth/Middleware/Authenticate.php(44): Illuminate\\Pipeline\\Pipeline->{closure:{closure:Illuminate\\Pipeline\\Pipeline::carry():155}:156}(Object(Illuminate\\Http\\Request))
#26 /home/rgusomuk/admin.posbillingwala.com/vendor/laravel/framework/src/Illuminate/Pipeline/Pipeline.php(180): Illuminate\\Auth\\Middleware\\Authenticate->handle(Object(Illuminate\\Http\\Request), Object(Closure))
#27 /home/rgusomuk/admin.posbillingwala.com/vendor/laravel/framework/src/Illuminate/Foundation/Http/Middleware/VerifyCsrfToken.php(78): Illuminate\\Pipeline\\Pipeline->{closure:{closure:Illuminate\\Pipeline\\Pipeline::carry():155}:156}(Object(Illuminate\\Http\\Request))
#28 /home/rgusomuk/admin.posbillingwala.com/vendor/laravel/framework/src/Illuminate/Pipeline/Pipeline.php(180): Illuminate\\Foundation\\Http\\Middleware\\VerifyCsrfToken->handle(Object(Illuminate\\Http\\Request), Object(Closure))
#29 /home/rgusomuk/admin.posbillingwala.com/vendor/laravel/framework/src/Illuminate/View/Middleware/ShareErrorsFromSession.php(49): Illuminate\\Pipeline\\Pipeline->{closure:{closure:Illuminate\\Pipeline\\Pipeline::carry():155}:156}(Object(Illuminate\\Http\\Request))
#30 /home/rgusomuk/admin.posbillingwala.com/vendor/laravel/framework/src/Illuminate/Pipeline/Pipeline.php(180): Illuminate\\View\\Middleware\\ShareErrorsFromSession->handle(Object(Illuminate\\Http\\Request), Object(Closure))
#31 /home/rgusomuk/admin.posbillingwala.com/vendor/laravel/framework/src/Illuminate/Session/Middleware/StartSession.php(121): Illuminate\\Pipeline\\Pipeline->{closure:{closure:Illuminate\\Pipeline\\Pipeline::carry():155}:156}(Object(Illuminate\\Http\\Request))
#32 /home/rgusomuk/admin.posbillingwala.com/vendor/laravel/framework/src/Illuminate/Session/Middleware/StartSession.php(64): Illuminate\\Session\\Middleware\\StartSession->handleStatefulRequest(Object(Illuminate\\Http\\Request), Object(Illuminate\\Session\\Store), Object(Closure))
#33 /home/rgusomuk/admin.posbillingwala.com/vendor/laravel/framework/src/Illuminate/Pipeline/Pipeline.php(180): Illuminate\\Session\\Middleware\\StartSession->handle(Object(Illuminate\\Http\\Request), Object(Closure))
#34 /home/rgusomuk/admin.posbillingwala.com/vendor/laravel/framework/src/Illuminate/Cookie/Middleware/AddQueuedCookiesToResponse.php(37): Illuminate\\Pipeline\\Pipeline->{closure:{closure:Illuminate\\Pipeline\\Pipeline::carry():155}:156}(Object(Illuminate\\Http\\Request))
#35 /home/rgusomuk/admin.posbillingwala.com/vendor/laravel/framework/src/Illuminate/Pipeline/Pipeline.php(180): Illuminate\\Cookie\\Middleware\\AddQueuedCookiesToResponse->handle(Object(Illuminate\\Http\\Request), Object(Closure))
#36 /home/rgusomuk/admin.posbillingwala.com/vendor/laravel/framework/src/Illuminate/Cookie/Middleware/EncryptCookies.php(67): Illuminate\\Pipeline\\Pipeline->{closure:{closure:Illuminate\\Pipeline\\Pipeline::carry():155}:156}(Object(Illuminate\\Http\\Request))
#37 /home/rgusomuk/admin.posbillingwala.com/vendor/laravel/framework/src/Illuminate/Pipeline/Pipeline.php(180): Illuminate\\Cookie\\Middleware\\EncryptCookies->handle(Object(Illuminate\\Http\\Request), Object(Closure))
#38 /home/rgusomuk/admin.posbillingwala.com/vendor/laravel/framework/src/Illuminate/Pipeline/Pipeline.php(116): Illuminate\\Pipeline\\Pipeline->{closure:{closure:Illuminate\\Pipeline\\Pipeline::carry():155}:156}(Object(Illuminate\\Http\\Request))
#39 /home/rgusomuk/admin.posbillingwala.com/vendor/laravel/framework/src/Illuminate/Routing/Router.php(797): Illuminate\\Pipeline\\Pipeline->then(Object(Closure))
#40 /home/rgusomuk/admin.posbillingwala.com/vendor/laravel/framework/src/Illuminate/Routing/Router.php(776): Illuminate\\Routing\\Router->runRouteWithinStack(Object(Illuminate\\Routing\\Route), Object(Illuminate\\Http\\Request))
#41 /home/rgusomuk/admin.posbillingwala.com/vendor/laravel/framework/src/Illuminate/Routing/Router.php(740): Illuminate\\Routing\\Router->runRoute(Object(Illuminate\\Http\\Request), Object(Illuminate\\Routing\\Route))
#42 /home/rgusomuk/admin.posbillingwala.com/vendor/laravel/framework/src/Illuminate/Routing/Router.php(729): Illuminate\\Routing\\Router->dispatchToRoute(Object(Illuminate\\Http\\Request))
#43 /home/rgusomuk/admin.posbillingwala.com/vendor/laravel/framework/src/Illuminate/Foundation/Http/Kernel.php(190): Illuminate\\Routing\\Router->dispatch(Object(Illuminate\\Http\\Request))
#44 /home/rgusomuk/admin.posbillingwala.com/vendor/laravel/framework/src/Illuminate/Pipeline/Pipeline.php(141): Illuminate\\Foundation\\Http\\Kernel->{closure:Illuminate\\Foundation\\Http\\Kernel::dispatchToRouter():187}(Object(Illuminate\\Http\\Request))
#45 /home/rgusomuk/admin.posbillingwala.com/vendor/laravel/framework/src/Illuminate/Foundation/Http/Middleware/TransformsRequest.php(21): Illuminate\\Pipeline\\Pipeline->{closure:Illuminate\\Pipeline\\Pipeline::prepareDestination():139}(Object(Illuminate\\Http\\Request))
#46 /home/rgusomuk/admin.posbillingwala.com/vendor/laravel/framework/src/Illuminate/Foundation/Http/Middleware/ConvertEmptyStringsToNull.php(31): Illuminate\\Foundation\\Http\\Middleware\\TransformsRequest->handle(Object(Illuminate\\Http\\Request), Object(Closure))
#47 /home/rgusomuk/admin.posbillingwala.com/vendor/laravel/framework/src/Illuminate/Pipeline/Pipeline.php(180): Illuminate\\Foundation\\Http\\Middleware\\ConvertEmptyStringsToNull->handle(Object(Illuminate\\Http\\Request), Object(Closure))
#48 /home/rgusomuk/admin.posbillingwala.com/vendor/laravel/framework/src/Illuminate/Foundation/Http/Middleware/TransformsRequest.php(21): Illuminate\\Pipeline\\Pipeline->{closure:{closure:Illuminate\\Pipeline\\Pipeline::carry():155}:156}(Object(Illuminate\\Http\\Request))
#49 /home/rgusomuk/admin.posbillingwala.com/vendor/laravel/framework/src/Illuminate/Foundation/Http/Middleware/TrimStrings.php(40): Illuminate\\Foundation\\Http\\Middleware\\TransformsRequest->handle(Object(Illuminate\\Http\\Request), Object(Closure))
#50 /home/rgusomuk/admin.posbillingwala.com/vendor/laravel/framework/src/Illuminate/Pipeline/Pipeline.php(180): Illuminate\\Foundation\\Http\\Middleware\\TrimStrings->handle(Object(Illuminate\\Http\\Request), Object(Closure))
#51 /home/rgusomuk/admin.posbillingwala.com/vendor/laravel/framework/src/Illuminate/Foundation/Http/Middleware/ValidatePostSize.php(27): Illuminate\\Pipeline\\Pipeline->{closure:{closure:Illuminate\\Pipeline\\Pipeline::carry():155}:156}(Object(Illuminate\\Http\\Request))
#52 /home/rgusomuk/admin.posbillingwala.com/vendor/laravel/framework/src/Illuminate/Pipeline/Pipeline.php(180): Illuminate\\Foundation\\Http\\Middleware\\ValidatePostSize->handle(Object(Illuminate\\Http\\Request), Object(Closure))
#53 /home/rgusomuk/admin.posbillingwala.com/vendor/laravel/framework/src/Illuminate/Foundation/Http/Middleware/PreventRequestsDuringMaintenance.php(86): Illuminate\\Pipeline\\Pipeline->{closure:{closure:Illuminate\\Pipeline\\Pipeline::carry():155}:156}(Object(Illuminate\\Http\\Request))
#54 /home/rgusomuk/admin.posbillingwala.com/vendor/laravel/framework/src/Illuminate/Pipeline/Pipeline.php(180): Illuminate\\Foundation\\Http\\Middleware\\PreventRequestsDuringMaintenance->handle(Object(Illuminate\\Http\\Request), Object(Closure))
#55 /home/rgusomuk/admin.posbillingwala.com/vendor/laravel/framework/src/Illuminate/Http/Middleware/HandleCors.php(49): Illuminate\\Pipeline\\Pipeline->{closure:{closure:Illuminate\\Pipeline\\Pipeline::carry():155}:156}(Object(Illuminate\\Http\\Request))
#56 /home/rgusomuk/admin.posbillingwala.com/vendor/laravel/framework/src/Illuminate/Pipeline/Pipeline.php(180): Illuminate\\Http\\Middleware\\HandleCors->handle(Object(Illuminate\\Http\\Request), Object(Closure))
#57 /home/rgusomuk/admin.posbillingwala.com/vendor/laravel/framework/src/Illuminate/Http/Middleware/TrustProxies.php(39): Illuminate\\Pipeline\\Pipeline->{closure:{closure:Illuminate\\Pipeline\\Pipeline::carry():155}:156}(Object(Illuminate\\Http\\Request))
#58 /home/rgusomuk/admin.posbillingwala.com/vendor/laravel/framework/src/Illuminate/Pipeline/Pipeline.php(180): Illuminate\\Http\\Middleware\\TrustProxies->handle(Object(Illuminate\\Http\\Request), Object(Closure))
#59 /home/rgusomuk/admin.posbillingwala.com/vendor/laravel/framework/src/Illuminate/Pipeline/Pipeline.php(116): Illuminate\\Pipeline\\Pipeline->{closure:{closure:Illuminate\\Pipeline\\Pipeline::carry():155}:156}(Object(Illuminate\\Http\\Request))
#60 /home/rgusomuk/admin.posbillingwala.com/vendor/laravel/framework/src/Illuminate/Foundation/Http/Kernel.php(165): Illuminate\\Pipeline\\Pipeline->then(Object(Closure))
#61 /home/rgusomuk/admin.posbillingwala.com/vendor/laravel/framework/src/Illuminate/Foundation/Http/Kernel.php(134): Illuminate\\Foundation\\Http\\Kernel->sendRequestThroughRouter(Object(Illuminate\\Http\\Request))
#62 /home/rgusomuk/admin.posbillingwala.com/public/index.php(51): Illuminate\\Foundation\\Http\\Kernel->handle(Object(Illuminate\\Http\\Request))
#63 /home/rgusomuk/admin.posbillingwala.com/index.php(21): require_once('/home/rgusomuk/...')
#64 {main}
"} 
[2026-08-25 15:06:41] local.ERROR: SQLSTATE[42S22]: Column not found: 1054 Unknown column 'users.licenseKey' in 'WHERE' (SQL: select count(*) as aggregate from `users` inner join `licenses` on `licenses`.`userId` = `users`.`id` where `licenses`.`userType` = owner and `users`.`role_id` = 3 and (LOWER(`users`.`name`) LIKE %mi% or LOWER(`users`.`contact_number`) LIKE %mi% or LOWER(`users`.`shopName`) LIKE %mi% or LOWER(`users`.`licenseKey`) LIKE %mi% or LOWER(`users`.`expiryDate`) LIKE %mi% or LOWER(`users`.`licenseStatus`) LIKE %mi% or LOWER(`users`.`licenseStatus`) LIKE %mi%)) {"userId":1,"exception":"[object] (Illuminate\\Database\\QueryException(code: 42S22): SQLSTATE[42S22]: Column not found: 1054 Unknown column 'users.licenseKey' in 'WHERE' (SQL: select count(*) as aggregate from `users` inner join `licenses` on `licenses`.`userId` = `users`.`id` where `licenses`.`userType` = owner and `users`.`role_id` = 3 and (LOWER(`users`.`name`) LIKE %mi% or LOWER(`users`.`contact_number`) LIKE %mi% or LOWER(`users`.`shopName`) LIKE %mi% or LOWER(`users`.`licenseKey`) LIKE %mi% or LOWER(`users`.`expiryDate`) LIKE %mi% or LOWER(`users`.`licenseStatus`) LIKE %mi% or LOWER(`users`.`licenseStatus`) LIKE %mi%)) at /home/rgusomuk/admin.posbillingwala.com/vendor/laravel/framework/src/Illuminate/Database/Connection.php:760)
[stacktrace]
#0 /home/rgusomuk/admin.posbillingwala.com/vendor/laravel/framework/src/Illuminate/Database/Connection.php(720): Illuminate\\Database\\Connection->runQueryCallback('select count(*)...', Array, Object(Closure))
#1 /home/rgusomuk/admin.posbillingwala.com/vendor/laravel/framework/src/Illuminate/Database/Connection.php(405): Illuminate\\Database\\Connection->run('select count(*)...', Array, Object(Closure))
#2 /home/rgusomuk/admin.posbillingwala.com/vendor/laravel/framework/src/Illuminate/Database/Query/Builder.php(2705): Illuminate\\Database\\Connection->select('select count(*)...', Array, true)
#3 /home/rgusomuk/admin.posbillingwala.com/vendor/laravel/framework/src/Illuminate/Database/Query/Builder.php(2694): Illuminate\\Database\\Query\\Builder->runSelect()
#4 /home/rgusomuk/admin.posbillingwala.com/vendor/laravel/framework/src/Illuminate/Database/Query/Builder.php(3230): Illuminate\\Database\\Query\\Builder->{closure:Illuminate\\Database\\Query\\Builder::get():2693}()
#5 /home/rgusomuk/admin.posbillingwala.com/vendor/laravel/framework/src/Illuminate/Database/Query/Builder.php(2693): Illuminate\\Database\\Query\\Builder->onceWithColumns(Array, Object(Closure))
#6 /home/rgusomuk/admin.posbillingwala.com/vendor/laravel/framework/src/Illuminate/Database/Query/Builder.php(3157): Illuminate\\Database\\Query\\Builder->get(Array)
#7 /home/rgusomuk/admin.posbillingwala.com/vendor/laravel/framework/src/Illuminate/Database/Query/Builder.php(3085): Illuminate\\Database\\Query\\Builder->aggregate('count', Array)
#8 /home/rgusomuk/admin.posbillingwala.com/vendor/laravel/framework/src/Illuminate/Database/Eloquent/Builder.php(1869): Illuminate\\Database\\Query\\Builder->count()
#9 /home/rgusomuk/admin.posbillingwala.com/vendor/yajra/laravel-datatables-oracle/src/QueryDataTable.php(146): Illuminate\\Database\\Eloquent\\Builder->__call('count', Array)
#10 /home/rgusomuk/admin.posbillingwala.com/vendor/yajra/laravel-datatables-oracle/src/DataTableAbstract.php(805): Yajra\\DataTables\\QueryDataTable->count()
#11 /home/rgusomuk/admin.posbillingwala.com/vendor/yajra/laravel-datatables-oracle/src/DataTableAbstract.php(731): Yajra\\DataTables\\DataTableAbstract->filteredCount()
#12 /home/rgusomuk/admin.posbillingwala.com/vendor/yajra/laravel-datatables-oracle/src/QueryDataTable.php(129): Yajra\\DataTables\\DataTableAbstract->filterRecords()
#13 /home/rgusomuk/admin.posbillingwala.com/vendor/yajra/laravel-datatables-oracle/src/QueryDataTable.php(99): Yajra\\DataTables\\QueryDataTable->prepareQuery()
#14 /home/rgusomuk/admin.posbillingwala.com/app/Http/Controllers/CustomerController.php(23): Yajra\\DataTables\\QueryDataTable->make(true)
#15 /home/rgusomuk/admin.posbillingwala.com/vendor/laravel/framework/src/Illuminate/Routing/Controller.php(54): App\\Http\\Controllers\\CustomerController->getAllCustomers(Object(Illuminate\\Http\\Request))
#16 /home/rgusomuk/admin.posbillingwala.com/vendor/laravel/framework/src/Illuminate/Routing/ControllerDispatcher.php(43): Illuminate\\Routing\\Controller->callAction('getAllCustomers', Array)
#17 /home/rgusomuk/admin.posbillingwala.com/vendor/laravel/framework/src/Illuminate/Routing/Route.php(259): Illuminate\\Routing\\ControllerDispatcher->dispatch(Object(Illuminate\\Routing\\Route), Object(App\\Http\\Controllers\\CustomerController), 'getAllCustomers')
#18 /home/rgusomuk/admin.posbillingwala.com/vendor/laravel/framework/src/Illuminate/Routing/Route.php(205): Illuminate\\Routing\\Route->runController()
#19 /home/rgusomuk/admin.posbillingwala.com/vendor/laravel/framework/src/Illuminate/Routing/Router.php(798): Illuminate\\Routing\\Route->run()
#20 /home/rgusomuk/admin.posbillingwala.com/vendor/laravel/framework/src/Illuminate/Pipeline/Pipeline.php(141): Illuminate\\Routing\\Router->{closure:Illuminate\\Routing\\Router::runRouteWithinStack():797}(Object(Illuminate\\Http\\Request))
#21 /home/rgusomuk/admin.posbillingwala.com/vendor/laravel/framework/src/Illuminate/Routing/Middleware/SubstituteBindings.php(50): Illuminate\\Pipeline\\Pipeline->{closure:Illuminate\\Pipeline\\Pipeline::prepareDestination():139}(Object(Illuminate\\Http\\Request))
#22 /home/rgusomuk/admin.posbillingwala.com/vendor/laravel/framework/src/Illuminate/Pipeline/Pipeline.php(180): Illuminate\\Routing\\Middleware\\SubstituteBindings->handle(Object(Illuminate\\Http\\Request), Object(Closure))
#23 /home/rgusomuk/admin.posbillingwala.com/vendor/laravel/framework/src/Illuminate/Auth/Middleware/Authenticate.php(44): Illuminate\\Pipeline\\Pipeline->{closure:{closure:Illuminate\\Pipeline\\Pipeline::carry():155}:156}(Object(Illuminate\\Http\\Request))
#24 /home/rgusomuk/admin.posbillingwala.com/vendor/laravel/framework/src/Illuminate/Pipeline/Pipeline.php(180): Illuminate\\Auth\\Middleware\\Authenticate->handle(Object(Illuminate\\Http\\Request), Object(Closure))
#25 /home/rgusomuk/admin.posbillingwala.com/vendor/laravel/framework/src/Illuminate/Foundation/Http/Middleware/VerifyCsrfToken.php(78): Illuminate\\Pipeline\\Pipeline->{closure:{closure:Illuminate\\Pipeline\\Pipeline::carry():155}:156}(Object(Illuminate\\Http\\Request))
#26 /home/rgusomuk/admin.posbillingwala.com/vendor/laravel/framework/src/Illuminate/Pipeline/Pipeline.php(180): Illuminate\\Foundation\\Http\\Middleware\\VerifyCsrfToken->handle(Object(Illuminate\\Http\\Request), Object(Closure))
#27 /home/rgusomuk/admin.posbillingwala.com/vendor/laravel/framework/src/Illuminate/View/Middleware/ShareErrorsFromSession.php(49): Illuminate\\Pipeline\\Pipeline->{closure:{closure:Illuminate\\Pipeline\\Pipeline::carry():155}:156}(Object(Illuminate\\Http\\Request))
#28 /home/rgusomuk/admin.posbillingwala.com/vendor/laravel/framework/src/Illuminate/Pipeline/Pipeline.php(180): Illuminate\\View\\Middleware\\ShareErrorsFromSession->handle(Object(Illuminate\\Http\\Request), Object(Closure))
#29 /home/rgusomuk/admin.posbillingwala.com/vendor/laravel/framework/src/Illuminate/Session/Middleware/StartSession.php(121): Illuminate\\Pipeline\\Pipeline->{closure:{closure:Illuminate\\Pipeline\\Pipeline::carry():155}:156}(Object(Illuminate\\Http\\Request))
#30 /home/rgusomuk/admin.posbillingwala.com/vendor/laravel/framework/src/Illuminate/Session/Middleware/StartSession.php(64): Illuminate\\Session\\Middleware\\StartSession->handleStatefulRequest(Object(Illuminate\\Http\\Request), Object(Illuminate\\Session\\Store), Object(Closure))
#31 /home/rgusomuk/admin.posbillingwala.com/vendor/laravel/framework/src/Illuminate/Pipeline/Pipeline.php(180): Illuminate\\Session\\Middleware\\StartSession->handle(Object(Illuminate\\Http\\Request), Object(Closure))
#32 /home/rgusomuk/admin.posbillingwala.com/vendor/laravel/framework/src/Illuminate/Cookie/Middleware/AddQueuedCookiesToResponse.php(37): Illuminate\\Pipeline\\Pipeline->{closure:{closure:Illuminate\\Pipeline\\Pipeline::carry():155}:156}(Object(Illuminate\\Http\\Request))
#33 /home/rgusomuk/admin.posbillingwala.com/vendor/laravel/framework/src/Illuminate/Pipeline/Pipeline.php(180): Illuminate\\Cookie\\Middleware\\AddQueuedCookiesToResponse->handle(Object(Illuminate\\Http\\Request), Object(Closure))
#34 /home/rgusomuk/admin.posbillingwala.com/vendor/laravel/framework/src/Illuminate/Cookie/Middleware/EncryptCookies.php(67): Illuminate\\Pipeline\\Pipeline->{closure:{closure:Illuminate\\Pipeline\\Pipeline::carry():155}:156}(Object(Illuminate\\Http\\Request))
#35 /home/rgusomuk/admin.posbillingwala.com/vendor/laravel/framework/src/Illuminate/Pipeline/Pipeline.php(180): Illuminate\\Cookie\\Middleware\\EncryptCookies->handle(Object(Illuminate\\Http\\Request), Object(Closure))
#36 /home/rgusomuk/admin.posbillingwala.com/vendor/laravel/framework/src/Illuminate/Pipeline/Pipeline.php(116): Illuminate\\Pipeline\\Pipeline->{closure:{closure:Illuminate\\Pipeline\\Pipeline::carry():155}:156}(Object(Illuminate\\Http\\Request))
#37 /home/rgusomuk/admin.posbillingwala.com/vendor/laravel/framework/src/Illuminate/Routing/Router.php(797): Illuminate\\Pipeline\\Pipeline->then(Object(Closure))
#38 /home/rgusomuk/admin.posbillingwala.com/vendor/laravel/framework/src/Illuminate/Routing/Router.php(776): Illuminate\\Routing\\Router->runRouteWithinStack(Object(Illuminate\\Routing\\Route), Object(Illuminate\\Http\\Request))
#39 /home/rgusomuk/admin.posbillingwala.com/vendor/laravel/framework/src/Illuminate/Routing/Router.php(740): Illuminate\\Routing\\Router->runRoute(Object(Illuminate\\Http\\Request), Object(Illuminate\\Routing\\Route))
#40 /home/rgusomuk/admin.posbillingwala.com/vendor/laravel/framework/src/Illuminate/Routing/Router.php(729): Illuminate\\Routing\\Router->dispatchToRoute(Object(Illuminate\\Http\\Request))
#41 /home/rgusomuk/admin.posbillingwala.com/vendor/laravel/framework/src/Illuminate/Foundation/Http/Kernel.php(190): Illuminate\\Routing\\Router->dispatch(Object(Illuminate\\Http\\Request))
#42 /home/rgusomuk/admin.posbillingwala.com/vendor/laravel/framework/src/Illuminate/Pipeline/Pipeline.php(141): Illuminate\\Foundation\\Http\\Kernel->{closure:Illuminate\\Foundation\\Http\\Kernel::dispatchToRouter():187}(Object(Illuminate\\Http\\Request))
#43 /home/rgusomuk/admin.posbillingwala.com/vendor/laravel/framework/src/Illuminate/Foundation/Http/Middleware/TransformsRequest.php(21): Illuminate\\Pipeline\\Pipeline->{closure:Illuminate\\Pipeline\\Pipeline::prepareDestination():139}(Object(Illuminate\\Http\\Request))
#44 /home/rgusomuk/admin.posbillingwala.com/vendor/laravel/framework/src/Illuminate/Foundation/Http/Middleware/ConvertEmptyStringsToNull.php(31): Illuminate\\Foundation\\Http\\Middleware\\TransformsRequest->handle(Object(Illuminate\\Http\\Request), Object(Closure))
#45 /home/rgusomuk/admin.posbillingwala.com/vendor/laravel/framework/src/Illuminate/Pipeline/Pipeline.php(180): Illuminate\\Foundation\\Http\\Middleware\\ConvertEmptyStringsToNull->handle(Object(Illuminate\\Http\\Request), Object(Closure))
#46 /home/rgusomuk/admin.posbillingwala.com/vendor/laravel/framework/src/Illuminate/Foundation/Http/Middleware/TransformsRequest.php(21): Illuminate\\Pipeline\\Pipeline->{closure:{closure:Illuminate\\Pipeline\\Pipeline::carry():155}:156}(Object(Illuminate\\Http\\Request))
#47 /home/rgusomuk/admin.posbillingwala.com/vendor/laravel/framework/src/Illuminate/Foundation/Http/Middleware/TrimStrings.php(40): Illuminate\\Foundation\\Http\\Middleware\\TransformsRequest->handle(Object(Illuminate\\Http\\Request), Object(Closure))
#48 /home/rgusomuk/admin.posbillingwala.com/vendor/laravel/framework/src/Illuminate/Pipeline/Pipeline.php(180): Illuminate\\Foundation\\Http\\Middleware\\TrimStrings->handle(Object(Illuminate\\Http\\Request), Object(Closure))
#49 /home/rgusomuk/admin.posbillingwala.com/vendor/laravel/framework/src/Illuminate/Foundation/Http/Middleware/ValidatePostSize.php(27): Illuminate\\Pipeline\\Pipeline->{closure:{closure:Illuminate\\Pipeline\\Pipeline::carry():155}:156}(Object(Illuminate\\Http\\Request))
#50 /home/rgusomuk/admin.posbillingwala.com/vendor/laravel/framework/src/Illuminate/Pipeline/Pipeline.php(180): Illuminate\\Foundation\\Http\\Middleware\\ValidatePostSize->handle(Object(Illuminate\\Http\\Request), Object(Closure))
#51 /home/rgusomuk/admin.posbillingwala.com/vendor/laravel/framework/src/Illuminate/Foundation/Http/Middleware/PreventRequestsDuringMaintenance.php(86): Illuminate\\Pipeline\\Pipeline->{closure:{closure:Illuminate\\Pipeline\\Pipeline::carry():155}:156}(Object(Illuminate\\Http\\Request))
#52 /home/rgusomuk/admin.posbillingwala.com/vendor/laravel/framework/src/Illuminate/Pipeline/Pipeline.php(180): Illuminate\\Foundation\\Http\\Middleware\\PreventRequestsDuringMaintenance->handle(Object(Illuminate\\Http\\Request), Object(Closure))
#53 /home/rgusomuk/admin.posbillingwala.com/vendor/laravel/framework/src/Illuminate/Http/Middleware/HandleCors.php(49): Illuminate\\Pipeline\\Pipeline->{closure:{closure:Illuminate\\Pipeline\\Pipeline::carry():155}:156}(Object(Illuminate\\Http\\Request))
#54 /home/rgusomuk/admin.posbillingwala.com/vendor/laravel/framework/src/Illuminate/Pipeline/Pipeline.php(180): Illuminate\\Http\\Middleware\\HandleCors->handle(Object(Illuminate\\Http\\Request), Object(Closure))
#55 /home/rgusomuk/admin.posbillingwala.com/vendor/laravel/framework/src/Illuminate/Http/Middleware/TrustProxies.php(39): Illuminate\\Pipeline\\Pipeline->{closure:{closure:Illuminate\\Pipeline\\Pipeline::carry():155}:156}(Object(Illuminate\\Http\\Request))
#56 /home/rgusomuk/admin.posbillingwala.com/vendor/laravel/framework/src/Illuminate/Pipeline/Pipeline.php(180): Illuminate\\Http\\Middleware\\TrustProxies->handle(Object(Illuminate\\Http\\Request), Object(Closure))
#57 /home/rgusomuk/admin.posbillingwala.com/vendor/laravel/framework/src/Illuminate/Pipeline/Pipeline.php(116): Illuminate\\Pipeline\\Pipeline->{closure:{closure:Illuminate\\Pipeline\\Pipeline::carry():155}:156}(Object(Illuminate\\Http\\Request))
#58 /home/rgusomuk/admin.posbillingwala.com/vendor/laravel/framework/src/Illuminate/Foundation/Http/Kernel.php(165): Illuminate\\Pipeline\\Pipeline->then(Object(Closure))
#59 /home/rgusomuk/admin.posbillingwala.com/vendor/laravel/framework/src/Illuminate/Foundation/Http/Kernel.php(134): Illuminate\\Foundation\\Http\\Kernel->sendRequestThroughRouter(Object(Illuminate\\Http\\Request))
#60 /home/rgusomuk/admin.posbillingwala.com/public/index.php(51): Illuminate\\Foundation\\Http\\Kernel->handle(Object(Illuminate\\Http\\Request))
#61 /home/rgusomuk/admin.posbillingwala.com/index.php(21): require_once('/home/rgusomuk/...')
#62 {main}

[previous exception] [object] (PDOException(code: 42S22): SQLSTATE[42S22]: Column not found: 1054 Unknown column 'users.licenseKey' in 'WHERE' at /home/rgusomuk/admin.posbillingwala.com/vendor/laravel/framework/src/Illuminate/Database/Connection.php:414)
[stacktrace]
#0 /home/rgusomuk/admin.posbillingwala.com/vendor/laravel/framework/src/Illuminate/Database/Connection.php(414): PDO->prepare('select count(*)...')
#1 /home/rgusomuk/admin.posbillingwala.com/vendor/laravel/framework/src/Illuminate/Database/Connection.php(753): Illuminate\\Database\\Connection->{closure:Illuminate\\Database\\Connection::select():405}('select count(*)...', Array)
#2 /home/rgusomuk/admin.posbillingwala.com/vendor/laravel/framework/src/Illuminate/Database/Connection.php(720): Illuminate\\Database\\Connection->runQueryCallback('select count(*)...', Array, Object(Closure))
#3 /home/rgusomuk/admin.posbillingwala.com/vendor/laravel/framework/src/Illuminate/Database/Connection.php(405): Illuminate\\Database\\Connection->run('select count(*)...', Array, Object(Closure))
#4 /home/rgusomuk/admin.posbillingwala.com/vendor/laravel/framework/src/Illuminate/Database/Query/Builder.php(2705): Illuminate\\Database\\Connection->select('select count(*)...', Array, true)
#5 /home/rgusomuk/admin.posbillingwala.com/vendor/laravel/framework/src/Illuminate/Database/Query/Builder.php(2694): Illuminate\\Database\\Query\\Builder->runSelect()
#6 /home/rgusomuk/admin.posbillingwala.com/vendor/laravel/framework/src/Illuminate/Database/Query/Builder.php(3230): Illuminate\\Database\\Query\\Builder->{closure:Illuminate\\Database\\Query\\Builder::get():2693}()
#7 /home/rgusomuk/admin.posbillingwala.com/vendor/laravel/framework/src/Illuminate/Database/Query/Builder.php(2693): Illuminate\\Database\\Query\\Builder->onceWithColumns(Array, Object(Closure))
#8 /home/rgusomuk/admin.posbillingwala.com/vendor/laravel/framework/src/Illuminate/Database/Query/Builder.php(3157): Illuminate\\Database\\Query\\Builder->get(Array)
#9 /home/rgusomuk/admin.posbillingwala.com/vendor/laravel/framework/src/Illuminate/Database/Query/Builder.php(3085): Illuminate\\Database\\Query\\Builder->aggregate('count', Array)
#10 /home/rgusomuk/admin.posbillingwala.com/vendor/laravel/framework/src/Illuminate/Database/Eloquent/Builder.php(1869): Illuminate\\Database\\Query\\Builder->count()
#11 /home/rgusomuk/admin.posbillingwala.com/vendor/yajra/laravel-datatables-oracle/src/QueryDataTable.php(146): Illuminate\\Database\\Eloquent\\Builder->__call('count', Array)
#12 /home/rgusomuk/admin.posbillingwala.com/vendor/yajra/laravel-datatables-oracle/src/DataTableAbstract.php(805): Yajra\\DataTables\\QueryDataTable->count()
#13 /home/rgusomuk/admin.posbillingwala.com/vendor/yajra/laravel-datatables-oracle/src/DataTableAbstract.php(731): Yajra\\DataTables\\DataTableAbstract->filteredCount()
#14 /home/rgusomuk/admin.posbillingwala.com/vendor/yajra/laravel-datatables-oracle/src/QueryDataTable.php(129): Yajra\\DataTables\\DataTableAbstract->filterRecords()
#15 /home/rgusomuk/admin.posbillingwala.com/vendor/yajra/laravel-datatables-oracle/src/QueryDataTable.php(99): Yajra\\DataTables\\QueryDataTable->prepareQuery()
#16 /home/rgusomuk/admin.posbillingwala.com/app/Http/Controllers/CustomerController.php(23): Yajra\\DataTables\\QueryDataTable->make(true)
#17 /home/rgusomuk/admin.posbillingwala.com/vendor/laravel/framework/src/Illuminate/Routing/Controller.php(54): App\\Http\\Controllers\\CustomerController->getAllCustomers(Object(Illuminate\\Http\\Request))
#18 /home/rgusomuk/admin.posbillingwala.com/vendor/laravel/framework/src/Illuminate/Routing/ControllerDispatcher.php(43): Illuminate\\Routing\\Controller->callAction('getAllCustomers', Array)
#19 /home/rgusomuk/admin.posbillingwala.com/vendor/laravel/framework/src/Illuminate/Routing/Route.php(259): Illuminate\\Routing\\ControllerDispatcher->dispatch(Object(Illuminate\\Routing\\Route), Object(App\\Http\\Controllers\\CustomerController), 'getAllCustomers')
#20 /home/rgusomuk/admin.posbillingwala.com/vendor/laravel/framework/src/Illuminate/Routing/Route.php(205): Illuminate\\Routing\\Route->runController()
#21 /home/rgusomuk/admin.posbillingwala.com/vendor/laravel/framework/src/Illuminate/Routing/Router.php(798): Illuminate\\Routing\\Route->run()
#22 /home/rgusomuk/admin.posbillingwala.com/vendor/laravel/framework/src/Illuminate/Pipeline/Pipeline.php(141): Illuminate\\Routing\\Router->{closure:Illuminate\\Routing\\Router::runRouteWithinStack():797}(Object(Illuminate\\Http\\Request))
#23 /home/rgusomuk/admin.posbillingwala.com/vendor/laravel/framework/src/Illuminate/Routing/Middleware/SubstituteBindings.php(50): Illuminate\\Pipeline\\Pipeline->{closure:Illuminate\\Pipeline\\Pipeline::prepareDestination():139}(Object(Illuminate\\Http\\Request))
#24 /home/rgusomuk/admin.posbillingwala.com/vendor/laravel/framework/src/Illuminate/Pipeline/Pipeline.php(180): Illuminate\\Routing\\Middleware\\SubstituteBindings->handle(Object(Illuminate\\Http\\Request), Object(Closure))
#25 /home/rgusomuk/admin.posbillingwala.com/vendor/laravel/framework/src/Illuminate/Auth/Middleware/Authenticate.php(44): Illuminate\\Pipeline\\Pipeline->{closure:{closure:Illuminate\\Pipeline\\Pipeline::carry():155}:156}(Object(Illuminate\\Http\\Request))
#26 /home/rgusomuk/admin.posbillingwala.com/vendor/laravel/framework/src/Illuminate/Pipeline/Pipeline.php(180): Illuminate\\Auth\\Middleware\\Authenticate->handle(Object(Illuminate\\Http\\Request), Object(Closure))
#27 /home/rgusomuk/admin.posbillingwala.com/vendor/laravel/framework/src/Illuminate/Foundation/Http/Middleware/VerifyCsrfToken.php(78): Illuminate\\Pipeline\\Pipeline->{closure:{closure:Illuminate\\Pipeline\\Pipeline::carry():155}:156}(Object(Illuminate\\Http\\Request))
#28 /home/rgusomuk/admin.posbillingwala.com/vendor/laravel/framework/src/Illuminate/Pipeline/Pipeline.php(180): Illuminate\\Foundation\\Http\\Middleware\\VerifyCsrfToken->handle(Object(Illuminate\\Http\\Request), Object(Closure))
#29 /home/rgusomuk/admin.posbillingwala.com/vendor/laravel/framework/src/Illuminate/View/Middleware/ShareErrorsFromSession.php(49): Illuminate\\Pipeline\\Pipeline->{closure:{closure:Illuminate\\Pipeline\\Pipeline::carry():155}:156}(Object(Illuminate\\Http\\Request))
#30 /home/rgusomuk/admin.posbillingwala.com/vendor/laravel/framework/src/Illuminate/Pipeline/Pipeline.php(180): Illuminate\\View\\Middleware\\ShareErrorsFromSession->handle(Object(Illuminate\\Http\\Request), Object(Closure))
#31 /home/rgusomuk/admin.posbillingwala.com/vendor/laravel/framework/src/Illuminate/Session/Middleware/StartSession.php(121): Illuminate\\Pipeline\\Pipeline->{closure:{closure:Illuminate\\Pipeline\\Pipeline::carry():155}:156}(Object(Illuminate\\Http\\Request))
#32 /home/rgusomuk/admin.posbillingwala.com/vendor/laravel/framework/src/Illuminate/Session/Middleware/StartSession.php(64): Illuminate\\Session\\Middleware\\StartSession->handleStatefulRequest(Object(Illuminate\\Http\\Request), Object(Illuminate\\Session\\Store), Object(Closure))
#33 /home/rgusomuk/admin.posbillingwala.com/vendor/laravel/framework/src/Illuminate/Pipeline/Pipeline.php(180): Illuminate\\Session\\Middleware\\StartSession->handle(Object(Illuminate\\Http\\Request), Object(Closure))
#34 /home/rgusomuk/admin.posbillingwala.com/vendor/laravel/framework/src/Illuminate/Cookie/Middleware/AddQueuedCookiesToResponse.php(37): Illuminate\\Pipeline\\Pipeline->{closure:{closure:Illuminate\\Pipeline\\Pipeline::carry():155}:156}(Object(Illuminate\\Http\\Request))
#35 /home/rgusomuk/admin.posbillingwala.com/vendor/laravel/framework/src/Illuminate/Pipeline/Pipeline.php(180): Illuminate\\Cookie\\Middleware\\AddQueuedCookiesToResponse->handle(Object(Illuminate\\Http\\Request), Object(Closure))
#36 /home/rgusomuk/admin.posbillingwala.com/vendor/laravel/framework/src/Illuminate/Cookie/Middleware/EncryptCookies.php(67): Illuminate\\Pipeline\\Pipeline->{closure:{closure:Illuminate\\Pipeline\\Pipeline::carry():155}:156}(Object(Illuminate\\Http\\Request))
#37 /home/rgusomuk/admin.posbillingwala.com/vendor/laravel/framework/src/Illuminate/Pipeline/Pipeline.php(180): Illuminate\\Cookie\\Middleware\\EncryptCookies->handle(Object(Illuminate\\Http\\Request), Object(Closure))
#38 /home/rgusomuk/admin.posbillingwala.com/vendor/laravel/framework/src/Illuminate/Pipeline/Pipeline.php(116): Illuminate\\Pipeline\\Pipeline->{closure:{closure:Illuminate\\Pipeline\\Pipeline::carry():155}:156}(Object(Illuminate\\Http\\Request))
#39 /home/rgusomuk/admin.posbillingwala.com/vendor/laravel/framework/src/Illuminate/Routing/Router.php(797): Illuminate\\Pipeline\\Pipeline->then(Object(Closure))
#40 /home/rgusomuk/admin.posbillingwala.com/vendor/laravel/framework/src/Illuminate/Routing/Router.php(776): Illuminate\\Routing\\Router->runRouteWithinStack(Object(Illuminate\\Routing\\Route), Object(Illuminate\\Http\\Request))
#41 /home/rgusomuk/admin.posbillingwala.com/vendor/laravel/framework/src/Illuminate/Routing/Router.php(740): Illuminate\\Routing\\Router->runRoute(Object(Illuminate\\Http\\Request), Object(Illuminate\\Routing\\Route))
#42 /home/rgusomuk/admin.posbillingwala.com/vendor/laravel/framework/src/Illuminate/Routing/Router.php(729): Illuminate\\Routing\\Router->dispatchToRoute(Object(Illuminate\\Http\\Request))
#43 /home/rgusomuk/admin.posbillingwala.com/vendor/laravel/framework/src/Illuminate/Foundation/Http/Kernel.php(190): Illuminate\\Routing\\Router->dispatch(Object(Illuminate\\Http\\Request))
#44 /home/rgusomuk/admin.posbillingwala.com/vendor/laravel/framework/src/Illuminate/Pipeline/Pipeline.php(141): Illuminate\\Foundation\\Http\\Kernel->{closure:Illuminate\\Foundation\\Http\\Kernel::dispatchToRouter():187}(Object(Illuminate\\Http\\Request))
#45 /home/rgusomuk/admin.posbillingwala.com/vendor/laravel/framework/src/Illuminate/Foundation/Http/Middleware/TransformsRequest.php(21): Illuminate\\Pipeline\\Pipeline->{closure:Illuminate\\Pipeline\\Pipeline::prepareDestination():139}(Object(Illuminate\\Http\\Request))
#46 /home/rgusomuk/admin.posbillingwala.com/vendor/laravel/framework/src/Illuminate/Foundation/Http/Middleware/ConvertEmptyStringsToNull.php(31): Illuminate\\Foundation\\Http\\Middleware\\TransformsRequest->handle(Object(Illuminate\\Http\\Request), Object(Closure))
#47 /home/rgusomuk/admin.posbillingwala.com/vendor/laravel/framework/src/Illuminate/Pipeline/Pipeline.php(180): Illuminate\\Foundation\\Http\\Middleware\\ConvertEmptyStringsToNull->handle(Object(Illuminate\\Http\\Request), Object(Closure))
#48 /home/rgusomuk/admin.posbillingwala.com/vendor/laravel/framework/src/Illuminate/Foundation/Http/Middleware/TransformsRequest.php(21): Illuminate\\Pipeline\\Pipeline->{closure:{closure:Illuminate\\Pipeline\\Pipeline::carry():155}:156}(Object(Illuminate\\Http\\Request))
#49 /home/rgusomuk/admin.posbillingwala.com/vendor/laravel/framework/src/Illuminate/Foundation/Http/Middleware/TrimStrings.php(40): Illuminate\\Foundation\\Http\\Middleware\\TransformsRequest->handle(Object(Illuminate\\Http\\Request), Object(Closure))
#50 /home/rgusomuk/admin.posbillingwala.com/vendor/laravel/framework/src/Illuminate/Pipeline/Pipeline.php(180): Illuminate\\Foundation\\Http\\Middleware\\TrimStrings->handle(Object(Illuminate\\Http\\Request), Object(Closure))
#51 /home/rgusomuk/admin.posbillingwala.com/vendor/laravel/framework/src/Illuminate/Foundation/Http/Middleware/ValidatePostSize.php(27): Illuminate\\Pipeline\\Pipeline->{closure:{closure:Illuminate\\Pipeline\\Pipeline::carry():155}:156}(Object(Illuminate\\Http\\Request))
#52 /home/rgusomuk/admin.posbillingwala.com/vendor/laravel/framework/src/Illuminate/Pipeline/Pipeline.php(180): Illuminate\\Foundation\\Http\\Middleware\\ValidatePostSize->handle(Object(Illuminate\\Http\\Request), Object(Closure))
#53 /home/rgusomuk/admin.posbillingwala.com/vendor/laravel/framework/src/Illuminate/Foundation/Http/Middleware/PreventRequestsDuringMaintenance.php(86): Illuminate\\Pipeline\\Pipeline->{closure:{closure:Illuminate\\Pipeline\\Pipeline::carry():155}:156}(Object(Illuminate\\Http\\Request))
#54 /home/rgusomuk/admin.posbillingwala.com/vendor/laravel/framework/src/Illuminate/Pipeline/Pipeline.php(180): Illuminate\\Foundation\\Http\\Middleware\\PreventRequestsDuringMaintenance->handle(Object(Illuminate\\Http\\Request), Object(Closure))
#55 /home/rgusomuk/admin.posbillingwala.com/vendor/laravel/framework/src/Illuminate/Http/Middleware/HandleCors.php(49): Illuminate\\Pipeline\\Pipeline->{closure:{closure:Illuminate\\Pipeline\\Pipeline::carry():155}:156}(Object(Illuminate\\Http\\Request))
#56 /home/rgusomuk/admin.posbillingwala.com/vendor/laravel/framework/src/Illuminate/Pipeline/Pipeline.php(180): Illuminate\\Http\\Middleware\\HandleCors->handle(Object(Illuminate\\Http\\Request), Object(Closure))
#57 /home/rgusomuk/admin.posbillingwala.com/vendor/laravel/framework/src/Illuminate/Http/Middleware/TrustProxies.php(39): Illuminate\\Pipeline\\Pipeline->{closure:{closure:Illuminate\\Pipeline\\Pipeline::carry():155}:156}(Object(Illuminate\\Http\\Request))
#58 /home/rgusomuk/admin.posbillingwala.com/vendor/laravel/framework/src/Illuminate/Pipeline/Pipeline.php(180): Illuminate\\Http\\Middleware\\TrustProxies->handle(Object(Illuminate\\Http\\Request), Object(Closure))
#59 /home/rgusomuk/admin.posbillingwala.com/vendor/laravel/framework/src/Illuminate/Pipeline/Pipeline.php(116): Illuminate\\Pipeline\\Pipeline->{closure:{closure:Illuminate\\Pipeline\\Pipeline::carry():155}:156}(Object(Illuminate\\Http\\Request))
#60 /home/rgusomuk/admin.posbillingwala.com/vendor/laravel/framework/src/Illuminate/Foundation/Http/Kernel.php(165): Illuminate\\Pipeline\\Pipeline->then(Object(Closure))
#61 /home/rgusomuk/admin.posbillingwala.com/vendor/laravel/framework/src/Illuminate/Foundation/Http/Kernel.php(134): Illuminate\\Foundation\\Http\\Kernel->sendRequestThroughRouter(Object(Illuminate\\Http\\Request))
#62 /home/rgusomuk/admin.posbillingwala.com/public/index.php(51): Illuminate\\Foundation\\Http\\Kernel->handle(Object(Illuminate\\Http\\Request))
#63 /home/rgusomuk/admin.posbillingwala.com/index.php(21): require_once('/home/rgusomuk/...')
#64 {main}
"} 
[2026-08-25 15:06:50] local.ERROR: SQLSTATE[42S22]: Column not found: 1054 Unknown column 'users.licenseKey' in 'WHERE' (SQL: select count(*) as aggregate from `users` inner join `licenses` on `licenses`.`userId` = `users`.`id` where `licenses`.`userType` = owner and `users`.`role_id` = 3 and (LOWER(`users`.`name`) LIKE %m% or LOWER(`users`.`contact_number`) LIKE %m% or LOWER(`users`.`shopName`) LIKE %m% or LOWER(`users`.`licenseKey`) LIKE %m% or LOWER(`users`.`expiryDate`) LIKE %m% or LOWER(`users`.`licenseStatus`) LIKE %m% or LOWER(`users`.`licenseStatus`) LIKE %m%)) {"userId":1,"exception":"[object] (Illuminate\\Database\\QueryException(code: 42S22): SQLSTATE[42S22]: Column not found: 1054 Unknown column 'users.licenseKey' in 'WHERE' (SQL: select count(*) as aggregate from `users` inner join `licenses` on `licenses`.`userId` = `users`.`id` where `licenses`.`userType` = owner and `users`.`role_id` = 3 and (LOWER(`users`.`name`) LIKE %m% or LOWER(`users`.`contact_number`) LIKE %m% or LOWER(`users`.`shopName`) LIKE %m% or LOWER(`users`.`licenseKey`) LIKE %m% or LOWER(`users`.`expiryDate`) LIKE %m% or LOWER(`users`.`licenseStatus`) LIKE %m% or LOWER(`users`.`licenseStatus`) LIKE %m%)) at /home/rgusomuk/admin.posbillingwala.com/vendor/laravel/framework/src/Illuminate/Database/Connection.php:760)
[stacktrace]
#0 /home/rgusomuk/admin.posbillingwala.com/vendor/laravel/framework/src/Illuminate/Database/Connection.php(720): Illuminate\\Database\\Connection->runQueryCallback('select count(*)...', Array, Object(Closure))
#1 /home/rgusomuk/admin.posbillingwala.com/vendor/laravel/framework/src/Illuminate/Database/Connection.php(405): Illuminate\\Database\\Connection->run('select count(*)...', Array, Object(Closure))
#2 /home/rgusomuk/admin.posbillingwala.com/vendor/laravel/framework/src/Illuminate/Database/Query/Builder.php(2705): Illuminate\\Database\\Connection->select('select count(*)...', Array, true)
#3 /home/rgusomuk/admin.posbillingwala.com/vendor/laravel/framework/src/Illuminate/Database/Query/Builder.php(2694): Illuminate\\Database\\Query\\Builder->runSelect()
#4 /home/rgusomuk/admin.posbillingwala.com/vendor/laravel/framework/src/Illuminate/Database/Query/Builder.php(3230): Illuminate\\Database\\Query\\Builder->{closure:Illuminate\\Database\\Query\\Builder::get():2693}()
#5 /home/rgusomuk/admin.posbillingwala.com/vendor/laravel/framework/src/Illuminate/Database/Query/Builder.php(2693): Illuminate\\Database\\Query\\Builder->onceWithColumns(Array, Object(Closure))
#6 /home/rgusomuk/admin.posbillingwala.com/vendor/laravel/framework/src/Illuminate/Database/Query/Builder.php(3157): Illuminate\\Database\\Query\\Builder->get(Array)
#7 /home/rgusomuk/admin.posbillingwala.com/vendor/laravel/framework/src/Illuminate/Database/Query/Builder.php(3085): Illuminate\\Database\\Query\\Builder->aggregate('count', Array)
#8 /home/rgusomuk/admin.posbillingwala.com/vendor/laravel/framework/src/Illuminate/Database/Eloquent/Builder.php(1869): Illuminate\\Database\\Query\\Builder->count()
#9 /home/rgusomuk/admin.posbillingwala.com/vendor/yajra/laravel-datatables-oracle/src/QueryDataTable.php(146): Illuminate\\Database\\Eloquent\\Builder->__call('count', Array)
#10 /home/rgusomuk/admin.posbillingwala.com/vendor/yajra/laravel-datatables-oracle/src/DataTableAbstract.php(805): Yajra\\DataTables\\QueryDataTable->count()
#11 /home/rgusomuk/admin.posbillingwala.com/vendor/yajra/laravel-datatables-oracle/src/DataTableAbstract.php(731): Yajra\\DataTables\\DataTableAbstract->filteredCount()
#12 /home/rgusomuk/admin.posbillingwala.com/vendor/yajra/laravel-datatables-oracle/src/QueryDataTable.php(129): Yajra\\DataTables\\DataTableAbstract->filterRecords()
#13 /home/rgusomuk/admin.posbillingwala.com/vendor/yajra/laravel-datatables-oracle/src/QueryDataTable.php(99): Yajra\\DataTables\\QueryDataTable->prepareQuery()
#14 /home/rgusomuk/admin.posbillingwala.com/app/Http/Controllers/CustomerController.php(23): Yajra\\DataTables\\QueryDataTable->make(true)
#15 /home/rgusomuk/admin.posbillingwala.com/vendor/laravel/framework/src/Illuminate/Routing/Controller.php(54): App\\Http\\Controllers\\CustomerController->getAllCustomers(Object(Illuminate\\Http\\Request))
#16 /home/rgusomuk/admin.posbillingwala.com/vendor/laravel/framework/src/Illuminate/Routing/ControllerDispatcher.php(43): Illuminate\\Routing\\Controller->callAction('getAllCustomers', Array)
#17 /home/rgusomuk/admin.posbillingwala.com/vendor/laravel/framework/src/Illuminate/Routing/Route.php(259): Illuminate\\Routing\\ControllerDispatcher->dispatch(Object(Illuminate\\Routing\\Route), Object(App\\Http\\Controllers\\CustomerController), 'getAllCustomers')
#18 /home/rgusomuk/admin.posbillingwala.com/vendor/laravel/framework/src/Illuminate/Routing/Route.php(205): Illuminate\\Routing\\Route->runController()
#19 /home/rgusomuk/admin.posbillingwala.com/vendor/laravel/framework/src/Illuminate/Routing/Router.php(798): Illuminate\\Routing\\Route->run()
#20 /home/rgusomuk/admin.posbillingwala.com/vendor/laravel/framework/src/Illuminate/Pipeline/Pipeline.php(141): Illuminate\\Routing\\Router->{closure:Illuminate\\Routing\\Router::runRouteWithinStack():797}(Object(Illuminate\\Http\\Request))
#21 /home/rgusomuk/admin.posbillingwala.com/vendor/laravel/framework/src/Illuminate/Routing/Middleware/SubstituteBindings.php(50): Illuminate\\Pipeline\\Pipeline->{closure:Illuminate\\Pipeline\\Pipeline::prepareDestination():139}(Object(Illuminate\\Http\\Request))
#22 /home/rgusomuk/admin.posbillingwala.com/vendor/laravel/framework/src/Illuminate/Pipeline/Pipeline.php(180): Illuminate\\Routing\\Middleware\\SubstituteBindings->handle(Object(Illuminate\\Http\\Request), Object(Closure))
#23 /home/rgusomuk/admin.posbillingwala.com/vendor/laravel/framework/src/Illuminate/Auth/Middleware/Authenticate.php(44): Illuminate\\Pipeline\\Pipeline->{closure:{closure:Illuminate\\Pipeline\\Pipeline::carry():155}:156}(Object(Illuminate\\Http\\Request))
#24 /home/rgusomuk/admin.posbillingwala.com/vendor/laravel/framework/src/Illuminate/Pipeline/Pipeline.php(180): Illuminate\\Auth\\Middleware\\Authenticate->handle(Object(Illuminate\\Http\\Request), Object(Closure))
#25 /home/rgusomuk/admin.posbillingwala.com/vendor/laravel/framework/src/Illuminate/Foundation/Http/Middleware/VerifyCsrfToken.php(78): Illuminate\\Pipeline\\Pipeline->{closure:{closure:Illuminate\\Pipeline\\Pipeline::carry():155}:156}(Object(Illuminate\\Http\\Request))
#26 /home/rgusomuk/admin.posbillingwala.com/vendor/laravel/framework/src/Illuminate/Pipeline/Pipeline.php(180): Illuminate\\Foundation\\Http\\Middleware\\VerifyCsrfToken->handle(Object(Illuminate\\Http\\Request), Object(Closure))
#27 /home/rgusomuk/admin.posbillingwala.com/vendor/laravel/framework/src/Illuminate/View/Middleware/ShareErrorsFromSession.php(49): Illuminate\\Pipeline\\Pipeline->{closure:{closure:Illuminate\\Pipeline\\Pipeline::carry():155}:156}(Object(Illuminate\\Http\\Request))
#28 /home/rgusomuk/admin.posbillingwala.com/vendor/laravel/framework/src/Illuminate/Pipeline/Pipeline.php(180): Illuminate\\View\\Middleware\\ShareErrorsFromSession->handle(Object(Illuminate\\Http\\Request), Object(Closure))
#29 /home/rgusomuk/admin.posbillingwala.com/vendor/laravel/framework/src/Illuminate/Session/Middleware/StartSession.php(121): Illuminate\\Pipeline\\Pipeline->{closure:{closure:Illuminate\\Pipeline\\Pipeline::carry():155}:156}(Object(Illuminate\\Http\\Request))
#30 /home/rgusomuk/admin.posbillingwala.com/vendor/laravel/framework/src/Illuminate/Session/Middleware/StartSession.php(64): Illuminate\\Session\\Middleware\\StartSession->handleStatefulRequest(Object(Illuminate\\Http\\Request), Object(Illuminate\\Session\\Store), Object(Closure))
#31 /home/rgusomuk/admin.posbillingwala.com/vendor/laravel/framework/src/Illuminate/Pipeline/Pipeline.php(180): Illuminate\\Session\\Middleware\\StartSession->handle(Object(Illuminate\\Http\\Request), Object(Closure))
#32 /home/rgusomuk/admin.posbillingwala.com/vendor/laravel/framework/src/Illuminate/Cookie/Middleware/AddQueuedCookiesToResponse.php(37): Illuminate\\Pipeline\\Pipeline->{closure:{closure:Illuminate\\Pipeline\\Pipeline::carry():155}:156}(Object(Illuminate\\Http\\Request))
#33 /home/rgusomuk/admin.posbillingwala.com/vendor/laravel/framework/src/Illuminate/Pipeline/Pipeline.php(180): Illuminate\\Cookie\\Middleware\\AddQueuedCookiesToResponse->handle(Object(Illuminate\\Http\\Request), Object(Closure))
#34 /home/rgusomuk/admin.posbillingwala.com/vendor/laravel/framework/src/Illuminate/Cookie/Middleware/EncryptCookies.php(67): Illuminate\\Pipeline\\Pipeline->{closure:{closure:Illuminate\\Pipeline\\Pipeline::carry():155}:156}(Object(Illuminate\\Http\\Request))
#35 /home/rgusomuk/admin.posbillingwala.com/vendor/laravel/framework/src/Illuminate/Pipeline/Pipeline.php(180): Illuminate\\Cookie\\Middleware\\EncryptCookies->handle(Object(Illuminate\\Http\\Request), Object(Closure))
#36 /home/rgusomuk/admin.posbillingwala.com/vendor/laravel/framework/src/Illuminate/Pipeline/Pipeline.php(116): Illuminate\\Pipeline\\Pipeline->{closure:{closure:Illuminate\\Pipeline\\Pipeline::carry():155}:156}(Object(Illuminate\\Http\\Request))
#37 /home/rgusomuk/admin.posbillingwala.com/vendor/laravel/framework/src/Illuminate/Routing/Router.php(797): Illuminate\\Pipeline\\Pipeline->then(Object(Closure))
#38 /home/rgusomuk/admin.posbillingwala.com/vendor/laravel/framework/src/Illuminate/Routing/Router.php(776): Illuminate\\Routing\\Router->runRouteWithinStack(Object(Illuminate\\Routing\\Route), Object(Illuminate\\Http\\Request))
#39 /home/rgusomuk/admin.posbillingwala.com/vendor/laravel/framework/src/Illuminate/Routing/Router.php(740): Illuminate\\Routing\\Router->runRoute(Object(Illuminate\\Http\\Request), Object(Illuminate\\Routing\\Route))
#40 /home/rgusomuk/admin.posbillingwala.com/vendor/laravel/framework/src/Illuminate/Routing/Router.php(729): Illuminate\\Routing\\Router->dispatchToRoute(Object(Illuminate\\Http\\Request))
#41 /home/rgusomuk/admin.posbillingwala.com/vendor/laravel/framework/src/Illuminate/Foundation/Http/Kernel.php(190): Illuminate\\Routing\\Router->dispatch(Object(Illuminate\\Http\\Request))
#42 /home/rgusomuk/admin.posbillingwala.com/vendor/laravel/framework/src/Illuminate/Pipeline/Pipeline.php(141): Illuminate\\Foundation\\Http\\Kernel->{closure:Illuminate\\Foundation\\Http\\Kernel::dispatchToRouter():187}(Object(Illuminate\\Http\\Request))
#43 /home/rgusomuk/admin.posbillingwala.com/vendor/laravel/framework/src/Illuminate/Foundation/Http/Middleware/TransformsRequest.php(21): Illuminate\\Pipeline\\Pipeline->{closure:Illuminate\\Pipeline\\Pipeline::prepareDestination():139}(Object(Illuminate\\Http\\Request))
#44 /home/rgusomuk/admin.posbillingwala.com/vendor/laravel/framework/src/Illuminate/Foundation/Http/Middleware/ConvertEmptyStringsToNull.php(31): Illuminate\\Foundation\\Http\\Middleware\\TransformsRequest->handle(Object(Illuminate\\Http\\Request), Object(Closure))
#45 /home/rgusomuk/admin.posbillingwala.com/vendor/laravel/framework/src/Illuminate/Pipeline/Pipeline.php(180): Illuminate\\Foundation\\Http\\Middleware\\ConvertEmptyStringsToNull->handle(Object(Illuminate\\Http\\Request), Object(Closure))
#46 /home/rgusomuk/admin.posbillingwala.com/vendor/laravel/framework/src/Illuminate/Foundation/Http/Middleware/TransformsRequest.php(21): Illuminate\\Pipeline\\Pipeline->{closure:{closure:Illuminate\\Pipeline\\Pipeline::carry():155}:156}(Object(Illuminate\\Http\\Request))
#47 /home/rgusomuk/admin.posbillingwala.com/vendor/laravel/framework/src/Illuminate/Foundation/Http/Middleware/TrimStrings.php(40): Illuminate\\Foundation\\Http\\Middleware\\TransformsRequest->handle(Object(Illuminate\\Http\\Request), Object(Closure))
#48 /home/rgusomuk/admin.posbillingwala.com/vendor/laravel/framework/src/Illuminate/Pipeline/Pipeline.php(180): Illuminate\\Foundation\\Http\\Middleware\\TrimStrings->handle(Object(Illuminate\\Http\\Request), Object(Closure))
#49 /home/rgusomuk/admin.posbillingwala.com/vendor/laravel/framework/src/Illuminate/Foundation/Http/Middleware/ValidatePostSize.php(27): Illuminate\\Pipeline\\Pipeline->{closure:{closure:Illuminate\\Pipeline\\Pipeline::carry():155}:156}(Object(Illuminate\\Http\\Request))
#50 /home/rgusomuk/admin.posbillingwala.com/vendor/laravel/framework/src/Illuminate/Pipeline/Pipeline.php(180): Illuminate\\Foundation\\Http\\Middleware\\ValidatePostSize->handle(Object(Illuminate\\Http\\Request), Object(Closure))
#51 /home/rgusomuk/admin.posbillingwala.com/vendor/laravel/framework/src/Illuminate/Foundation/Http/Middleware/PreventRequestsDuringMaintenance.php(86): Illuminate\\Pipeline\\Pipeline->{closure:{closure:Illuminate\\Pipeline\\Pipeline::carry():155}:156}(Object(Illuminate\\Http\\Request))
#52 /home/rgusomuk/admin.posbillingwala.com/vendor/laravel/framework/src/Illuminate/Pipeline/Pipeline.php(180): Illuminate\\Foundation\\Http\\Middleware\\PreventRequestsDuringMaintenance->handle(Object(Illuminate\\Http\\Request), Object(Closure))
#53 /home/rgusomuk/admin.posbillingwala.com/vendor/laravel/framework/src/Illuminate/Http/Middleware/HandleCors.php(49): Illuminate\\Pipeline\\Pipeline->{closure:{closure:Illuminate\\Pipeline\\Pipeline::carry():155}:156}(Object(Illuminate\\Http\\Request))
#54 /home/rgusomuk/admin.posbillingwala.com/vendor/laravel/framework/src/Illuminate/Pipeline/Pipeline.php(180): Illuminate\\Http\\Middleware\\HandleCors->handle(Object(Illuminate\\Http\\Request), Object(Closure))
#55 /home/rgusomuk/admin.posbillingwala.com/vendor/laravel/framework/src/Illuminate/Http/Middleware/TrustProxies.php(39): Illuminate\\Pipeline\\Pipeline->{closure:{closure:Illuminate\\Pipeline\\Pipeline::carry():155}:156}(Object(Illuminate\\Http\\Request))
#56 /home/rgusomuk/admin.posbillingwala.com/vendor/laravel/framework/src/Illuminate/Pipeline/Pipeline.php(180): Illuminate\\Http\\Middleware\\TrustProxies->handle(Object(Illuminate\\Http\\Request), Object(Closure))
#57 /home/rgusomuk/admin.posbillingwala.com/vendor/laravel/framework/src/Illuminate/Pipeline/Pipeline.php(116): Illuminate\\Pipeline\\Pipeline->{closure:{closure:Illuminate\\Pipeline\\Pipeline::carry():155}:156}(Object(Illuminate\\Http\\Request))
#58 /home/rgusomuk/admin.posbillingwala.com/vendor/laravel/framework/src/Illuminate/Foundation/Http/Kernel.php(165): Illuminate\\Pipeline\\Pipeline->then(Object(Closure))
#59 /home/rgusomuk/admin.posbillingwala.com/vendor/laravel/framework/src/Illuminate/Foundation/Http/Kernel.php(134): Illuminate\\Foundation\\Http\\Kernel->sendRequestThroughRouter(Object(Illuminate\\Http\\Request))
#60 /home/rgusomuk/admin.posbillingwala.com/public/index.php(51): Illuminate\\Foundation\\Http\\Kernel->handle(Object(Illuminate\\Http\\Request))
#61 /home/rgusomuk/admin.posbillingwala.com/index.php(21): require_once('/home/rgusomuk/...')
#62 {main}

[previous exception] [object] (PDOException(code: 42S22): SQLSTATE[42S22]: Column not found: 1054 Unknown column 'users.licenseKey' in 'WHERE' at /home/rgusomuk/admin.posbillingwala.com/vendor/laravel/framework/src/Illuminate/Database/Connection.php:414)
[stacktrace]
#0 /home/rgusomuk/admin.posbillingwala.com/vendor/laravel/framework/src/Illuminate/Database/Connection.php(414): PDO->prepare('select count(*)...')
#1 /home/rgusomuk/admin.posbillingwala.com/vendor/laravel/framework/src/Illuminate/Database/Connection.php(753): Illuminate\\Database\\Connection->{closure:Illuminate\\Database\\Connection::select():405}('select count(*)...', Array)
#2 /home/rgusomuk/admin.posbillingwala.com/vendor/laravel/framework/src/Illuminate/Database/Connection.php(720): Illuminate\\Database\\Connection->runQueryCallback('select count(*)...', Array, Object(Closure))
#3 /home/rgusomuk/admin.posbillingwala.com/vendor/laravel/framework/src/Illuminate/Database/Connection.php(405): Illuminate\\Database\\Connection->run('select count(*)...', Array, Object(Closure))
#4 /home/rgusomuk/admin.posbillingwala.com/vendor/laravel/framework/src/Illuminate/Database/Query/Builder.php(2705): Illuminate\\Database\\Connection->select('select count(*)...', Array, true)
#5 /home/rgusomuk/admin.posbillingwala.com/vendor/laravel/framework/src/Illuminate/Database/Query/Builder.php(2694): Illuminate\\Database\\Query\\Builder->runSelect()
#6 /home/rgusomuk/admin.posbillingwala.com/vendor/laravel/framework/src/Illuminate/Database/Query/Builder.php(3230): Illuminate\\Database\\Query\\Builder->{closure:Illuminate\\Database\\Query\\Builder::get():2693}()
#7 /home/rgusomuk/admin.posbillingwala.com/vendor/laravel/framework/src/Illuminate/Database/Query/Builder.php(2693): Illuminate\\Database\\Query\\Builder->onceWithColumns(Array, Object(Closure))
#8 /home/rgusomuk/admin.posbillingwala.com/vendor/laravel/framework/src/Illuminate/Database/Query/Builder.php(3157): Illuminate\\Database\\Query\\Builder->get(Array)
#9 /home/rgusomuk/admin.posbillingwala.com/vendor/laravel/framework/src/Illuminate/Database/Query/Builder.php(3085): Illuminate\\Database\\Query\\Builder->aggregate('count', Array)
#10 /home/rgusomuk/admin.posbillingwala.com/vendor/laravel/framework/src/Illuminate/Database/Eloquent/Builder.php(1869): Illuminate\\Database\\Query\\Builder->count()
#11 /home/rgusomuk/admin.posbillingwala.com/vendor/yajra/laravel-datatables-oracle/src/QueryDataTable.php(146): Illuminate\\Database\\Eloquent\\Builder->__call('count', Array)
#12 /home/rgusomuk/admin.posbillingwala.com/vendor/yajra/laravel-datatables-oracle/src/DataTableAbstract.php(805): Yajra\\DataTables\\QueryDataTable->count()
#13 /home/rgusomuk/admin.posbillingwala.com/vendor/yajra/laravel-datatables-oracle/src/DataTableAbstract.php(731): Yajra\\DataTables\\DataTableAbstract->filteredCount()
#14 /home/rgusomuk/admin.posbillingwala.com/vendor/yajra/laravel-datatables-oracle/src/QueryDataTable.php(129): Yajra\\DataTables\\DataTableAbstract->filterRecords()
#15 /home/rgusomuk/admin.posbillingwala.com/vendor/yajra/laravel-datatables-oracle/src/QueryDataTable.php(99): Yajra\\DataTables\\QueryDataTable->prepareQuery()
#16 /home/rgusomuk/admin.posbillingwala.com/app/Http/Controllers/CustomerController.php(23): Yajra\\DataTables\\QueryDataTable->make(true)
#17 /home/rgusomuk/admin.posbillingwala.com/vendor/laravel/framework/src/Illuminate/Routing/Controller.php(54): App\\Http\\Controllers\\CustomerController->getAllCustomers(Object(Illuminate\\Http\\Request))
#18 /home/rgusomuk/admin.posbillingwala.com/vendor/laravel/framework/src/Illuminate/Routing/ControllerDispatcher.php(43): Illuminate\\Routing\\Controller->callAction('getAllCustomers', Array)
#19 /home/rgusomuk/admin.posbillingwala.com/vendor/laravel/framework/src/Illuminate/Routing/Route.php(259): Illuminate\\Routing\\ControllerDispatcher->dispatch(Object(Illuminate\\Routing\\Route), Object(App\\Http\\Controllers\\CustomerController), 'getAllCustomers')
#20 /home/rgusomuk/admin.posbillingwala.com/vendor/laravel/framework/src/Illuminate/Routing/Route.php(205): Illuminate\\Routing\\Route->runController()
#21 /home/rgusomuk/admin.posbillingwala.com/vendor/laravel/framework/src/Illuminate/Routing/Router.php(798): Illuminate\\Routing\\Route->run()
#22 /home/rgusomuk/admin.posbillingwala.com/vendor/laravel/framework/src/Illuminate/Pipeline/Pipeline.php(141): Illuminate\\Routing\\Router->{closure:Illuminate\\Routing\\Router::runRouteWithinStack():797}(Object(Illuminate\\Http\\Request))
#23 /home/rgusomuk/admin.posbillingwala.com/vendor/laravel/framework/src/Illuminate/Routing/Middleware/SubstituteBindings.php(50): Illuminate\\Pipeline\\Pipeline->{closure:Illuminate\\Pipeline\\Pipeline::prepareDestination():139}(Object(Illuminate\\Http\\Request))
#24 /home/rgusomuk/admin.posbillingwala.com/vendor/laravel/framework/src/Illuminate/Pipeline/Pipeline.php(180): Illuminate\\Routing\\Middleware\\SubstituteBindings->handle(Object(Illuminate\\Http\\Request), Object(Closure))
#25 /home/rgusomuk/admin.posbillingwala.com/vendor/laravel/framework/src/Illuminate/Auth/Middleware/Authenticate.php(44): Illuminate\\Pipeline\\Pipeline->{closure:{closure:Illuminate\\Pipeline\\Pipeline::carry():155}:156}(Object(Illuminate\\Http\\Request))
#26 /home/rgusomuk/admin.posbillingwala.com/vendor/laravel/framework/src/Illuminate/Pipeline/Pipeline.php(180): Illuminate\\Auth\\Middleware\\Authenticate->handle(Object(Illuminate\\Http\\Request), Object(Closure))
#27 /home/rgusomuk/admin.posbillingwala.com/vendor/laravel/framework/src/Illuminate/Foundation/Http/Middleware/VerifyCsrfToken.php(78): Illuminate\\Pipeline\\Pipeline->{closure:{closure:Illuminate\\Pipeline\\Pipeline::carry():155}:156}(Object(Illuminate\\Http\\Request))
#28 /home/rgusomuk/admin.posbillingwala.com/vendor/laravel/framework/src/Illuminate/Pipeline/Pipeline.php(180): Illuminate\\Foundation\\Http\\Middleware\\VerifyCsrfToken->handle(Object(Illuminate\\Http\\Request), Object(Closure))
#29 /home/rgusomuk/admin.posbillingwala.com/vendor/laravel/framework/src/Illuminate/View/Middleware/ShareErrorsFromSession.php(49): Illuminate\\Pipeline\\Pipeline->{closure:{closure:Illuminate\\Pipeline\\Pipeline::carry():155}:156}(Object(Illuminate\\Http\\Request))
#30 /home/rgusomuk/admin.posbillingwala.com/vendor/laravel/framework/src/Illuminate/Pipeline/Pipeline.php(180): Illuminate\\View\\Middleware\\ShareErrorsFromSession->handle(Object(Illuminate\\Http\\Request), Object(Closure))
#31 /home/rgusomuk/admin.posbillingwala.com/vendor/laravel/framework/src/Illuminate/Session/Middleware/StartSession.php(121): Illuminate\\Pipeline\\Pipeline->{closure:{closure:Illuminate\\Pipeline\\Pipeline::carry():155}:156}(Object(Illuminate\\Http\\Request))
#32 /home/rgusomuk/admin.posbillingwala.com/vendor/laravel/framework/src/Illuminate/Session/Middleware/StartSession.php(64): Illuminate\\Session\\Middleware\\StartSession->handleStatefulRequest(Object(Illuminate\\Http\\Request), Object(Illuminate\\Session\\Store), Object(Closure))
#33 /home/rgusomuk/admin.posbillingwala.com/vendor/laravel/framework/src/Illuminate/Pipeline/Pipeline.php(180): Illuminate\\Session\\Middleware\\StartSession->handle(Object(Illuminate\\Http\\Request), Object(Closure))
#34 /home/rgusomuk/admin.posbillingwala.com/vendor/laravel/framework/src/Illuminate/Cookie/Middleware/AddQueuedCookiesToResponse.php(37): Illuminate\\Pipeline\\Pipeline->{closure:{closure:Illuminate\\Pipeline\\Pipeline::carry():155}:156}(Object(Illuminate\\Http\\Request))
#35 /home/rgusomuk/admin.posbillingwala.com/vendor/laravel/framework/src/Illuminate/Pipeline/Pipeline.php(180): Illuminate\\Cookie\\Middleware\\AddQueuedCookiesToResponse->handle(Object(Illuminate\\Http\\Request), Object(Closure))
#36 /home/rgusomuk/admin.posbillingwala.com/vendor/laravel/framework/src/Illuminate/Cookie/Middleware/EncryptCookies.php(67): Illuminate\\Pipeline\\Pipeline->{closure:{closure:Illuminate\\Pipeline\\Pipeline::carry():155}:156}(Object(Illuminate\\Http\\Request))
#37 /home/rgusomuk/admin.posbillingwala.com/vendor/laravel/framework/src/Illuminate/Pipeline/Pipeline.php(180): Illuminate\\Cookie\\Middleware\\EncryptCookies->handle(Object(Illuminate\\Http\\Request), Object(Closure))
#38 /home/rgusomuk/admin.posbillingwala.com/vendor/laravel/framework/src/Illuminate/Pipeline/Pipeline.php(116): Illuminate\\Pipeline\\Pipeline->{closure:{closure:Illuminate\\Pipeline\\Pipeline::carry():155}:156}(Object(Illuminate\\Http\\Request))
#39 /home/rgusomuk/admin.posbillingwala.com/vendor/laravel/framework/src/Illuminate/Routing/Router.php(797): Illuminate\\Pipeline\\Pipeline->then(Object(Closure))
#40 /home/rgusomuk/admin.posbillingwala.com/vendor/laravel/framework/src/Illuminate/Routing/Router.php(776): Illuminate\\Routing\\Router->runRouteWithinStack(Object(Illuminate\\Routing\\Route), Object(Illuminate\\Http\\Request))
#41 /home/rgusomuk/admin.posbillingwala.com/vendor/laravel/framework/src/Illuminate/Routing/Router.php(740): Illuminate\\Routing\\Router->runRoute(Object(Illuminate\\Http\\Request), Object(Illuminate\\Routing\\Route))
#42 /home/rgusomuk/admin.posbillingwala.com/vendor/laravel/framework/src/Illuminate/Routing/Router.php(729): Illuminate\\Routing\\Router->dispatchToRoute(Object(Illuminate\\Http\\Request))
#43 /home/rgusomuk/admin.posbillingwala.com/vendor/laravel/framework/src/Illuminate/Foundation/Http/Kernel.php(190): Illuminate\\Routing\\Router->dispatch(Object(Illuminate\\Http\\Request))
#44 /home/rgusomuk/admin.posbillingwala.com/vendor/laravel/framework/src/Illuminate/Pipeline/Pipeline.php(141): Illuminate\\Foundation\\Http\\Kernel->{closure:Illuminate\\Foundation\\Http\\Kernel::dispatchToRouter():187}(Object(Illuminate\\Http\\Request))
#45 /home/rgusomuk/admin.posbillingwala.com/vendor/laravel/framework/src/Illuminate/Foundation/Http/Middleware/TransformsRequest.php(21): Illuminate\\Pipeline\\Pipeline->{closure:Illuminate\\Pipeline\\Pipeline::prepareDestination():139}(Object(Illuminate\\Http\\Request))
#46 /home/rgusomuk/admin.posbillingwala.com/vendor/laravel/framework/src/Illuminate/Foundation/Http/Middleware/ConvertEmptyStringsToNull.php(31): Illuminate\\Foundation\\Http\\Middleware\\TransformsRequest->handle(Object(Illuminate\\Http\\Request), Object(Closure))
#47 /home/rgusomuk/admin.posbillingwala.com/vendor/laravel/framework/src/Illuminate/Pipeline/Pipeline.php(180): Illuminate\\Foundation\\Http\\Middleware\\ConvertEmptyStringsToNull->handle(Object(Illuminate\\Http\\Request), Object(Closure))
#48 /home/rgusomuk/admin.posbillingwala.com/vendor/laravel/framework/src/Illuminate/Foundation/Http/Middleware/TransformsRequest.php(21): Illuminate\\Pipeline\\Pipeline->{closure:{closure:Illuminate\\Pipeline\\Pipeline::carry():155}:156}(Object(Illuminate\\Http\\Request))
#49 /home/rgusomuk/admin.posbillingwala.com/vendor/laravel/framework/src/Illuminate/Foundation/Http/Middleware/TrimStrings.php(40): Illuminate\\Foundation\\Http\\Middleware\\TransformsRequest->handle(Object(Illuminate\\Http\\Request), Object(Closure))
#50 /home/rgusomuk/admin.posbillingwala.com/vendor/laravel/framework/src/Illuminate/Pipeline/Pipeline.php(180): Illuminate\\Foundation\\Http\\Middleware\\TrimStrings->handle(Object(Illuminate\\Http\\Request), Object(Closure))
#51 /home/rgusomuk/admin.posbillingwala.com/vendor/laravel/framework/src/Illuminate/Foundation/Http/Middleware/ValidatePostSize.php(27): Illuminate\\Pipeline\\Pipeline->{closure:{closure:Illuminate\\Pipeline\\Pipeline::carry():155}:156}(Object(Illuminate\\Http\\Request))
#52 /home/rgusomuk/admin.posbillingwala.com/vendor/laravel/framework/src/Illuminate/Pipeline/Pipeline.php(180): Illuminate\\Foundation\\Http\\Middleware\\ValidatePostSize->handle(Object(Illuminate\\Http\\Request), Object(Closure))
#53 /home/rgusomuk/admin.posbillingwala.com/vendor/laravel/framework/src/Illuminate/Foundation/Http/Middleware/PreventRequestsDuringMaintenance.php(86): Illuminate\\Pipeline\\Pipeline->{closure:{closure:Illuminate\\Pipeline\\Pipeline::carry():155}:156}(Object(Illuminate\\Http\\Request))
#54 /home/rgusomuk/admin.posbillingwala.com/vendor/laravel/framework/src/Illuminate/Pipeline/Pipeline.php(180): Illuminate\\Foundation\\Http\\Middleware\\PreventRequestsDuringMaintenance->handle(Object(Illuminate\\Http\\Request), Object(Closure))
#55 /home/rgusomuk/admin.posbillingwala.com/vendor/laravel/framework/src/Illuminate/Http/Middleware/HandleCors.php(49): Illuminate\\Pipeline\\Pipeline->{closure:{closure:Illuminate\\Pipeline\\Pipeline::carry():155}:156}(Object(Illuminate\\Http\\Request))
#56 /home/rgusomuk/admin.posbillingwala.com/vendor/laravel/framework/src/Illuminate/Pipeline/Pipeline.php(180): Illuminate\\Http\\Middleware\\HandleCors->handle(Object(Illuminate\\Http\\Request), Object(Closure))
#57 /home/rgusomuk/admin.posbillingwala.com/vendor/laravel/framework/src/Illuminate/Http/Middleware/TrustProxies.php(39): Illuminate\\Pipeline\\Pipeline->{closure:{closure:Illuminate\\Pipeline\\Pipeline::carry():155}:156}(Object(Illuminate\\Http\\Request))
#58 /home/rgusomuk/admin.posbillingwala.com/vendor/laravel/framework/src/Illuminate/Pipeline/Pipeline.php(180): Illuminate\\Http\\Middleware\\TrustProxies->handle(Object(Illuminate\\Http\\Request), Object(Closure))
#59 /home/rgusomuk/admin.posbillingwala.com/vendor/laravel/framework/src/Illuminate/Pipeline/Pipeline.php(116): Illuminate\\Pipeline\\Pipeline->{closure:{closure:Illuminate\\Pipeline\\Pipeline::carry():155}:156}(Object(Illuminate\\Http\\Request))
#60 /home/rgusomuk/admin.posbillingwala.com/vendor/laravel/framework/src/Illuminate/Foundation/Http/Kernel.php(165): Illuminate\\Pipeline\\Pipeline->then(Object(Closure))
#61 /home/rgusomuk/admin.posbillingwala.com/vendor/laravel/framework/src/Illuminate/Foundation/Http/Kernel.php(134): Illuminate\\Foundation\\Http\\Kernel->sendRequestThroughRouter(Object(Illuminate\\Http\\Request))
#62 /home/rgusomuk/admin.posbillingwala.com/public/index.php(51): Illuminate\\Foundation\\Http\\Kernel->handle(Object(Illuminate\\Http\\Request))
#63 /home/rgusomuk/admin.posbillingwala.com/index.php(21): require_once('/home/rgusomuk/...')
#64 {main}
"} 
